Date	Query	IsImplicitIntent	State	Country	PopularityScore
2020-06-01	azfamily news	True	Arizona	United States	12
2020-06-01	gazzetta ufficiale	True	Piedmont	Italy	8
2020-06-01	coronavirus trend in new york	False	New York	United States	1
2020-06-01	american dental association coronavirus	False	Michigan	United States	1
2020-06-01	second stimulus check	True	Utah	United States	5
2020-06-01	mbs online	True	Victoria	Australia	22
2020-06-01	ontario covid 19 update today	False	Ontario	Canada	2
2020-06-01	spain coronavirus update	False	West Midlands	United Kingdom	2
2020-06-01	stimulus check second round	True	Idaho	United States	3
2020-06-01	covid sd	False	South Dakota	United States	13
2020-06-01	coronavirus in california	False	California	United States	1
2020-06-01	マスク	True	Shiga	Japan	23
2020-06-01	coronavirus statistics	False	Colorado	United States	10
2020-06-01	ccl stock	True	Florida	United States	4
2020-06-01	halfords	True	Middlesbrough	United Kingdom	21
2020-06-01	pets at home	True	Merseyside	United Kingdom	13
2020-06-01	student finance login	True	Gloucestershire	United Kingdom	3
2020-06-01	azdhs coronavirus	False	Arizona	United States	3
2020-06-01	coronavirus tracker	False	New York	United States	3
2020-06-01	reproduktionszahl	True	Hesse	Germany	2
2020-06-01	uk death toll today	True	London	United Kingdom	2
2020-06-01	smyths toys uk	True	Nottingham City	United Kingdom	5
2020-06-01	tagesschau	True	Hamburg	Germany	100
2020-06-01	condor flüge	True	Bavaria	Germany	2
2020-06-01	ontario covid 19 update	False	Ontario	Canada	100
2020-06-01	second stimulus package 2020	True	Idaho	United States	5
2020-06-01	covid 19 update	False	South Dakota	United States	34
2020-06-01	coronavirus hawaii	False	California	United States	1
2020-06-01	coronavirus numbers	False	Colorado	United States	1
2020-06-01	2nd stimulus package 2020	True	Michigan	United States	3
2020-06-01	coronavirus dans le monde	False	Occitanie	France	1
2020-06-01	covid 19 update	False	Nairobi Area	Kenya	1
2020-06-01	hmrc login	True	Middlesbrough	United Kingdom	13
2020-06-01	stagecoach bus timetables	True	Gloucestershire	United Kingdom	2
2020-06-01	az covid cases	False	Arizona	United States	3
2020-06-01	coronavirus tips	False	New York	United States	1
2020-06-01	john hopkins coronavirus map	False	Victoria	Australia	13
2020-06-01	opodo	True	Hesse	Germany	3
2020-06-01	uk covid deaths today	False	London	United Kingdom	1
2020-06-01	covid19.el.go.kr	False	Gyeonggi	Korea (South)	1
2020-06-01	1177	True	Vastra Gotaland County	Sweden	30
2020-06-01	infonavit mi cuenta	True	Zacatecas	Mexico	1
2020-06-01	コロナウイルス	False	Shiga	Japan	23
2020-06-01	covid 19 south dakota	False	South Dakota	United States	20
2020-06-01	coronavirus florida	False	California	United States	1
2020-06-01	coronavirus map	False	Colorado	United States	13
2020-06-01	ontario covid 19 test results	False	Ontario	Canada	1
2020-06-01	second stimulus check	True	Idaho	United States	12
2020-06-01	p&o cruises	True	Merseyside	United Kingdom	2
2020-06-01	smyths toys uk	True	Gloucestershire	United Kingdom	3
2020-06-01	jet2holidays	True	Middlesbrough	United Kingdom	25
2020-06-01	az covid 19 update	False	Arizona	United States	4
2020-06-01	coronavirus symptoms	False	New York	United States	1
2020-06-01	covid 19 france	False	Provence-Alpes-Cote D'azur	France	1
2020-06-01	coronavirus	False	Shandong	China	65
2020-06-01	nzz	True	Hesse	Germany	6
2020-06-01	coronavirus españa	False	Andalusia	Spain	3
2020-06-01	uk covid deaths	False	London	United Kingdom	1
2020-06-01	고용보험홈페이지	True	Busan Gwangyeoksi	Korea (South)	30
2020-06-01	covid 19 sd	False	South Dakota	United States	2
2020-06-01	2nd stimulus check	True	Michigan	United States	3
2020-06-01	coronavirus face mask for sale	False	California	United States	5
2020-06-01	coronavirus losing potency	False	Colorado	United States	29
2020-06-01	jobseeker payment	True	Victoria	Australia	5
2020-06-01	ontario covid 19 numbers	False	Ontario	Canada	1
2020-06-01	sba disaster loans	True	Idaho	United States	1
2020-06-01	smyths	True	Gloucestershire	United Kingdom	1
2020-06-01	az covid 19	False	Arizona	United States	2
2020-06-01	morrisons	True	Middlesbrough	United Kingdom	30
2020-06-01	coronavirus stats	False	New York	United States	1
2020-06-01	slimming world	True	Nottingham City	United Kingdom	8
2020-06-01	コロナ	True	Shiga	Japan	82
2020-06-01	dichiarazione coronavirus	False	Lombardy	Italy	1
2020-06-01	autocertificazione	True	Lombardy	Italy	3
2020-06-01	covid 19 map	False	South Dakota	United States	12
2020-06-01	ntv livestream	True	Hesse	Germany	2
2020-06-01	uk covid 19 deaths	False	London	United Kingdom	1
2020-06-01	coronavirus deaths	False	California	United States	2
2020-06-01	ocado	True	Merseyside	United Kingdom	10
2020-06-01	coronavirus in colorado	False	Colorado	United States	2
2020-06-01	coronavirus tracker	False	New South Wales	Australia	4
2020-06-01	covid19.ei.or.kr	False	Gyeonggi	Korea (South)	1
2020-06-01	slimming world	True	Gloucestershire	United Kingdom	6
2020-06-01	ontario covid 19 cases	False	Ontario	Canada	2
2020-06-01	az covid	False	Arizona	United States	3
2020-06-01	coronavirus statistics in united states	False	New York	United States	1
2020-06-01	pets at home	True	Middlesbrough	United Kingdom	1
2020-06-01	sam's club	True	Idaho	United States	6
2020-06-01	yakima health district covid 19	False	Washington	United States	1
2020-06-01	ccl stock	True	Alabama	United States	1
2020-06-01	covid 19	False	South Dakota	United States	7
2020-06-01	poste italiane	True	Emilia-Romagna	Italy	100
2020-06-01	coronavirus death toll	False	California	United States	1
2020-06-01	ndr	True	Hesse	Germany	9
2020-06-01	uk coronavirus update uk	False	London	United Kingdom	1
2020-06-01	coronavirus deaths	False	Colorado	United States	1
2020-06-01	고용보험	True	Daegu	Korea (South)	97
2020-06-01	health.gov.au	True	Victoria	Australia	5
2020-06-01	corona virus	False	Emilia-Romagna	Italy	3
2020-06-01	screwfix	True	Gloucestershire	United Kingdom	100
2020-06-01	az coronavirus update	False	Arizona	United States	11
2020-06-01	public health wales	True	Isle Of Anglesey	United Kingdom	1
2020-06-01	coronavirus statistics in new york	False	New York	United States	1
2020-06-01	ontario covid 19	False	Ontario	Canada	10
2020-06-01	sainsburys groceries	True	Middlesbrough	United Kingdom	17
2020-06-01	russia covid 19 drug rollout	False	Idaho	United States	38
2020-06-01	self employed income support scheme	True	Nottingham City	United Kingdom	5
2020-06-01	covid	False	South Dakota	United States	4
2020-06-01	coronavirus dashboard	False	California	United States	1
2020-06-01	nhs employers	True	Merseyside	United Kingdom	5
2020-06-01	coronavirus colorado	False	Colorado	United States	20
2020-06-01	nachrichten aktuell	True	Hesse	Germany	15
2020-06-01	boris johnson	True	West Midlands	United Kingdom	4
2020-06-01	hln nieuws	True	Brussels Region	Belgium	24
2020-06-01	uk coronavirus update	False	London	United Kingdom	4
2020-06-01	bilan coronavirus france	False	Provence-Alpes-Cote D'azur	France	1
2020-06-01	sainsburys groceries	True	Gloucestershire	United Kingdom	35
2020-06-01	az coronavirus	False	Arizona	United States	16
2020-06-01	coronavirus statistics	False	New York	United States	4
2020-06-01	yakima health district	True	Washington	United States	6
2020-06-01	specsavers	True	West Midlands	United Kingdom	5
2020-06-01	ontario covid	False	Ontario	Canada	19
2020-06-01	screwfix	True	Middlesbrough	United Kingdom	92
2020-06-01	riots	True	Idaho	United States	10
2020-06-01	coronavirus updates	False	South Dakota	United States	15
2020-06-01	coronavirus count	False	California	United States	1
2020-06-01	coronavirus cases in colorado	False	Colorado	United States	3
2020-06-01	government stimulus package 2020	True	Victoria	Australia	3
2020-06-01	covid19.ei.kr	False	Gyeonggi	Korea (South)	1
2020-06-01	ndr	True	Saxony	Germany	2
2020-06-01	nachrichten	True	Hesse	Germany	59
2020-06-01	uk coronavirus deaths today	False	London	United Kingdom	1
2020-06-01	worldometers coronavirus	False	Quebec	Canada	7
2020-06-01	sainsburys	True	Gloucestershire	United Kingdom	20
2020-06-01	at&t	True	Arizona	United States	19
2020-06-01	coronavirus nyc update	False	New York	United States	1
2020-06-01	worldometer coronavirus	False	Illinois	United States	6
2020-06-01	nhs discounts	True	Merseyside	United Kingdom	2
2020-06-01	sfr tv	True	Occitanie	France	1
2020-06-01	ontario coronavirus update	False	Ontario	Canada	9
2020-06-01	tesco home delivery	True	Middlesbrough	United Kingdom	9
2020-06-01	coronavirus update	False	South Dakota	United States	75
2020-06-01	coronavirus cases california	False	California	United States	1
2020-06-01	coronavirus cases	False	Colorado	United States	2
2020-06-01	panhandle health district coronavirus	False	Idaho	United States	3
2020-06-01	yakima covid	False	Washington	United States	1
2020-06-01	corona virus	False	Bavaria	Germany	3
2020-06-01	n95 masks for coronavirus sale	False	Hesse	Germany	3
2020-06-01	stimulus check tracker	True	Ohio	United States	7
2020-06-01	rspb	True	Gloucestershire	United Kingdom	2
2020-06-01	uk coronavirus deaths	False	London	United Kingdom	2
2020-06-01	arizona pandemic unemployment	True	Arizona	United States	3
2020-06-01	coronavirus nyc	False	New York	United States	4
2020-06-01	golf australia	True	Victoria	Australia	5
2020-06-01	covid	False	Baja California	Mexico	1
2020-06-01	furlough scheme uk	True	West Midlands	United Kingdom	4
2020-06-01	wilko	True	York	United Kingdom	18
2020-06-01	coronavirus south dakota	False	South Dakota	United States	18
2020-06-01	the range	True	Middlesbrough	United Kingdom	46
2020-06-01	coronavirus cases by state	False	California	United States	1
2020-06-01	coronavirus by state	False	Colorado	United States	1
2020-06-01	crocs for healthcare workers	True	Mississippi	United States	3
2020-06-01	worldometer	True	Illinois	United States	2
2020-06-01	ontario coronavirus cases	False	Ontario	Canada	1
2020-06-01	phonics play	True	Gloucestershire	United Kingdom	5
2020-06-01	oregon coronavirus	False	Idaho	United States	5
2020-06-01	argentina coronavirus	False	City Of Buenos Aires	Argentina	2
2020-06-01	arizona health department coronavirus	False	Arizona	United States	2
2020-06-01	nationwide building society	True	Merseyside	United Kingdom	15
2020-06-01	coronavirus ny	False	New York	United States	2
2020-06-01	self employed grant	True	Nottingham City	United Kingdom	2
2020-06-01	n95 mask for coronavirus for sale	False	Hesse	Germany	5
2020-06-01	wickes	True	York	United Kingdom	15
2020-06-01	yakima county health district	True	Washington	United States	3
2020-06-01	coronavirus map	False	South Dakota	United States	7
2020-06-01	coronavirus cases	False	California	United States	1
2020-06-01	tui	True	Middlesbrough	United Kingdom	9
2020-06-01	coronavirus	False	Colorado	United States	31
2020-06-01	uk coronavirus cases	False	London	United Kingdom	1
2020-06-01	coronavirus en el mundo	False	Andalusia	Spain	1
2020-06-01	pets at home	True	Gloucestershire	United Kingdom	15
2020-06-01	고용보험	True	Busan Gwangyeoksi	Korea (South)	100
2020-06-01	arizona covid update	False	Arizona	United States	5
2020-06-01	george floyd	True	Victoria	Australia	2
2020-06-01	second stimulus check	True	Rhode Island	United States	7
2020-06-01	coronavirus numbers	False	New York	United States	1
2020-06-01	coronavirus symptoms	False	New South Wales	Australia	4
2020-06-01	ontario coronavirus	False	Ontario	Canada	10
2020-06-01	kootenai county	True	Idaho	United States	9
2020-06-01	virtual college	True	York	United Kingdom	1
2020-06-01	coronavirus losing potency	False	South Dakota	United States	27
2020-06-01	sam's club	True	Utah	United States	23
2020-06-01	coronavirus california update	False	California	United States	1
2020-06-01	corona virus update	False	Colorado	United States	5
2020-06-01	universal credit	True	Middlesbrough	United Kingdom	17
2020-06-01	italie	True	Grand Est	France	1
2020-06-01	wisconsin covid cases	False	Illinois	United States	1
2020-06-01	ocado	True	Gloucestershire	United Kingdom	6
2020-06-01	arizona covid numbers	False	Arizona	United States	2
2020-06-01	minijob-zentrale	True	Hesse	Germany	2
2020-06-01	coronavirus news	False	New York	United States	1
2020-06-01	uk coronavirus	False	London	United Kingdom	3
2020-06-01	national trust	True	Merseyside	United Kingdom	8
2020-06-01	covid19.ei.go.kr/	False	Gyeonggi	Korea (South)	1
2020-06-01	cares act 2020	True	Alabama	United States	2
2020-06-01	coronavirus statistics in united states	False	Missouri	United States	1
2020-06-01	universal credit	True	York	United Kingdom	5
2020-06-01	coronavirus cases in south dakota	False	South Dakota	United States	1
2020-06-01	coronavirus california	False	California	United States	8
2020-06-01	yakima county covid 19 cases	False	Washington	United States	1
2020-06-01	corona virus statistics	False	Colorado	United States	1
2020-06-01	odsp	True	Ontario	Canada	6
2020-06-01	wickes	True	Middlesbrough	United Kingdom	25
2020-06-01	johns hopkins coronavirus dashboard	False	Idaho	United States	8
2020-06-01	nationwide building society	True	Gloucestershire	United Kingdom	4
2020-06-01	arizona covid cases	False	Arizona	United States	3
2020-06-01	coronavirus new york update	False	New York	United States	1
2020-06-01	cares act provider relief fund	True	Florida	United States	1
2020-06-01	jyllandsposten	True	South Denmark	Denmark	1
2020-06-01	free childcare	True	Victoria	Australia	3
2020-06-01	mein schiff	True	Hesse	Germany	1
2020-06-01	tui refunds	True	London	United Kingdom	1
2020-06-01	screwfix	True	Nottingham City	United Kingdom	100
2020-06-01	tui holidays	True	York	United Kingdom	8
2020-06-01	coronavirus	False	South Dakota	United States	31
2020-06-01	coronavirus by state	False	California	United States	1
2020-06-01	corona virus map	False	Colorado	United States	2
2020-06-01	lab 24 coronavirus	False	Lombardy	Italy	1
2020-06-01	wisconsin coronavirus	False	Illinois	United States	1
2020-06-01	mot check	True	Merseyside	United Kingdom	6
2020-06-01	wilko	True	Middlesbrough	United Kingdom	21
2020-06-01	national trust	True	Gloucestershire	United Kingdom	8
2020-06-01	arizona covid 19 cases	False	Arizona	United States	3
2020-06-01	coronavirus new york	False	New York	United States	1
2020-06-01	mnp	True	Provincia De Guantanamo	Cuba	1
2020-06-01	マスク	True	Nara	Japan	27
2020-06-01	yakima county coronavirus update	False	Washington	United States	1
2020-06-01	north york general hospital	True	Ontario	Canada	3
2020-06-01	b&q diy store	True	Cornwall	United Kingdom	5
2020-06-01	the range	True	York	United Kingdom	27
2020-06-01	john hopkins coronavirus map	False	Idaho	United States	7
2020-06-01	cdc coronavirus update	False	South Dakota	United States	23
2020-06-01	coronavirus by country	False	California	United States	1
2020-06-01	corona virus	False	Colorado	United States	3
2020-06-01	covid19.ei.go.kr)	False	Gyeonggi	Korea (South)	1
2020-06-01	bartolini	True	Liguria	Italy	5
2020-06-01	coronavirus brésil	False	Occitanie	France	1
2020-06-01	national holidays	True	Gloucestershire	United Kingdom	3
2020-06-01	hzz	True	Primorsko-Goranska	Croatia	1
2020-06-01	arizona covid 19	False	Arizona	United States	4
2020-06-01	coronavirus masks sale	False	New York	United States	1
2020-06-01	sintomas covid 19	False	Minas Gerais	Brazil	4
2020-06-01	masks for sale covid 19	False	Hesse	Germany	2
2020-06-01	tui holidays 2020	True	London	United Kingdom	1
2020-06-01	tesco home delivery	True	York	United Kingdom	18
2020-06-01	foxtel	True	Victoria	Australia	56
2020-06-01	impots.gouv.fr	True	Nouvelle-Aquitaine	France	100
2020-06-01	bing covid tracker	False	South Dakota	United States	5
2020-06-01	b&q diy store	True	Bristol	United Kingdom	17
2020-06-01	coronavirus	False	California	United States	31
2020-06-01	colorado stay at home order	True	Colorado	United States	3
2020-06-01	will there be another stimulus check	True	Illinois	United States	1
2020-06-01	morrisons	True	Merseyside	United Kingdom	21
2020-06-01	new covid cases in ontario today	False	Ontario	Canada	2
2020-06-01	mot check	True	Gloucestershire	United Kingdom	12
2020-06-01	arizona covid	False	Arizona	United States	6
2020-06-01	koronawirus	False	Swietokrzyskie	Poland	1
2020-06-01	coronavirus masks for sale	False	New York	United States	2
2020-06-01	ministério da saúde coronavírus	False	Minas Gerais	Brazil	7
2020-06-01	irs stimulus check tracking	True	Idaho	United States	5
2020-06-01	student finance	True	York	United Kingdom	3
2020-06-01	worldometer coronavirus	False	Quebec	Canada	7
2020-06-01	at&t	True	South Dakota	United States	10
2020-06-01	student finance	True	West Midlands	United Kingdom	6
2020-06-01	logo nachrichten	True	Hesse	Germany	1
2020-06-01	corona virus updates	False	California	United States	1
2020-06-01	tui holidays	True	London	United Kingdom	5
2020-06-01	colorado safer at home order	True	Colorado	United States	13
2020-06-01	yakima county coronavirus	False	Washington	United States	1
2020-06-01	sainsburys groceries	True	Nottingham City	United Kingdom	80
2020-06-01	morrisons	True	Gloucestershire	United Kingdom	30
2020-06-01	coronavirus andalucía	False	Andalusia	Spain	1
2020-06-01	arizona coronavirus update	False	Arizona	United States	35
2020-06-01	coronavirus map	False	New York	United States	3
2020-06-01	koronawirus w polsce	True	Swietokrzyskie	Poland	3
2020-06-01	ministerio da saude	True	Minas Gerais	Brazil	10
2020-06-01	flight centre	True	Victoria	Australia	30
2020-06-01	screwfix	True	York	United Kingdom	100
2020-06-01	2nd stimulus package 2020	True	South Dakota	United States	15
2020-06-01	covid19.ei.go.kr	False	Gyeonggi	Korea (South)	27
2020-06-01	corona virus update	False	California	United States	7
2020-06-01	new covid 19 cases in ontario	False	Ontario	Canada	1
2020-06-01	irs stimulus check	True	Idaho	United States	7
2020-06-01	colorado news	True	Colorado	United States	10
2020-06-01	face shields	True	Alabama	United States	2
2020-06-01	whitmer	True	Illinois	United States	1
2020-06-01	lidl reisen	True	Hesse	Germany	2
2020-06-01	loveholidays	True	Gloucestershire	United Kingdom	2
2020-06-01	arizona coronavirus cases	False	Arizona	United States	3
2020-06-01	stimulus check second round	True	Ohio	United States	7
2020-06-01	coronavirus losing potency	False	New York	United States	18
2020-06-01	fgts	True	Minas Gerais	Brazil	100
2020-06-01	zus	True	Swietokrzyskie	Poland	100
2020-06-01	tui coronavirus update	False	London	United Kingdom	1
2020-06-01	scarborough news	True	York	United Kingdom	5
2020-06-01	wickes	True	Poole	United Kingdom	39
2020-06-01	corona virus tracker	False	California	United States	1
2020-06-01	matalan uk	True	Merseyside	United Kingdom	4
2020-06-01	colorado governor coronavirus	False	Colorado	United States	1
2020-06-01	coronavirus	False	Bavaria	Germany	23
2020-06-01	russia covid 19 drug rollout	False	Rhode Island	United States	38
2020-06-01	yakima coronavirus	False	Washington	United States	1
2020-06-01	www.ei.go.kr	True	Busan Gwangyeoksi	Korea (South)	10
2020-06-01	dhhs coronavirus	False	Victoria	Australia	30
2020-06-01	love holidays	True	Gloucestershire	United Kingdom	3
2020-06-01	arizona coronavirus	False	Arizona	United States	19
2020-06-01	coronavirus italy	False	New York	United States	1
2020-06-01	new brunswick coronavirus update	False	Ontario	Canada	3
2020-06-01	esus ve	True	Minas Gerais	Brazil	1
2020-06-01	irs get my payment	True	Idaho	United States	4
2020-06-01	coronavirus stats	False	New South Wales	Australia	4
2020-06-01	sainsburys groceries	True	York	United Kingdom	32
2020-06-01	travis perkins	True	Poole	United Kingdom	15
2020-06-01	corona virus testing nearby	False	California	United States	1
2020-06-01	colorado governor	True	Colorado	United States	2
2020-06-01	white house press conference	True	Illinois	United States	1
2020-06-01	kn95 masks coronavirus	False	Hesse	Germany	3
2020-06-01	tui	True	London	United Kingdom	12
2020-06-01	mississippi coronavirus	False	Mississippi	United States	36
2020-06-01	lloyds business banking	True	Gloucestershire	United Kingdom	9
2020-06-01	martin lewis money saving expert	True	Merseyside	United Kingdom	10
2020-06-01	are we getting another stimulus check	True	Arizona	United States	2
2020-06-01	1177	True	Gavleborg County	Sweden	28
2020-06-01	coronavirus in ny	False	New York	United States	1
2020-06-01	covid19	False	Minas Gerais	Brazil	10
2020-06-01	coronavirus statistics	False	Telangana	India	12
2020-06-01	russia covid 19 drug rollout	False	Utah	United States	48
2020-06-01	sainsburys	True	York	United Kingdom	5
2020-06-01	the range	True	Poole	United Kingdom	20
2020-06-01	www.coronavirus.wa.gov	False	Washington	United States	1
2020-06-01	corona virus stats	False	California	United States	1
2020-06-01	colorado department of health coronavirus	False	Colorado	United States	1
2020-06-01	mdhhs coronavirus	False	Michigan	United States	2
2020-06-01	ministry of health ontario	True	Ontario	Canada	6
2020-06-01	idaho unemployment claimant portal	True	Idaho	United States	52
2020-06-01	jet2holidays	True	Gloucestershire	United Kingdom	4
2020-06-01	daniel andrews	True	Victoria	Australia	21
2020-06-01	adhs coronavirus	False	Arizona	United States	2
2020-06-01	coronavirus in haiti	False	New York	United States	1
2020-06-01	italy coronavirus	False	Michigan	United States	1
2020-06-01	covid brasil	False	Minas Gerais	Brazil	13
2020-06-01	aftonbladet senaste nytt	True	Gavleborg County	Sweden	34
2020-06-01	kieser training	True	Hesse	Germany	1
2020-06-01	tsb bank	True	London	United Kingdom	1
2020-06-01	morrisons	True	York	United Kingdom	37
2020-06-01	sainsburys	True	Nottingham City	United Kingdom	36
2020-06-01	tesco home delivery	True	Poole	United Kingdom	10
2020-06-01	corona virus statistics	False	California	United States	1
2020-06-01	didattica a distanza	True	Lombardy	Italy	1
2020-06-01	colorado covid19 update	False	Colorado	United States	7
2020-06-01	white house briefing	True	Illinois	United States	1
2020-06-01	world o meter coronavirus	False	Quebec	Canada	1
2020-06-01	home bargains	True	Gloucestershire	United Kingdom	7
2020-06-01	lv car insurance	True	Merseyside	United Kingdom	1
2020-06-01	2nd stimulus package 2020	True	Arizona	United States	4
2020-06-01	middlesex london health unit ontario	True	Ontario	Canada	4
2020-06-01	coronavirus florida	False	New York	United States	1
2020-06-01	covid 19	False	Minas Gerais	Brazil	94
2020-06-01	idaho covid cases	False	Idaho	United States	5
2020-06-01	covid19.ei.go.k	False	Gyeonggi	Korea (South)	1
2020-06-01	expressen	True	Gavleborg County	Sweden	100
2020-06-01	worldometer coronavirus	False	Washington	United States	15
2020-06-01	martin lewis money saving expert	True	York	United Kingdom	3
2020-06-01	screwfix	True	Poole	United Kingdom	100
2020-06-01	johns hopkins coronavirus map	False	Hesse	Germany	3
2020-06-01	corona virus numbers	False	California	United States	1
2020-06-01	colorado covid update	False	Colorado	United States	3
2020-06-01	travis perkins	True	London	United Kingdom	11
2020-06-01	emilia romagna coronavirus	False	Emilia-Romagna	Italy	5
2020-06-01	gov uk coronavirus	False	West Midlands	United Kingdom	7
2020-06-01	hmrc login	True	Gloucestershire	United Kingdom	32
2020-06-01	2nd stimulus check	True	Arizona	United States	8
2020-06-01	covid19	False	Victoria	Australia	3
2020-06-01	coronavirus face mask for sale	False	New York	United States	2
2020-06-01	phonics play	True	Nottingham City	United Kingdom	9
2020-06-01	covid	False	Minas Gerais	Brazil	47
2020-06-01	cdc coronavirus update	False	Delaware	United States	2
2020-06-01	michael garron hospital	True	Ontario	Canada	4
2020-06-01	idaho covid 19 cases	False	Idaho	United States	5
2020-06-01	folkhälsomyndigheten	True	Gavleborg County	Sweden	7
2020-06-01	jet2holidays	True	York	United Kingdom	8
2020-06-01	sainsburys groceries	True	Poole	United Kingdom	48
2020-06-01	corona virus map	False	California	United States	1
2020-06-01	when are taxes due 2020	True	Illinois	United States	1
2020-06-01	colorado covid cases	False	Colorado	United States	2
2020-06-01	loveholidays	True	Merseyside	United Kingdom	1
2020-06-01	john hopkins university coronavirus map	False	Hesse	Germany	5
2020-06-01	travelodge uk	True	London	United Kingdom	1
2020-06-01	halfords	True	Gloucestershire	United Kingdom	32
2020-06-01	coronavirus deaths	False	New York	United States	1
2020-06-01	coronavirus	False	Minas Gerais	Brazil	54
2020-06-01	coronavirus andalucia	False	Andalusia	Spain	1
2020-06-01	bamatracker.com	True	Alabama	United States	4
2020-06-01	moniteur belge	True	Brussels Region	Belgium	6
2020-06-01	worldometer	True	Washington	United States	3
2020-06-01	hmrc login	True	York	United Kingdom	37
2020-06-01	covid19	False	Gyeonggi	Korea (South)	5
2020-06-01	hmrc login	True	Poole	United Kingdom	15
2020-06-01	folkhälsomyndigheten se	True	Gavleborg County	Sweden	15
2020-06-01	corona virus deaths	False	California	United States	1
2020-06-01	colorado covid case data	False	Colorado	United States	1
2020-06-01	mexico coronavirus update	False	Ontario	Canada	1
2020-06-01	idaho covid 19	False	Idaho	United States	4
2020-06-01	www.covid19.ei.go.kr	False	Busan Gwangyeoksi	Korea (South)	100
2020-06-01	gov.uk	True	Gloucestershire	United Kingdom	23
2020-06-01	covid victoria	False	Victoria	Australia	10
2020-06-01	coronavirus cure	False	New York	United States	1
2020-06-01	corona virus	False	Minas Gerais	Brazil	13
2020-06-01	impots.gouv.fr	True	Hesse	Germany	2
2020-06-01	travel republic	True	London	United Kingdom	2
2020-06-01	nzz	True	Saxony	Germany	11
2020-06-01	halfords	True	York	United Kingdom	18
2020-06-01	student finance login	True	West Midlands	United Kingdom	11
2020-06-01	halfords	True	Poole	United Kingdom	10
2020-06-01	corona virus cases	False	California	United States	1
2020-06-01	what phase is illinois in	True	Illinois	United States	1
2020-06-01	colorado covid 19	False	Colorado	United States	8
2020-06-01	svt nyheter	True	Gavleborg County	Sweden	27
2020-06-01	love holidays	True	Merseyside	United Kingdom	5
2020-06-01	hzz	True	Primorsko-Goranska Zupanija	Croatia	1
2020-06-01	coronavirus statistics in australia	False	New South Wales	Australia	3
2020-06-01	masks for coronavirus	False	Ontario	Canada	1
2020-06-01	idaho covid	False	Idaho	United States	14
2020-06-01	gov uk coronavirus	False	Gloucestershire	United Kingdom	2
2020-06-01	la poste	True	Grand Est	France	5
2020-06-01	coronavirus count	False	New York	United States	1
2020-06-01	coronavirus update	False	Lusaka	Zambia	1
2020-06-01	will there be another stimulus check	True	Washington	United States	1
2020-06-01	heute.de	True	Hesse	Germany	4
2020-06-01	track and trace coronavirus	False	London	United Kingdom	2
2020-06-01	gov.uk	True	York	United Kingdom	5
2020-06-01	pets at home	True	Nottingham City	United Kingdom	6
2020-06-01	gov.uk	True	Poole	United Kingdom	5
2020-06-01	corona virus california	False	California	United States	1
2020-06-01	coronavirus aktuell	False	Bavaria	Germany	18
2020-06-01	colorado covid	False	Colorado	United States	14
2020-06-01	svt.se	True	Gavleborg County	Sweden	1
2020-06-01	covid restrictions victoria	False	Victoria	Australia	5
2020-06-01	worldometer coronavirus	False	Hertfordshire	United Kingdom	16
2020-06-01	how to make a face mask	True	Missouri	United States	3
2020-06-01	halfords	True	Portsmouth	United Kingdom	26
2020-06-01	west point cadets covid 19	False	Illinois	United States	7
2020-06-01	face masks	True	Gloucestershire	United Kingdom	1
2020-06-01	manitoba covid 19 update	False	Ontario	Canada	1
2020-06-01	coronavirus cases united states	False	New York	United States	1
2020-06-01	segurança social directa	True	Coimbra	Portugal	100
2020-06-01	idaho coronavirus update	False	Idaho	United States	12
2020-06-01	coronavirus losing potency	False	Florida	United States	16
2020-06-01	lloyds business banking	True	Merseyside	United Kingdom	3
2020-06-01	dvla	True	York	United Kingdom	10
2020-06-01	flughafen frankfurt	True	Hesse	Germany	4
2020-06-01	dvla	True	Poole	United Kingdom	10
2020-06-01	corona virus	False	California	United States	5
2020-06-01	tower hamlets council	True	London	United Kingdom	2
2020-06-01	colorado coronavirus update	False	Colorado	United States	18
2020-06-01	de morgen	True	West Flanders	Belgium	43
2020-06-01	coronavirus latest	False	West Midlands	United Kingdom	7
2020-06-01	wilko	True	Hertfordshire	United Kingdom	19
2020-06-01	wildhorse casino	True	Washington	United States	1
2020-06-01	coronavirus statistics in missouri	False	Missouri	United States	2
2020-06-01	covid restrictions	False	Victoria	Australia	6
2020-06-01	easyjet uk	True	Gloucestershire	United Kingdom	4
2020-06-01	covid.ei.go.kr	False	Gyeonggi	Korea (South)	6
2020-06-01	coronavirus cases in ny	False	New York	United States	1
2020-06-01	segurança social	True	Coimbra	Portugal	26
2020-06-01	manitoba covid	False	Ontario	Canada	1
2020-06-01	idaho coronavirus	False	Idaho	United States	100
2020-06-01	walgreens covid testing	False	Illinois	United States	1
2020-06-01	dunelm	True	York	United Kingdom	13
2020-06-01	job retention scheme	True	Merseyside	United Kingdom	1
2020-06-01	currys pc world	True	Poole	United Kingdom	20
2020-06-01	copper mask	True	California	United States	1
2020-06-01	fallzahlen coronavirus	False	Hesse	Germany	1
2020-06-01	colorado coronavirus map	False	Colorado	United States	1
2020-06-01	hln nieuws	True	West Flanders	Belgium	100
2020-06-01	tower hamlets	True	London	United Kingdom	2
2020-06-01	wickes click and collect	True	Hertfordshire	United Kingdom	7
2020-06-01	coronavirus	False	Region De Murcia	Spain	1
2020-06-01	stimulus check for 2020	True	Ohio	United States	2
2020-06-01	wikipedia coronavirus	False	Quebec	Canada	2
2020-06-01	dvla	True	Gloucestershire	United Kingdom	23
2020-06-01	who coronavirus update	False	Washington	United States	1
2020-06-01	coronavirus cases	False	New York	United States	1
2020-06-01	noticias ao minuto	True	Coimbra	Portugal	1
2020-06-01	coronavirus	False	Andalusia	Spain	5
2020-06-01	covid live	False	Victoria	Australia	2
2020-06-01	london ontario covid 19 update	False	Ontario	Canada	1
2020-06-01	currys pc world	True	York	United Kingdom	37
2020-06-01	how many coronavirus cases	False	Idaho	United States	2
2020-06-01	coronavirus update	False	Poole	United Kingdom	1
2020-06-01	convalescent plasma	True	California	United States	1
2020-06-01	ocado	True	Nottingham City	United Kingdom	8
2020-06-01	colorado coronavirus cases	False	Colorado	United States	11
2020-06-01	tui	True	West Flanders	Belgium	1
2020-06-01	covid19.ei.go.kr	False	Busan Gwangyeoksi	Korea (South)	30
2020-06-01	wickes	True	Hertfordshire	United Kingdom	86
2020-06-01	face masks for sale for coronavirus	False	Hesse	Germany	3
2020-06-01	the range	True	London	United Kingdom	13
2020-06-01	vaccine for coronavirus	False	Illinois	United States	1
2020-06-01	dunelm	True	Gloucestershire	United Kingdom	23
2020-06-01	jet2holidays	True	Merseyside	United Kingdom	10
2020-06-01	coronavirus by state	False	New York	United States	1
2020-06-01	(https://covid19.ei.go.kr	False	Gyeonggi	Korea (South)	2
2020-06-01	coronavirus statistics	False	New South Wales	Australia	10
2020-06-01	coronavirus update	False	York	United Kingdom	8
2020-06-01	bamatracker	True	Alabama	United States	1
2020-06-01	coronavirus uk	False	Poole	United Kingdom	5
2020-06-01	london middlesex health unit covid 19 cases	False	Ontario	Canada	1
2020-06-01	contra costa health	True	California	United States	1
2020-06-01	colorado coronavirus	False	Colorado	United States	56
2020-06-01	riots	True	Rhode Island	United States	19
2020-06-01	heroes act 2020	True	Idaho	United States	4
2020-06-01	vrt nws	True	West Flanders	Belgium	93
2020-06-01	watford general hospital	True	Hertfordshire	United Kingdom	3
2020-06-01	white house press conference	True	Washington	United States	1
2020-06-01	cares act 2020	True	Florida	United States	3
2020-06-01	riots	True	Utah	United States	17
2020-06-01	direct line	True	Gloucestershire	United Kingdom	2
2020-06-01	coronavirus brazil	False	New York	United States	1
2020-06-01	face masks for coronavirus n95 for sale	False	Hesse	Germany	2
2020-06-01	the mortgage works	True	London	United Kingdom	1
2020-06-01	permiso para circular	True	Salta	Argentina	1
2020-06-01	coronavirus uk	False	York	United Kingdom	13
2020-06-01	companies house	True	Poole	United Kingdom	48
2020-06-01	nationwide building society	True	Nottingham City	United Kingdom	23
2020-06-01	contra costa county health department	True	California	United States	1
2020-06-01	covid cases	False	Victoria	Australia	3
2020-06-01	clorox wipes	True	Colorado	United States	3
2020-06-01	ntv livestream	True	Hamburg	Germany	1
2020-06-01	lab24 coronavirus	False	Lombardy	Italy	2
2020-06-01	waitrose	True	Hertfordshire	United Kingdom	14
2020-06-01	us coronavirus deaths	False	Illinois	United States	1
2020-06-01	jet2 flights	True	Merseyside	United Kingdom	2
2020-06-01	lcbo hours	True	Ontario	Canada	8
2020-06-01	debenhams uk	True	Gloucestershire	United Kingdom	10
2020-06-01	charity commission	True	Cornwall	United Kingdom	4
2020-06-01	coronavirus	False	New York	United States	19
2020-06-01	great clips check-in online	True	Idaho	United States	12
2020-06-01	superdrug	True	West Midlands	United Kingdom	19
2020-06-01	新型コロナウイルス	False	Nagasaki	Japan	2
2020-06-01	companies house beta	True	York	United Kingdom	15
2020-06-01	b&q	True	Poole	United Kingdom	39
2020-06-01	contra costa county coronavirus update	False	California	United States	1
2020-06-01	white house briefing	True	Washington	United States	1
2020-06-01	cdc guidelines for coronavirus	False	Colorado	United States	2
2020-06-01	face masks for coronavirus for sale	False	Hesse	Germany	6
2020-06-01	test and trace	True	London	United Kingdom	2
2020-06-01	virgin holidays	True	Hertfordshire	United Kingdom	2
2020-06-01	bollettino protezione civile	True	Lombardy	Italy	1
2020-06-01	wilko	True	Portsmouth	United Kingdom	13
2020-06-01	coronavirus piemonte	False	Piedmont	Italy	9
2020-06-01	covid australia	False	Victoria	Australia	4
2020-06-01	currys pc world	True	Gloucestershire	United Kingdom	40
2020-06-01	corona virus updates	False	New York	United States	1
2020-06-01	vaccin coronavirus	False	Quebec	Canada	2
2020-06-01	tgcom	True	Marches	Italy	66
2020-06-01	持続化給付金	True	Nagasaki	Japan	100
2020-06-01	certificado único de circulación	True	Mendoza	Argentina	100
2020-06-01	companies house	True	York	United Kingdom	40
2020-06-01	wickes	True	North Lincolnshire	United Kingdom	1
2020-06-01	contra costa county coronavirus	False	California	United States	2
2020-06-01	cdc coronavirus update	False	Colorado	United States	11
2020-06-01	latest coronavirus news	False	Ontario	Canada	1
2020-06-01	get my payment	True	Idaho	United States	3
2020-06-01	us coronavirus cases	False	Illinois	United States	1
2020-06-01	universal credit	True	Hertfordshire	United Kingdom	10
2020-06-01	hoseasons	True	Merseyside	United Kingdom	2
2020-06-01	coronavirus update	False	Central	Fiji	1
2020-06-01	face masks for coronavirus	False	Hesse	Germany	5
2020-06-01	tesco jobs	True	London	United Kingdom	1
2020-06-01	covid 19 symptoms	False	Gloucestershire	United Kingdom	2
2020-06-01	corona virus update	False	New York	United States	3
2020-06-01	regione marche	True	Marches	Italy	47
2020-06-01	coronavirus bayern	False	Bavaria	Germany	4
2020-06-01	マスク	True	Nagasaki	Japan	1
2020-06-01	charity commission	True	York	United Kingdom	8
2020-06-01	when are taxes due 2020	True	Washington	United States	1
2020-06-01	the range	True	North Lincolnshire	United Kingdom	54
2020-06-01	contact tracing jobs	True	California	United States	1
2020-06-01	ccl stock	True	Colorado	United States	2
2020-06-01	gov.uk	True	West Midlands	United Kingdom	34
2020-06-01	national trust	True	Nottingham City	United Kingdom	3
2020-06-01	uk coronavirus update	False	Hertfordshire	United Kingdom	2
2020-06-01	covid 19 victoria	False	Victoria	Australia	19
2020-06-01	lambton public health	True	Ontario	Canada	2
2020-06-01	george floyd autopsy results	True	Idaho	United States	2
2020-06-01	minsal	True	Santiago Metropolitan	Chile	100
2020-06-01	covid 19	False	Gloucestershire	United Kingdom	6
2020-06-01	casos coronavirus españa	False	Andalusia	Spain	1
2020-06-01	corona virus tracker	False	New York	United States	1
2020-06-01	protezione civile	True	Marches	Italy	9
2020-06-01	コロナウイルス	False	Nagasaki	Japan	8
2020-06-01	face mask for coronavirus n95 for sale	False	Hesse	Germany	3
2020-06-01	b&q	True	York	United Kingdom	69
2020-06-01	tesco home delivery	True	North Lincolnshire	United Kingdom	1
2020-06-01	tesco home delivery	True	London	United Kingdom	10
2020-06-01	contact tracing	True	California	United States	1
2020-06-01	cares act 2020	True	Colorado	United States	4
2020-06-01	covid19	False	Busan Gwangyeoksi	Korea (South)	1
2020-06-01	tui holidays	True	Hertfordshire	United Kingdom	6
2020-06-01	unemployment mn	True	Illinois	United States	1
2020-06-01	home bargains	True	Merseyside	United Kingdom	28
2020-06-01	coronavirus nsw update	False	New South Wales	Australia	2
2020-06-01	ma classe a la maison	True	Grand Est	France	1
2020-06-01	coventry building society	True	Gloucestershire	United Kingdom	9
2020-06-01	kingstonist	True	Ontario	Canada	2
2020-06-01	corona virus symptoms 2020	False	New York	United States	1
2020-06-01	george floyd autopsy	True	Idaho	United States	12
2020-06-01	poste italiane	True	Marches	Italy	100
2020-06-01	コロナ	True	Nagasaki	Japan	39
2020-06-01	fgts	True	Santa Catarina	Brazil	100
2020-06-01	stimulus check 2	True	Ohio	United States	4
2020-06-01	screwfix	True	North Lincolnshire	United Kingdom	100
2020-06-01	contact tracer	True	California	United States	1
2020-06-01	covid19	False	Santiago Metropolitan	Chile	23
2020-06-01	cares act	True	Colorado	United States	2
2020-06-01	whatcom county health department	True	Washington	United States	4
2020-06-01	tui	True	Hertfordshire	United Kingdom	16
2020-06-01	drosten podcast	True	Hesse	Germany	1
2020-06-01	tesco credit card	True	London	United Kingdom	1
2020-06-01	protezione civile	True	Emilia-Romagna	Italy	13
2020-06-01	ri unemployment website	True	Rhode Island	United States	11
2020-06-01	coronavirus worldometers	False	Gloucestershire	United Kingdom	2
2020-06-01	corona virus statistics	False	New York	United States	1
2020-06-01	president trump speech today	True	Utah	United States	1
2020-06-01	miur	True	Marches	Italy	13
2020-06-01	dpcm	True	Lombardy	Italy	1
2020-06-01	新型コロナウイルス	False	Akita	Japan	1
2020-06-01	covid 19	False	Santa Catarina	Brazil	82
2020-06-01	north lincolnshire council	True	North Lincolnshire	United Kingdom	39
2020-06-01	colorado coronavirus	False	California	United States	1
2020-06-01	brazil coronavirus	False	Colorado	United States	2
2020-06-01	covid 19 update victoria	False	Victoria	Australia	5
2020-06-01	coronavirus	False	Occitanie	France	3
2020-06-01	travis perkins	True	Hertfordshire	United Kingdom	23
2020-06-01	unemployment login	True	Illinois	United States	3
2020-06-01	kfla public health coronavirus	False	Ontario	Canada	1
2020-06-01	coronavirus update	False	Gloucestershire	United Kingdom	11
2020-06-01	george floyd	True	Idaho	United States	68
2020-06-01	corona virus nyc	False	New York	United States	1
2020-06-01	coronavirus hoy	False	Santiago Metropolitan	Chile	1
2020-06-01	ministero dell'interno	True	Marches	Italy	7
2020-06-01	持続化給付金	True	Akita	Japan	100
2020-06-01	hmrc login	True	Merseyside	United Kingdom	30
2020-06-01	covid	False	Santa Catarina	Brazil	19
2020-06-01	covid-19 masks for sale	False	Hesse	Germany	34
2020-06-01	dvla	True	North Lincolnshire	United Kingdom	1
2020-06-01	coachella valley	True	California	United States	1
2020-06-01	boulder county	True	Colorado	United States	6
2020-06-01	tesco careers	True	London	United Kingdom	1
2020-06-01	the range	True	Hertfordshire	United Kingdom	30
2020-06-01	coronavirus update	False	Baladiyat Ad Dawhah	Qatar	100
2020-06-01	sfr mon compte	True	Occitanie	France	5
2020-06-01	covid 19 update	False	Mississippi	United States	23
2020-06-01	whatcom county coronavirus	False	Washington	United States	2
2020-06-01	coronavirus uk	False	Gloucestershire	United Kingdom	23
2020-06-01	corona virus ny	False	New York	United States	1
2020-06-01	gores marche	True	Marches	Italy	9
2020-06-01	mot check	True	Nottingham City	United Kingdom	12
2020-06-01	マスク	True	Akita	Japan	22
2020-06-01	covid 19 update australia	False	Victoria	Australia	17
2020-06-01	coronavirus sc	False	Santa Catarina	Brazil	7
2020-06-01	currys pc world	True	North Lincolnshire	United Kingdom	24
2020-06-01	worldometer coronavirus	False	Riyadh	Saudi Arabia	60
2020-06-01	cnn coronavirus	False	California	United States	1
2020-06-01	johns hopkins coronavirus map	False	Ontario	Canada	5
2020-06-01	bing covid tracker	False	Colorado	United States	1
2020-06-01	farmers.gov/cfap	True	Idaho	United States	2
2020-06-01	test and trace	True	Hertfordshire	United Kingdom	1
2020-06-01	coronavirus	False	Santiago Metropolitan	Chile	17
2020-06-01	coronavirus nel mondo	False	Piedmont	Italy	4
2020-06-01	qatar news	True	Baladiyat Ad Dawhah	Qatar	1
2020-06-01	coronavirus statistics	False	Gloucestershire	United Kingdom	3
2020-06-01	covid face masks for sale	False	Hesse	Germany	2
2020-06-01	corona virus map	False	New York	United States	1
2020-06-01	fadinmed	True	Marches	Italy	1
2020-06-01	コロナウイルス	False	Akita	Japan	1
2020-06-01	coronavirus brasil	False	Santa Catarina	Brazil	1
2020-06-01	symptoms of covid 19	False	London	United Kingdom	1
2020-06-01	coronavirus worldometers	False	North Lincolnshire	United Kingdom	1
2020-06-01	unemployment claim	True	Illinois	United States	3
2020-06-01	clorox wipes	True	California	United States	3
2020-06-01	bing coronavirus map	False	Colorado	United States	1
2020-06-01	apply for universal credit	True	West Midlands	United Kingdom	2
2020-06-01	onem	True	Brussels Region	Belgium	3
2020-06-01	haven holidays	True	Merseyside	United Kingdom	2
2020-06-01	tesco home delivery	True	Hertfordshire	United Kingdom	20
2020-06-01	usa coronavirus	False	Quebec	Canada	1
2020-06-01	johns hopkins coronavirus dashboard	False	Ontario	Canada	4
2020-06-01	coronavirus latest	False	Gloucestershire	United Kingdom	4
2020-06-01	corona virus deaths	False	New York	United States	1
2020-06-01	face masks	True	Idaho	United States	3
2020-06-01	coronavirus marche	False	Marches	Italy	7
2020-06-01	c19	True	Santiago Metropolitan	Chile	4
2020-06-01	コロナ	True	Akita	Japan	53
2020-06-01	coronavirus	False	Santa Catarina	Brazil	19
2020-06-01	coronavirus uk	False	North Lincolnshire	United Kingdom	1
2020-06-01	clorox disinfecting wipes	True	California	United States	2
2020-06-01	brittany ferries	True	Andalusia	Spain	1
2020-06-01	ben shapiro	True	Colorado	United States	3
2020-06-01	covid 19 n 95	False	Hesse	Germany	1
2020-06-01	symptoms of coronavirus	False	London	United Kingdom	1
2020-06-01	tesco credit card	True	Hertfordshire	United Kingdom	2
2020-06-01	polster und pohl reisen	True	Saxony	Germany	29
2020-06-01	west point covid 19	False	Washington	United States	1
2020-06-01	coronavirus nsw	False	New South Wales	Australia	9
2020-06-01	covid 19 update	False	Victoria	Australia	61
2020-06-01	coronavirus	False	Gloucestershire	United Kingdom	10
2020-06-01	corona virus	False	New York	United States	2
2020-06-01	coronavirus italia	False	Marches	Italy	9
2020-06-01	corona virus	False	Santa Catarina	Brazil	1
2020-06-01	bama tracker covid	False	Alabama	United States	1
2020-06-01	companies house	True	North Lincolnshire	United Kingdom	31
2020-06-01	state of ohio coronavirus	False	Ohio	United States	4
2020-06-01	children's hospital los angeles	True	California	United States	1
2020-06-01	at&t	True	Colorado	United States	16
2020-06-01	john hopkins covid map	False	Ontario	Canada	1
2020-06-01	tesco careers	True	Hertfordshire	United Kingdom	1
2020-06-01	drudge report 2020	True	Idaho	United States	3
2020-06-01	bono emergencia familiar	True	Santiago Metropolitan	Chile	42
2020-06-01	legge 104	True	Lombardy	Italy	1
2020-06-01	coronavirus nel mondo	False	Lombardy	Italy	5
2020-06-01	companies house beta	True	Gloucestershire	United Kingdom	17
2020-06-01	companies house	True	Cornwall	United Kingdom	35
2020-06-01	copper mask	True	New York	United States	1
2020-06-01	covid 19 face mask protection	False	Hesse	Germany	1
2020-06-01	coronavirus	False	Marches	Italy	13
2020-06-01	worldometer coronavirus	False	Lancashire	United Kingdom	14
2020-06-01	b&q	True	North Lincolnshire	United Kingdom	31
2020-06-01	charlie baker	True	California	United States	1
2020-06-01	alaska travel restrictions	True	Colorado	United States	1
2020-06-01	sykes cottages uk	True	London	United Kingdom	1
2020-06-01	sykes cottages uk	True	West Midlands	United Kingdom	4
2020-06-01	uia michigan unemployment	True	Illinois	United States	1
2020-06-01	sykes cottages uk	True	Hertfordshire	United Kingdom	3
2020-06-01	halfords	True	Merseyside	United Kingdom	37
2020-06-01	morrisons	True	Nottingham City	United Kingdom	59
2020-06-01	companies house	True	Gloucestershire	United Kingdom	76
2020-06-01	west point cadets covid 19	False	Washington	United States	14
2020-06-01	contact tracing jobs	True	New York	United States	1
2020-06-01	ri unemployment	True	Rhode Island	United States	93
2020-06-01	coronavirus	False	Atlantico	Colombia	1
2020-06-01	wilko	True	Lancashire	United Kingdom	21
2020-06-01	john hopkins coronavirus map	False	Ontario	Canada	18
2020-06-01	wickes	True	Fife	United Kingdom	13
2020-06-01	covid idaho	False	Idaho	United States	3
2020-06-01	cfap	True	California	United States	1
2020-06-01	2nd stimulus package 2020	True	Colorado	United States	3
2020-06-01	bono de emergencia	True	Santiago Metropolitan	Chile	13
2020-06-01	superdrug	True	Hertfordshire	United Kingdom	12
2020-06-01	coronavirus statistics	False	Missouri	United States	6
2020-06-01	covid 19	False	Hesse	Germany	7
2020-06-01	sykes cottages	True	London	United Kingdom	1
2020-06-01	las vegas reopening	True	Utah	United States	2
2020-06-01	charity commission	True	Gloucestershire	United Kingdom	4
2020-06-01	contact tracing	True	New York	United States	1
2020-06-01	worldometer coronavirus	False	Arkansas	United States	7
2020-06-01	wickes click and collect	True	Lancashire	United Kingdom	1
2020-06-01	covid 19 training	False	Victoria	Australia	4
2020-06-01	universal credit	True	Fife	United Kingdom	10
2020-06-01	cares act	True	Florida	United States	2
2020-06-01	cepheid	True	California	United States	1
2020-06-01	2nd stimulus check	True	Colorado	United States	4
2020-06-01	covid 19	False	Eastern Cape	South Africa	29
2020-06-01	uhc provider login	True	Illinois	United States	2
2020-06-01	gov.uk	True	Merseyside	United Kingdom	24
2020-06-01	student finance login	True	Hertfordshire	United Kingdom	9
2020-06-01	john hopkins coronavirus dashboard	False	Ontario	Canada	1
2020-06-01	covid 19 update	False	Idaho	United States	18
2020-06-01	caravan and motorhome club	True	Gloucestershire	United Kingdom	2
2020-06-01	contact tracer	True	New York	United States	1
2020-06-01	bono covid 19	False	Santiago Metropolitan	Chile	30
2020-06-01	will there be another stimulus check	True	Arkansas	United States	4
2020-06-01	coronavirus deutschland	False	Bavaria	Germany	11
2020-06-01	wickes	True	Lancashire	United Kingdom	48
2020-06-01	tui	True	Fife	United Kingdom	3
2020-06-01	cdph.ca.gov/covid19	False	California	United States	1
2020-06-01	24 hour fitness bankruptcy	True	Colorado	United States	4
2020-06-01	coronavirus update	False	Hesse	Germany	1
2020-06-01	swim england	True	London	United Kingdom	1
2020-06-01	washington state stay at home order	True	Washington	United States	6
2020-06-01	student finance	True	Hertfordshire	United Kingdom	2
2020-06-01	tva nouvelles coronavirus	False	Quebec	Canada	1
2020-06-01	sepe	True	Region De Murcia	Spain	36
2020-06-01	covid 19 stats	False	Victoria	Australia	5
2020-06-01	coronavirus australia	False	New South Wales	Australia	17
2020-06-01	brittany ferries	True	Gloucestershire	United Kingdom	4
2020-06-01	columbia county ny coronavirus	False	New York	United States	1
2020-06-01	west point cadets covid 19	False	Arkansas	United States	9
2020-06-01	universal credit	True	Lancashire	United Kingdom	14
2020-06-01	superdrug	True	Fife	United Kingdom	5
2020-06-01	state of emergency	True	Ohio	United States	1
2020-06-01	cdph coronavirus	False	California	United States	1
2020-06-01	gov.uk	True	Portsmouth	United Kingdom	5
2020-06-01	italy coronavirus update	False	Ontario	Canada	2
2020-06-01	specsavers	True	Hertfordshire	United Kingdom	8
2020-06-01	covid 19 idaho	False	Idaho	United States	11
2020-06-01	www.mn.gov/covid19	False	Minnesota	United States	1
2020-06-01	confinement	True	Occitanie	France	1
2020-06-01	boris johnson	True	Gloucestershire	United Kingdom	1
2020-06-01	coronavirus nachrichten	False	Hesse	Germany	18
2020-06-01	cnn coronavirus	False	New York	United States	1
2020-06-01	unemployment claim	True	Arkansas	United States	6
2020-06-01	ri phase 2	True	Rhode Island	United States	5
2020-06-01	uk coronavirus update	False	Lancashire	United Kingdom	1
2020-06-01	tucker carlson tonight	True	Illinois	United States	1
2020-06-01	screwfix	True	Fife	United Kingdom	100
2020-06-01	cdcr covid tracker	False	California	United States	1
2020-06-01	sweden coronavirus update	False	London	United Kingdom	1
2020-06-01	smyths toys uk	True	Hertfordshire	United Kingdom	5
2020-06-01	furlough scheme uk	True	Merseyside	United Kingdom	2
2020-06-01	johns hopkins coronavirus dashboard	False	Utah	United States	6
2020-06-01	gov.uk coronavirus	False	West Midlands	United Kingdom	3
2020-06-01	covid stats	False	Ohio	United States	1
2020-06-01	boots the chemist	True	Gloucestershire	United Kingdom	2
2020-06-01	clorox wipes	True	New York	United States	2
2020-06-01	unemployment benefits coronavirus ar	False	Arkansas	United States	3
2020-06-01	tui holidays	True	Lancashire	United Kingdom	7
2020-06-01	washington state reopening	True	Washington	United States	1
2020-06-01	scottish news	True	Fife	United Kingdom	13
2020-06-01	george floyd	True	Riyadh	Saudi Arabia	7
2020-06-01	cdcr covid	False	California	United States	1
2020-06-01	italy coronavirus	False	Ontario	Canada	1
2020-06-01	covid 19	False	Idaho	United States	5
2020-06-01	slimming world	True	Hertfordshire	United Kingdom	2
2020-06-01	worldwide coronavirus cases	False	Minnesota	United States	1
2020-06-01	matalan uk	True	Nottingham City	United Kingdom	8
2020-06-01	coronavirus face mask for sale	False	Hesse	Germany	6
2020-06-01	b&q diy store	True	Gloucestershire	United Kingdom	8
2020-06-01	clorox disinfecting wipes	True	New York	United States	2
2020-06-01	unemployment arkansas	True	Arkansas	United States	8
2020-06-01	lombardia coronavirus	False	Lombardy	Italy	3
2020-06-01	tui coronavirus update	False	Lancashire	United Kingdom	1
2020-06-01	coronavirus	False	Cornwall	United Kingdom	4
2020-06-01	scottish government coronavirus update	False	Fife	United Kingdom	5
2020-06-01	cdcr coronavirus update	False	California	United States	1
2020-06-01	covid 19 australia	False	Victoria	Australia	20
2020-06-01	self employed income support scheme	True	Hertfordshire	United Kingdom	3
2020-06-01	how many coronavirus cases	False	Missouri	United States	1
2020-06-01	superdrug antibody test	True	London	United Kingdom	1
2020-06-01	tucker carlson	True	Illinois	United States	1
2020-06-01	furlough scheme	True	Merseyside	United Kingdom	3
2020-06-01	b&q	True	Gloucestershire	United Kingdom	60
2020-06-01	infonavit mi cuenta	True	San Luis Potosi	Mexico	50
2020-06-01	is the coronavirus weakening	False	Ontario	Canada	1
2020-06-01	covid	False	Idaho	United States	2
2020-06-01	citymd patient portal	True	New York	United States	3
2020-06-01	uhc provider login	True	Arkansas	United States	2
2020-06-01	tui	True	Lancashire	United Kingdom	22
2020-06-01	sainsburys groceries	True	Fife	United Kingdom	15
2020-06-01	cdc.gov/covid-19	False	California	United States	1
2020-06-01	worldometer coronavirus	False	Minnesota	United States	9
2020-06-01	screwfix	True	Hertfordshire	United Kingdom	87
2020-06-01	south carolina coronavirus	False	Ohio	United States	1
2020-06-01	washington state phases	True	Washington	United States	3
2020-06-01	toronto covid map	False	Quebec	Canada	3
2020-06-01	b and q diy store	True	Gloucestershire	United Kingdom	2
2020-06-01	coronavirus deutschland	False	Hesse	Germany	7
2020-06-01	superdrug	True	London	United Kingdom	13
2020-06-01	china coronavirus	False	New York	United States	1
2020-06-01	at&t	True	Alabama	United States	12
2020-06-01	trump twitter	True	Arkansas	United States	4
2020-06-01	tsb bank	True	Lancashire	United Kingdom	1
2020-06-01	maif	True	Grand Est	France	1
2020-06-01	sainsburys	True	Fife	United Kingdom	8
2020-06-01	ri coronavirus update	False	Rhode Island	United States	5
2020-06-01	cdc travel advisory	True	California	United States	1
2020-06-01	covid 19	False	Victoria	Australia	37
2020-06-01	sainsburys groceries	True	Hertfordshire	United Kingdom	68
2020-06-01	martin lewis money saving expert	True	Nottingham City	United Kingdom	10
2020-06-01	india coronavirus	False	Ontario	Canada	1
2020-06-01	airbnb uk	True	Gloucestershire	United Kingdom	4
2020-06-01	coronavirusidaho.gov	False	Idaho	United States	3
2020-06-01	john hopkins coronavirus map	False	Utah	United States	6
2020-06-01	chautauqua county coronavirus	False	New York	United States	1
2020-06-01	trump speech today	True	Arkansas	United States	2
2020-06-01	travis perkins	True	Lancashire	United Kingdom	14
2020-06-01	pets at home	True	Fife	United Kingdom	8
2020-06-01	worldometer	True	Minnesota	United States	2
2020-06-01	cdc mask recommendations	True	California	United States	1
2020-06-01	trump twitter	True	Illinois	United States	7
2020-06-01	easyjet uk	True	Merseyside	United Kingdom	10
2020-06-01	sainsburys	True	Hertfordshire	United Kingdom	24
2020-06-01	argentina.gob.ar/circular	True	City Of Buenos Aires	Argentina	11
2020-06-01	coronavirus aktuell	False	Hesse	Germany	11
2020-06-01	student finance login	True	London	United Kingdom	7
2020-06-01	missouri unemployment filing	True	Missouri	United States	6
2020-06-01	acas	True	Gloucestershire	United Kingdom	1
2020-06-01	tui	True	Hamburg	Germany	7
2020-06-01	chautauqua county	True	New York	United States	1
2020-06-01	stimulus checks	True	Arkansas	United States	10
2020-06-01	travel republic	True	Lancashire	United Kingdom	6
2020-06-01	nationwide building society	True	Fife	United Kingdom	13
2020-06-01	washington state phase 2	True	Washington	United States	13
2020-06-01	cdc guidelines for coronavirus	False	California	United States	3
2020-06-01	hydro one rates during covid 19	False	Ontario	Canada	3
2020-06-01	rspb	True	Hertfordshire	United Kingdom	1
2020-06-01	coronavirus.idaho.gov	False	Idaho	United States	5
2020-06-01	wisconsin covid	False	Minnesota	United States	1
2020-06-01	bilan coronavirus	False	Provence-Alpes-Cote D'azur	France	1
2020-06-01	b&q	True	Carmarthenshire	United Kingdom	19
2020-06-01	coronavirus update	False	Chittagong	Bangladesh	1
2020-06-01	tesco careers	True	West Midlands	United Kingdom	3
2020-06-01	coronavirus	False	Hesse	Germany	25
2020-06-01	charlie baker	True	New York	United States	1
2020-06-01	covid	False	Victoria	Australia	10
2020-06-01	stimulus check tracker	True	Arkansas	United States	6
2020-06-01	the range	True	Lancashire	United Kingdom	52
2020-06-01	morrisons	True	Fife	United Kingdom	30
2020-06-01	cdc covid guidelines	False	California	United States	1
2020-06-01	student finance	True	London	United Kingdom	3
2020-06-01	road tax	True	Hertfordshire	United Kingdom	1
2020-06-01	coronavirus	False	New South Wales	Australia	33
2020-06-01	coronavirus numbers	False	West Midlands	United Kingdom	1
2020-06-01	trump speech today	True	Illinois	United States	2
2020-06-01	worldometer coronavirus	False	Bristol	United Kingdom	10
2020-06-01	hydro one	True	Ontario	Canada	38
2020-06-01	channel 12 news westchester	True	New York	United States	1
2020-06-01	coronavirus updates	False	Idaho	United States	8
2020-06-01	stimulus check second round	True	Arkansas	United States	6
2020-06-01	social distancing	True	Ohio	United States	2
2020-06-01	tesco home delivery	True	Lancashire	United Kingdom	23
2020-06-01	jet2 flights	True	Fife	United Kingdom	5
2020-06-01	ri coronavirus	False	Rhode Island	United States	13
2020-06-01	cdc covid 19	False	California	United States	1
2020-06-01	wisconsin coronavirus	False	Minnesota	United States	3
2020-06-01	ebipro	True	Lombardy	Italy	1
2020-06-01	public health england	True	Hertfordshire	United Kingdom	3
2020-06-01	easyjet holidays	True	Merseyside	United Kingdom	2
2020-06-01	love holidays	True	Nottingham City	United Kingdom	1
2020-06-01	wilko	True	Bristol	United Kingdom	13
2020-06-01	corona virus	False	Hesse	Germany	1
2020-06-01	cdc mask recommendations	True	New York	United States	1
2020-06-01	irs stimulus check tracking	True	Utah	United States	3
2020-06-01	stimulus check 2	True	Arkansas	United States	6
2020-06-01	tesco credit card	True	Lancashire	United Kingdom	1
2020-06-01	home bargains	True	Fife	United Kingdom	8
2020-06-01	cdc covid	False	California	United States	2
2020-06-01	stena line	True	London	United Kingdom	1
2020-06-01	washington state mask requirement	True	Washington	United States	2
2020-06-01	coronavirus in bayern aktuell	False	Bavaria	Germany	1
2020-06-01	phonics play	True	Hertfordshire	United Kingdom	18
2020-06-01	coronavirus worldometer	False	Victoria	Australia	100
2020-06-01	maldive	True	Lombardy	Italy	1
2020-06-01	https://covid19results.ehealthontario.ca:4443/agree	False	Ontario	Canada	1
2020-06-01	coronavirus latest	False	Cornwall	United Kingdom	4
2020-06-01	wickes	True	Bristol	United Kingdom	56
2020-06-01	coronavirus update idaho	False	Idaho	United States	7
2020-06-01	cdc guidelines for reopening	True	New York	United States	1
2020-06-01	state by state coronavirus cases	False	Arkansas	United States	1
2020-06-01	superdrug	True	Lancashire	United Kingdom	14
2020-06-01	hmrc login	True	Fife	United Kingdom	20
2020-06-01	cdc coronavirus update	False	California	United States	9
2020-06-01	coronavirus losing po	False	Florida	United States	1
2020-06-01	will there be another stimulus check	True	Minnesota	United States	1
2020-06-01	pets at home	True	Hertfordshire	United Kingdom	13
2020-06-01	trump press conference today	True	Illinois	United States	1
2020-06-01	face masks	True	Alabama	United States	3
2020-06-01	condor flüge	True	Hesse	Germany	3
2020-06-01	waitrose	True	Bristol	United Kingdom	11
2020-06-01	staysure travel insurance	True	London	United Kingdom	1
2020-06-01	dvla mot check	True	Merseyside	United Kingdom	3
2020-06-01	cdc guidelines for coronavirus	False	New York	United States	2
2020-06-01	dvla	True	Portsmouth	United Kingdom	9
2020-06-01	second stimulus package 2020	True	Arkansas	United States	11
2020-06-01	coronavirus numbers	False	Missouri	United States	2
2020-06-01	student finance login	True	Lancashire	United Kingdom	11
2020-06-01	halfords	True	Fife	United Kingdom	27
2020-06-01	cdc coronavirus	False	California	United States	2
2020-06-01	washington state covid update	False	Washington	United States	1
2020-06-01	ocado	True	Hertfordshire	United Kingdom	31
2020-06-01	https://covid19results.ehealthontario.ca:4443	False	Ontario	Canada	1
2020-06-01	coronavirus update	False	Idaho	United States	47
2020-06-01	test covid	False	Quebec	Canada	2
2020-06-01	universal credit	True	Bristol	United Kingdom	12
2020-06-01	partena professional	True	Brussels Region	Belgium	2
2020-06-01	cdc covid	False	New York	United States	1
2020-06-01	second stimulus check	True	Arkansas	United States	9
2020-06-01	wi coronavirus	False	Minnesota	United States	1
2020-06-01	student finance	True	Lancashire	United Kingdom	3
2020-06-01	coronavirus victoria	False	Victoria	Australia	34
2020-06-01	dvla	True	Fife	United Kingdom	18
2020-06-01	cda coronavirus	False	California	United States	1
2020-06-01	companies house	True	Hesse	Germany	2
2020-06-01	statutory sick pay	True	London	United Kingdom	1
2020-06-01	second stimulus package 2020	True	Ohio	United States	12
2020-06-01	nhs england	True	Hertfordshire	United Kingdom	5
2020-06-01	corona virus update	False	New South Wales	Australia	8
2020-06-01	東京都	True	Toyama	Japan	1
2020-06-01	tui holidays 2020	True	Bristol	United Kingdom	1
