Date	Query	IsImplicitIntent	State	Country	PopularityScore
2020-03-01	coronavirus update	False	South Eastern	Malta	1
2020-03-01	coronavirus risikogebiete	False	Baden-Wuerttemberg	Germany	1
2020-03-01	coronavirus köln	False	North Rhine-Westphalia	Germany	3
2020-03-01	que es el coronavirus	False	California	United States	1
2020-03-01	coronavirus	False	Cheshire	United Kingdom	100
2020-03-01	hmrc login	True	West Yorkshire	United Kingdom	15
2020-03-01	segurança social directa	True	Santarem	Portugal	1
2020-03-01	n95 mask	True	South Carolina	United States	4
2020-03-01	n95 respirator mask	True	Missouri	United States	1
2020-03-01	coronavirus	False	Mississippi	United States	100
2020-03-01	coronavirus updates	False	Washington	United States	1
2020-03-01	coronavirus update map	False	Oregon	United States	1
2020-03-01	wickes	True	Tyne And Wear	United Kingdom	46
2020-03-01	2019-ncov	True	Guangdong	China	8
2020-03-01	bag coronavirus	False	Berne	Switzerland	48
2020-03-01	coronavirus	False	Cardiff	United Kingdom	100
2020-03-01	coronavirus map	False	Arkansas	United States	2
2020-03-01	ansa notizie	True	Trentino-Alto Adige	Italy	5
2020-03-01	coronavirus uk	False	Suffolk	United Kingdom	1
2020-03-01	corona virus map	False	Colorado	United States	7
2020-03-01	dvla	True	Cornwall	United Kingdom	11
2020-03-01	coronavirus symptoms	False	Kentucky	United States	13
2020-03-01	tgcom	True	Tuscany	Italy	58
2020-03-01	hmrc login	True	Middlesex	United Kingdom	19
2020-03-01	pets at home	True	Essex	United Kingdom	16
2020-03-01	xfl	True	Oklahoma	United States	21
2020-03-01	puy du fou	True	Auvergne-Rhone-Alpes	France	1
2020-03-01	cnn coronavirus	False	New York	United States	1
2020-03-01	tagesschau	True	Hamburg	Germany	48
2020-03-01	coronavirus	False	Utah	United States	85
2020-03-01	corona virus update	False	Cambridgeshire	United Kingdom	6
2020-03-01	corsica ferries	True	Ile-De-France	France	3
2020-03-01	coronavirus	False	Valais	Switzerland	100
2020-03-01	covid-19	False	Kanagawa	Japan	2
2020-03-01	dogs with coronavirus	False	Ohio	United States	1
2020-03-01	koronawirus w polsce	True	Slaskie	Poland	29
2020-03-01	corona virus	False	Hauts-De-France	France	2
2020-03-01	coronavirus	False	Texas	United States	100
2020-03-01	coronavirus in piemonte	False	Piedmont	Italy	7
2020-03-01	goodlife fitness	True	Ontario	Canada	5
2020-03-01	coronavirus italien	False	Rhineland-Palatinate	Germany	3
2020-03-01	coronavirus en france	False	Brittany	France	3
2020-03-01	travel republic	True	West Yorkshire	United Kingdom	13
2020-03-01	coronavirus en rd	False	Distrito Nacional	Dominican Republic	7
2020-03-01	corona virus ohio	False	Ohio	United States	1
2020-03-01	n95 mask	True	Ohio	United States	6
2020-03-01	kirkland nursing facility coronavirus	False	California	United States	14
2020-03-01	south korea homicide coronavirus	False	Federal Territory Of Kuala Lumpur	Malaysia	49
2020-03-01	symptoms of coronavirus in humans	False	Washington	United States	4
2020-03-01	coronavirus italia	False	Emilia-Romagna	Italy	24
2020-03-01	corona virus in friuli	False	Friuli-Venezia Giulia	Italy	4
2020-03-01	alto adige	True	Trentino-Alto Adige	Italy	74
2020-03-01	coronavirus france	False	Ohio	United States	2
2020-03-01	nhg coronavirus	False	North Holland	Netherlands	1
2020-03-01	coronavirus in rhode island	False	New York	United States	1
2020-03-01	tui cruises	True	North Rhine-Westphalia	Germany	3
2020-03-01	unemployment claim	True	Oklahoma	United States	14
2020-03-01	lavanguardia	True	Valencia	Spain	3
2020-03-01	ratp	True	Auvergne-Rhone-Alpes	France	1
2020-03-01	corona virus update	False	Arkansas	United States	10
2020-03-01	coronavirus mexico	False	Mexico City	Mexico	1
2020-03-01	no time to die	True	Virginia	United States	1
2020-03-01	north korea coronavirus	False	New York	United States	1
2020-03-01	corona virus	False	Michigan	United States	8
2020-03-01	coronavirus wdr	False	North Rhine-Westphalia	Germany	1
2020-03-01	opodo	True	Lower Saxony	Germany	4
2020-03-01	coronavirus map	False	Michigan	United States	10
2020-03-01	friedrich merz	True	Bavaria	Germany	1
2020-03-01	ciociaria oggi	True	Latium	Italy	3
2020-03-01	john hopkins coronavirus tracker	False	Arizona	United States	4
2020-03-01	what are the symptoms of the coronavirus	False	Tennessee	United States	5
2020-03-01	corona virus symptoms nhs	False	Kent	United Kingdom	2
2020-03-01	経済産業省 ホームページ	True	Okayama	Japan	1
2020-03-01	pope sick	True	Washington	United States	1
2020-03-01	coronavirus	False	Cambridgeshire	United Kingdom	100
2020-03-01	coronavirus usa	False	New York	United States	2
2020-03-01	diamond princess	True	Washington	United States	1
2020-03-01	nasa china factory pollution	True	Missouri	United States	8
2020-03-01	masks for coronavirus	False	Oregon	United States	2
2020-03-01	coronavirus in münster	False	North Rhine-Westphalia	Germany	1
2020-03-01	debenhams uk	True	Greater Manchester	United Kingdom	7
2020-03-01	coronavirus spain	False	New York	United States	1
2020-03-01	dvla	True	Swindon	United Kingdom	1
2020-03-01	coronavirus	False	Bahia	Brazil	100
2020-03-01	corona virus update	False	Texas	United States	19
2020-03-01	trader joe's	True	Oklahoma	United States	5
2020-03-01	currys pc world	True	South Lanarkshire	United Kingdom	67
2020-03-01	march madness 2020	True	South Carolina	United States	3
2020-03-01	coronavirus in nyc	False	Ohio	United States	1
2020-03-01	coronavirus	False	Region Metropolitana	Chile	1
2020-03-01	santé publique france	True	Auvergne-Rhone-Alpes	France	3
2020-03-01	snl cold open	True	Massachusetts	United States	3
2020-03-01	news coronavirus deutschland	False	North Rhine-Westphalia	Germany	1
2020-03-01	corona virus update	False	Surrey	United Kingdom	12
2020-03-01	mapa coronavirus	False	Valencia	Spain	1
2020-03-01	regione marche	True	Marches	Italy	100
2020-03-01	march madness 2020	True	North Carolina	United States	3
2020-03-01	coronavirus	False	Maharashtra	India	90
2020-03-01	wake county schools	True	North Carolina	United States	1
2020-03-01	robert koch institut coronavirus	False	Saxony	Germany	5
2020-03-01	coronavirus map	False	Minnesota	United States	14
2020-03-01	italy travel ban	True	Texas	United States	1
2020-03-01	fco travel advice	True	London	United Kingdom	7
2020-03-01	gejala virus corona	False	Jakarta	Indonesia	29
2020-03-01	corona virus risikogebiete	False	Bavaria	Germany	1
2020-03-01	コロナウイルス 英語	False	Tokyo	Japan	1
2020-03-01	symptoms of coronavirus	False	Oklahoma	United States	8
2020-03-01	mapa koronawirus	True	Slaskie	Poland	22
2020-03-01	coronavirus scotland	False	Glasgow City	United Kingdom	33
2020-03-01	p&o cruises	True	Essex	United Kingdom	2
2020-03-01	sfr tv	True	Centre-Val De Loire	France	5
2020-03-01	how deadly is the coronavirus	False	New York	United States	1
2020-03-01	mascherine antivirus	True	Lombardy	Italy	2
2020-03-01	thomas pesquet	True	Ile-De-France	France	1
2020-03-01	corona virus italy	False	Queensland	Australia	2
2020-03-01	coronavirus	False	Oaxaca	Mexico	1
2020-03-01	symptoms of coronavirus	False	London	United Kingdom	10
2020-03-01	map of coronavirus	False	California	United States	1
2020-03-01	coronavirus latest	False	Cambridgeshire	United Kingdom	9
2020-03-01	corona virus update	False	Nottingham City	United Kingdom	21
2020-03-01	coronavirus map	False	South Moravian	Czech Republic	1
2020-03-01	coronavirus symptoms nhs	False	London	United Kingdom	1
2020-03-01	sfr mon compte	True	Auvergne-Rhone-Alpes	France	18
2020-03-01	tui	True	Hamburg	Germany	5
2020-03-01	cdc coronavirus update	False	District Of Columbia	United States	16
2020-03-01	coronavirus	False	Lucerne	Switzerland	100
2020-03-01	symptoms of coronavirus	False	Massachusetts	United States	7
2020-03-01	how did the coronavirus get started	False	Virginia	United States	2
2020-03-01	south korea homicide coronavirus	False	Henan	China	8
2020-03-01	jet2	True	Durham	United Kingdom	5
2020-03-01	b&q	True	West Lothian	United Kingdom	12
2020-03-01	corona virus	False	Piedmont	Italy	9
2020-03-01	quebec coronavirus	False	Quebec	Canada	2
2020-03-01	coronavirus deutschland aktuell	False	Lower Saxony	Germany	1
2020-03-01	xunta de galicia	True	Galicia	Spain	62
2020-03-01	south korea homicide coronavirus	False	Zhejiang	China	30
2020-03-01	2019 coronavirus	False	Michigan	United States	1
2020-03-01	coronavirus	False	East Sussex	United Kingdom	88
2020-03-01	coronavirus in utah	False	Utah	United States	4
2020-03-01	coronavirus caen	False	Normandy	France	1
2020-03-01	gov.uk	True	Plymouth	United Kingdom	1
2020-03-01	coronavirus suisse	False	Valais	Switzerland	1
2020-03-01	ncaa tournament 2020	True	Missouri	United States	1
2020-03-01	corona virus texas	False	Texas	United States	1
2020-03-01	tui	True	Derby City	United Kingdom	7
2020-03-01	south korea homicide coronavirus	False	Oklahoma	United States	63
2020-03-01	coronavirus symptoms	False	Nevada	United States	22
2020-03-01	b&q	True	Kingston Upon Hull	United Kingdom	75
2020-03-01	b&q	True	East Sussex	United Kingdom	13
2020-03-01	corona virus	False	Kent	United Kingdom	2
2020-03-01	snl cold open last night	True	California	United States	4
2020-03-01	coronavirus bari	False	Apulia	Italy	9
2020-03-01	mapa coronavirus tiempo real	False	Valencia	Spain	1
2020-03-01	n95 masks	True	Ohio	United States	1
2020-03-01	sfr tv	True	Auvergne-Rhone-Alpes	France	13
2020-03-01	コロナウイルス	False	Yamagata	Japan	100
2020-03-01	corona virus	False	Berne	Switzerland	13
2020-03-01	hand sanitizer	True	Oregon	United States	12
2020-03-01	virus corona indonesia	False	Jakarta	Indonesia	27
2020-03-01	spanish flu epidemic 1918	True	Minnesota	United States	1
2020-03-01	morrisons	True	Hertfordshire	United Kingdom	32
2020-03-01	map of coronavirus	False	Washington	United States	1
2020-03-01	corona virus update	False	Illinois	United States	16
2020-03-01	coronavirus symptoms	False	Cambridgeshire	United Kingdom	28
2020-03-01	south korea homicide coronavirus	False	Victoria	Australia	2
2020-03-01	regione marche coronavirus	False	Marches	Italy	6
2020-03-01	coronavirus rki	False	Baden-Wuerttemberg	Germany	1
2020-03-01	coronavirus	False	Wisconsin	United States	100
2020-03-01	what is the coronavirus	False	New Jersey	United States	2
2020-03-01	superdrug	True	Gloucestershire	United Kingdom	1
2020-03-01	coronavirus en france aujourd hui	False	Brittany	France	1
2020-03-01	latest on coronavirus	False	South Carolina	United States	1
2020-03-01	corona virus update	False	Mississippi	United States	1
2020-03-01	snl cold open last night	True	Oklahoma	United States	5
2020-03-01	symptoms of coronavirus in humans	False	Texas	United States	2
2020-03-01	heinsberg	True	North Rhine-Westphalia	Germany	5
2020-03-01	puy du fou	True	Grand Est	France	1
2020-03-01	sepe	True	Galicia	Spain	5
2020-03-01	corona virus map	False	Rhode Island	United States	1
2020-03-01	costa croisière	True	Ile-De-France	France	1
2020-03-01	corona virus map	False	Ontario	Canada	9
2020-03-01	first us death coronavirus	False	Virginia	United States	6
2020-03-01	b&q	True	Wrexham	United Kingdom	1
2020-03-01	coronavirus	False	Veracruz	Mexico	100
2020-03-01	coronavirus	False	Olomoucky Kraj	Czech Republic	100
2020-03-01	coronavirus	False	Baja California	Mexico	100
2020-03-01	symptome coronavirus	False	Auvergne-Rhone-Alpes	France	1
2020-03-01	corona virus france	False	Hauts-De-France	France	1
2020-03-01	masks for coronavirus	False	Illinois	United States	1
2020-03-01	coronavirus update	False	Capital	Bahrain	65
2020-03-01	b&q	True	Northamptonshire	United Kingdom	13
2020-03-01	tui cruises	True	Hamburg	Germany	3
2020-03-01	coronavirus varese	False	Lombardy	Italy	2
2020-03-01	coronavirus news	False	Beijing	China	1
2020-03-01	drudge report 2020	True	Ohio	United States	6
2020-03-01	coronavirus en espagne	False	Ile-De-France	France	1
2020-03-01	n95 mask	True	New York	United States	8
2020-03-01	currys pc world	True	Greater Manchester	United Kingdom	49
2020-03-01	coronavirus in alabama	False	Ohio	United States	3
2020-03-01	us coronavirus	False	California	United States	1
2020-03-01	qanon	True	Oklahoma	United States	1
2020-03-01	what is coronavirus	False	California	United States	3
2020-03-01	coronavirus suisse	False	Fribourg	Switzerland	78
2020-03-01	corona virus symptons	False	Texas	United States	1
2020-03-01	coronavirus	False	Province 3	Nepal	100
2020-03-01	seguridad social	True	Galicia	Spain	88
2020-03-01	coronavirus uk	False	Cambridgeshire	United Kingdom	14
2020-03-01	coronavirus update map	False	New York	United States	2
2020-03-01	corona virus news	False	Lombardy	Italy	1
2020-03-01	corona virus	False	Zurich	Switzerland	17
2020-03-01	new coronavirus screening procedures	False	Missouri	United States	2
2020-03-01	coronavirus	False	Friuli-Venezia Giulia	Italy	100
2020-03-01	2019 coronavirus	False	New York	United States	2
2020-03-01	ansa notizie	True	Marches	Italy	3
2020-03-01	マスク	True	Fukuoka	Japan	46
2020-03-01	ocado	True	Essex	United Kingdom	14
2020-03-01	b&q	True	Surrey	United Kingdom	22
2020-03-01	coronavirus map	False	Victoria	Australia	4
2020-03-01	symptomes coronavirus	False	Auvergne-Rhone-Alpes	France	1
2020-03-01	ministerio de sanidad	True	Valencia	Spain	3
2020-03-01	seattle coronavirus	False	California	United States	2
2020-03-01	coronavirus update	False	Nova Scotia	Canada	22
2020-03-01	nasa china factory pollution	True	Oklahoma	United States	7
2020-03-01	covid19	False	Kanagawa	Japan	2
2020-03-01	dvla	True	Lancashire	United Kingdom	29
2020-03-01	sainsburys groceries	True	Norfolk	United Kingdom	53
2020-03-01	companies house	True	Kent	United Kingdom	30
2020-03-01	coronavirus	False	None	Hong Kong	1
2020-03-01	coronavirus nyc	False	New Jersey	United States	7
2020-03-01	h1n1 pandemic	True	California	United States	1
2020-03-01	hays travel	True	West Yorkshire	United Kingdom	5
2020-03-01	coronavirus francia	False	Latium	Italy	3
2020-03-01	rhode island corona virus	False	Rhode Island	United States	4
2020-03-01	gesundheitsamt frankfurt	True	Hesse	Germany	3
2020-03-01	kirkland nursing facility coronavirus	False	South Carolina	United States	12
2020-03-01	oliver pocher	True	Lower Saxony	Germany	4
2020-03-01	jet2holidays	True	York	United Kingdom	72
2020-03-01	morrisons	True	Reading	United Kingdom	19
2020-03-01	corona virus map	False	Queensland	Australia	1
2020-03-01	1177	True	Kronoberg County	Sweden	3
2020-03-01	b&q	True	Southend-On-Sea	United Kingdom	1
2020-03-01	corona virus news	False	Bavaria	Germany	1
2020-03-01	corona virus symptoms	False	Texas	United States	2
2020-03-01	flughafen frankfurt	True	Bavaria	Germany	1
2020-03-01	coronavirus china	False	Maharashtra	India	1
2020-03-01	coronavirus in canada	False	New York	United States	1
2020-03-01	john hopkins coronavirus tracker	False	California	United States	3
2020-03-01	la poste	True	Normandy	France	7
2020-03-01	n95 mask	True	Oklahoma	United States	4
2020-03-01	coronavirus robert koch institut	False	Baden-Wuerttemberg	Germany	1
2020-03-01	symptôme coronavirus	False	Auvergne-Rhone-Alpes	France	11
2020-03-01	corona virus deaths	False	Washington	United States	1
2020-03-01	la vanguardia	True	Galicia	Spain	88
2020-03-01	currys pc world	True	Cambridgeshire	United Kingdom	42
2020-03-01	rtl info	True	Antwerp	Belgium	1
2020-03-01	american idol 2020	True	North Carolina	United States	2
2020-03-01	coronavirus map	False	Utah	United States	18
2020-03-01	poste italiane	True	Abruzzi	Italy	79
2020-03-01	uk coronavirus	False	California	United States	1
2020-03-01	march madness 2020	True	Texas	United States	5
2020-03-01	sykes cottages	True	London	United Kingdom	2
2020-03-01	spanish flu	True	New Jersey	United States	2
2020-03-01	where is the coronavirus	False	Pennsylvania	United States	2
2020-03-01	coronavirus	False	Jiangsu	China	100
2020-03-01	heute.de	True	Hesse	Germany	1
2020-03-01	snl cold open last night	True	Missouri	United States	2
2020-03-01	kirkland nursing facility coronavirus	False	Arkansas	United States	14
2020-03-01	screwfix	True	Nottingham City	United Kingdom	92
2020-03-01	coronavirus symptoms	False	Nova Scotia	Canada	13
2020-03-01	n95 respirator mask	True	Ohio	United States	4
2020-03-01	cineworld	True	Kent	United Kingdom	2
2020-03-01	currys pc world	True	Suffolk	United Kingdom	52
2020-03-01	xfl	True	Wisconsin	United States	17
2020-03-01	coronavirus rheinland pfalz	False	Rhineland-Palatinate	Germany	2
2020-03-01	nationwide building society	True	Essex	United Kingdom	36
2020-03-01	south korea homicide coronavirus	False	North Dakota	United States	69
2020-03-01	coronavirus	False	Departamento De La Paz	Bolivia	1
2020-03-01	corona virus update	False	Wisconsin	United States	19
2020-03-01	lysol coronavirus	False	California	United States	1
2020-03-01	coronavirus map	False	California	United States	10
2020-03-01	fadinmed	True	Latium	Italy	9
2020-03-01	corona virus news	False	Texas	United States	2
2020-03-01	symptômes coronavirus	False	Auvergne-Rhone-Alpes	France	3
2020-03-01	coronavirus map	False	Quebec	Canada	3
2020-03-01	coronavirus northern ireland	False	Belfast City	United Kingdom	8
2020-03-01	aew	True	Colorado	United States	1
2020-03-01	seattle coronavirus	False	Arizona	United States	1
2020-03-01	lysol coronavirus	False	Virginia	United States	2
2020-03-01	march madness 2020	True	Oklahoma	United States	4
2020-03-01	coronavirus deaths	False	California	United States	3
2020-03-01	coronavirus	False	Hauts-De-France	France	100
2020-03-01	syrie	True	Ile-De-France	France	2
2020-03-01	johns hopkins coronavirus dashboard	False	South Carolina	United States	1
2020-03-01	waz witten	True	North Rhine-Westphalia	Germany	1
2020-03-01	coronavirus france	False	Brittany	France	50
2020-03-01	latest coronavirus news	False	Washington	United States	1
2020-03-01	corona virus news	False	Berne	Switzerland	6
2020-03-01	dvla	True	Cambridgeshire	United Kingdom	12
2020-03-01	coronavirus colorado	False	Ohio	United States	1
2020-03-01	expressen	True	Stockholm County	Sweden	100
2020-03-01	pets at home	True	Merseyside	United Kingdom	8
2020-03-01	ocado	True	Hertfordshire	United Kingdom	26
2020-03-01	sfr mon compte	True	Centre-Val De Loire	France	25
2020-03-01	corona virus statistics	False	New South Wales	Australia	1
2020-03-01	consignes coronavirus	False	Ile-De-France	France	1
2020-03-01	corona virus death in washington state	False	Arizona	United States	1
2020-03-01	fernando simon	True	Galicia	Spain	3
2020-03-01	who coronavirus	False	Hamburg	Germany	2
2020-03-01	butlins	True	London	United Kingdom	2
2020-03-01	aew	True	Ohio	United States	3
2020-03-01	coronavirus news	False	Thuringia	Germany	10
2020-03-01	coronavirus	False	Guangdong	China	100
2020-03-01	colorado coronavirus	False	Colorado	United States	5
2020-03-01	kirkland nursing facility coronavirus	False	Oklahoma	United States	16
2020-03-01	syrie	True	Auvergne-Rhone-Alpes	France	3
2020-03-01	que es el coronavirus	False	Valencia	Spain	1
2020-03-01	tesco credit card	True	West Yorkshire	United Kingdom	4
2020-03-01	incubatietijd coronavirus	False	North Holland	Netherlands	1
2020-03-01	coronavirus map	False	Olomoucky Kraj	Czech Republic	1
2020-03-01	jet2holidays	True	North Ayrshire	United Kingdom	1
2020-03-01	corona virus update	False	North Carolina	United States	21
2020-03-01	b&q	True	Torbay	United Kingdom	45
2020-03-01	coronavirus update	False	Iowa	United States	61
2020-03-01	coronavirus update	False	Greater Manchester	United Kingdom	3
2020-03-01	coronavirus updates	False	Colorado	United States	1
2020-03-01	covid19	False	Ile-De-France	France	2
2020-03-01	coronavirus united states	False	Kentucky	United States	1
2020-03-01	torino coronavirus	False	Piedmont	Italy	4
2020-03-01	coronavirus deutschland	False	Schleswig-Holstein	Germany	35
2020-03-01	corona virus	False	Mississippi	United States	3
2020-03-01	companies house	True	Cardiff	United Kingdom	32
2020-03-01	zinc lozenges	True	Pennsylvania	United States	1
2020-03-01	tesco credit card	True	Hertfordshire	United Kingdom	3
2020-03-01	south korea homicide coronavirus	False	Missouri	United States	43
2020-03-01	kirkland washington	True	Washington	United States	7
2020-03-01	new york corona virus	False	New York	United States	1
2020-03-01	coronavirus a bari	False	Apulia	Italy	9
2020-03-01	coronavirus	False	Rio De Janeiro	Brazil	100
2020-03-01	easter 2020	True	Ohio	United States	16
2020-03-01	objawy koronawirusa	True	Slaskie	Poland	8
2020-03-01	corona virus karte	False	Bavaria	Germany	1
2020-03-01	john hopkins coronavirus tracker	False	Oklahoma	United States	9
2020-03-01	hmrc login	True	Cambridgeshire	United Kingdom	6
2020-03-01	mot check	True	Essex	United Kingdom	9
2020-03-01	coronavirus última hora	False	Galicia	Spain	1
2020-03-01	mascherine ffp3	True	Lombardy	Italy	2
2020-03-01	urssaf	True	Auvergne-Rhone-Alpes	France	9
2020-03-01	coronavirus surrey	False	Surrey	United Kingdom	3
2020-03-01	coronavirus friuli	False	Friuli-Venezia Giulia	Italy	34
2020-03-01	corona virus map	False	Texas	United States	3
2020-03-01	coronavirus in lombardia	False	Lombardy	Italy	1
2020-03-01	1177	True	Orebro County	Sweden	18
2020-03-01	corona virus	False	Massachusetts	United States	15
2020-03-01	tui	True	Bristol	United Kingdom	37
2020-03-01	coronavirus	False	Brussels Region	Belgium	80
2020-03-01	spanish flu epidemic 1918	True	California	United States	2
2020-03-01	coronavirus symptome	False	Saxony	Germany	5
2020-03-01	qatar news	True	Ad Dawhah	Qatar	40
2020-03-01	aipac conference 2020	True	New York	United States	1
2020-03-01	coronavirus	False	Nova Scotia	Canada	91
2020-03-01	coronavirus map	False	Ohio	United States	18
2020-03-01	center parcs	True	Kent	United Kingdom	4
2020-03-01	coronavirus deutschland	False	Lower Saxony	Germany	38
2020-03-01	coronavirus in gloucestershire	False	Gloucestershire	United Kingdom	12
2020-03-01	jet2holidays	True	Shropshire	United Kingdom	25
2020-03-01	corona virus emilia romagna	False	Emilia-Romagna	Italy	4
2020-03-01	digi24	True	Bucuresti	Romania	69
2020-03-01	opodo	True	Berlin	Germany	3
2020-03-01	corona virus news	False	Queensland	Australia	2
2020-03-01	seguridad social	True	Valencia	Spain	54
2020-03-01	coronavirus news	False	Utah	United States	3
2020-03-01	eduiss	True	Sicily	Italy	7
2020-03-01	corona virus italy	False	New York	United States	2
2020-03-01	コロナ	True	Ishikawa	Japan	59
2020-03-01	how many people have died from coronavirus	False	Oklahoma	United States	4
2020-03-01	indeed job search	True	South Carolina	United States	2
2020-03-01	corona virus in us	False	Ohio	United States	1
2020-03-01	coronavirus update	False	Tokyo	Japan	1
2020-03-01	volotea	True	Auvergne-Rhone-Alpes	France	3
2020-03-01	coronavirus	False	Provincia De San Jose	Costa Rica	1
2020-03-01	decreto coronavirus 1 marzo	False	Lombardy	Italy	2
2020-03-01	superdrug	True	Surrey	United Kingdom	19
2020-03-01	coronavirus	False	Thanh Pho Ha Noi	Viet Nam	1
2020-03-01	aftonbladet senaste nytt	True	Orebro County	Sweden	39
2020-03-01	tagesschau	True	Rhineland-Palatinate	Germany	31
2020-03-01	south korea homicide coronavirus	False	Oregon	United States	43
2020-03-01	coronavirus galicia	False	Galicia	Spain	3
2020-03-01	coronavirus update washington state	False	Washington	United States	5
2020-03-01	coronavirus spain	False	California	United States	1
2020-03-01	nasa china factory pollution	True	Ohio	United States	15
2020-03-01	jet2holidays	True	Cambridgeshire	United Kingdom	14
2020-03-01	coronavirus deutschland	False	Shanghai	China	1
2020-03-01	coronavirus minnesota	False	Minnesota	United States	1
2020-03-01	coronavirus incubation period	False	New York	United States	1
2020-03-01	swine flu	True	London	United Kingdom	1
2020-03-01	coronavirus in india	False	Maharashtra	India	24
2020-03-01	spanish flu	True	Missouri	United States	1
2020-03-01	coronavirus	False	Southend-On-Sea	United Kingdom	100
2020-03-01	corona virus in texas	False	Texas	United States	2
2020-03-01	symptoms of the coronavirus	False	California	United States	1
2020-03-01	rivm	True	Zeeland	Netherlands	63
2020-03-01	how many cases of corona virus in us	False	Oklahoma	United States	4
2020-03-01	fadinmed corsi ecm gratuiti	True	Tuscany	Italy	1
2020-03-01	coronavirus spanien	False	Baden-Wuerttemberg	Germany	1
2020-03-01	fadinmed corsi ecm gratuiti	True	Piedmont	Italy	3
2020-03-01	coronavirus berlin verdacht	False	Berlin	Germany	1
2020-03-01	face masks	True	North Carolina	United States	2
2020-03-01	coronavirus italia	False	Calabria	Italy	12
2020-03-01	coronavirus rki	False	North Rhine-Westphalia	Germany	1
2020-03-01	haven holidays	True	West Yorkshire	United Kingdom	5
2020-03-01	bc housing	True	British Columbia	Canada	2
2020-03-01	wilko	True	Merseyside	United Kingdom	25
2020-03-01	coronavirus symptome	False	Hesse	Germany	9
2020-03-01	coronavirus umbria	False	Umbria	Italy	53
2020-03-01	spanish flu	True	Illinois	United States	2
2020-03-01	coronavirus	False	Orebro County	Sweden	1
2020-03-01	remdesivir	True	California	United States	2
2020-03-01	ansa ultima ora	True	Marches	Italy	6
2020-03-01	st louis county mn	True	Minnesota	United States	1
2020-03-01	san antonio coronavirus	False	Texas	United States	2
2020-03-01	coronavirus latest news	False	Surrey	United Kingdom	2
2020-03-01	reisewarnungen auswärtiges amt	True	Rhineland-Palatinate	Germany	2
2020-03-01	screwfix	True	Aberdeen City	United Kingdom	60
2020-03-01	coronavirus symptômes	False	Quebec	Canada	7
2020-03-01	coronavirus ille et vilaine	False	Brittany	France	1
2020-03-01	corona virus news	False	Ontario	Canada	3
2020-03-01	冠状病毒	False	Henan	China	1
2020-03-01	coronavirus ancona	False	Marches	Italy	11
2020-03-01	ofsp	True	Zurich	Switzerland	4
2020-03-01	corona virus update	False	Nova Scotia	Canada	100
2020-03-01	boris johnson	True	Kent	United Kingdom	13
2020-03-01	coronavirus aisne	False	Hauts-De-France	France	1
2020-03-01	coachella 2020	True	California	United States	2
2020-03-01	latest news on coronavirus	False	New York	United States	2
2020-03-01	コロナ	True	Kanagawa	Japan	100
2020-03-01	morrisons	True	Cambridgeshire	United Kingdom	31
2020-03-01	sepe	True	Valencia	Spain	8
2020-03-01	corona virus	False	Latium	Italy	14
2020-03-01	first us death coronavirus	False	Oklahoma	United States	8
2020-03-01	coronavirus españa	False	Galicia	Spain	60
2020-03-01	coronavirus update	False	Nevada	United States	80
2020-03-01	morrisons	True	Essex	United Kingdom	21
2020-03-01	canada coronavirus	False	British Columbia	Canada	6
2020-03-01	corona virus	False	Tuscany	Italy	17
2020-03-01	coronavirus france	False	New York	United States	1
2020-03-01	coronavirus en france	False	Ile-De-France	France	3
2020-03-01	coronavirus tracker	False	Illinois	United States	1
2020-03-01	expressen	True	Orebro County	Sweden	100
2020-03-01	coronavirus uk	False	Greater Manchester	United Kingdom	15
2020-03-01	coronavirus essex	False	London	United Kingdom	1
2020-03-01	ffp3 maske	True	Bavaria	Germany	1
2020-03-01	coronavirus in new york	False	New York	United States	2
2020-03-01	外務省海外安全ホームページ	True	Osaka	Japan	7
2020-03-01	spring break 2020	True	Texas	United States	5
2020-03-01	coronavirus últimas noticias	False	Castilla And Leon	Spain	5
2020-03-01	corona virus in mexico	False	Texas	United States	1
2020-03-01	horry county	True	South Carolina	United States	1
2020-03-01	corona virus schweiz	False	Berne	Switzerland	5
2020-03-01	symptoms of coronavirus	False	Missouri	United States	8
2020-03-01	martin lewis money saving expert	True	Glasgow City	United Kingdom	5
2020-03-01	newsticker coronavirus	False	North Rhine-Westphalia	Germany	1
2020-03-01	wickes	True	West Berkshire	United Kingdom	10
2020-03-01	easter 2020	True	Oklahoma	United States	20
2020-03-01	folkhälsomyndigheten se	True	Sodermanland County	Sweden	6
2020-03-01	coronavirus news	False	Massachusetts	United States	3
2020-03-01	コロナウイルス	False	Ishikawa	Japan	100
2020-03-01	arc mon dossier	True	Quebec	Canada	62
2020-03-01	pets at home	True	Lancashire	United Kingdom	14
2020-03-01	how did the coronavirus start	False	Victoria	Australia	1
2020-03-01	uhc provider login	True	Arizona	United States	1
2020-03-01	demain nous appartient	True	Ile-De-France	France	3
2020-03-01	coronavirus en mayenne	False	Pays De La Loire	France	3
2020-03-01	trader joe's	True	Washington	United States	2
2020-03-01	student finance	True	Medway	United Kingdom	1
2020-03-01	canada.ca	True	British Columbia	Canada	5
2020-03-01	coronavirus update	False	Plaines Wilhems District	Mauritius	100
2020-03-01	corona virus italien	False	Bavaria	Germany	1
2020-03-01	coronavirus en españa	False	Galicia	Spain	3
2020-03-01	how many people have died from coronavirus	False	New Jersey	United States	3
2020-03-01	folkhälsomyndigheten se	True	Orebro County	Sweden	3
2020-03-01	symptômes du coronavirus	False	Ile-De-France	France	1
2020-03-01	nzz	True	Schleswig-Holstein	Germany	2
2020-03-01	debenhams uk	True	Surrey	United Kingdom	6
2020-03-01	mot check	True	Cambridgeshire	United Kingdom	6
2020-03-01	tgcom	True	Umbria	Italy	71
2020-03-01	corona virus update	False	Central	Fiji	100
2020-03-01	coronavirus death rate	False	Washington	United States	1
2020-03-01	coronavirus	False	Stredocesky Kraj	Czech Republic	1
2020-03-01	coronavirus borgosesia	False	Lombardy	Italy	1
2020-03-01	coronavirus oregon	False	Utah	United States	7
2020-03-01	actualités coronavirus	False	Ile-De-France	France	1
2020-03-01	coronavirus in colorado	False	Colorado	United States	4
2020-03-01	cdc coronavirus update	False	Mississippi	United States	12
2020-03-01	drudge report 2020	True	Oklahoma	United States	13
2020-03-01	trump twitter	True	Colorado	United States	2
2020-03-01	coronavirus	False	Region De Murcia	Spain	100
2020-03-01	corona virus	False	Nova Scotia	Canada	1
2020-03-01	coronavirus update map	False	New Mexico	United States	5
2020-03-01	lysol coronavirus	False	Texas	United States	2
2020-03-01	nzz	True	Lower Saxony	Germany	3
2020-03-01	corona virus symptoms	False	Massachusetts	United States	2
2020-03-01	b&q	True	Kent	United Kingdom	35
2020-03-01	ncaa tournament 2020	True	Ohio	United States	2
2020-03-01	coronavirus oregon	False	New Jersey	United States	2
2020-03-01	eatment for the coronavirus	False	Ohio	United States	1
2020-03-01	japan coronavirus	False	Arizona	United States	1
2020-03-01	corona virus	False	British Columbia	Canada	34
2020-03-01	corona virus symptoms	False	Queensland	Australia	3
2020-03-01	coronavirus update	False	California	United States	82
2020-03-01	coronavirus	False	Marches	Italy	87
2020-03-01	corona virus latest	False	London	United Kingdom	1
2020-03-01	nyheter idag	True	Orebro County	Sweden	1
2020-03-01	corona virus update	False	Province 3	Nepal	12
2020-03-01	coronavirus friuli venezia giulia	False	Friuli-Venezia Giulia	Italy	65
2020-03-01	washington state coronavirus	False	Arizona	United States	2
2020-03-01	corona virus deaths	False	Texas	United States	1
2020-03-01	us surgeon general	True	California	United States	1
2020-03-01	coronavirus update	False	Oklahoma	United States	70
2020-03-01	dmg mori	True	Hesse	Germany	2
2020-03-01	coronavirus symptoms	False	Maine	United States	13
2020-03-01	travel restrictions coronavirus	False	New Jersey	United States	2
2020-03-01	how to avoid coronavirus	False	Washington	United States	1
2020-03-01	coronavirus	False	Galicia	Spain	100
2020-03-01	síntomas coronavirus	False	Valencia	Spain	3
2020-03-01	debenhams uk	True	Suffolk	United Kingdom	4
2020-03-01	コロナ	True	Ibaraki	Japan	70
2020-03-01	coronavirus stuttgart	False	Baden-Wuerttemberg	Germany	1
2020-03-01	nationwide building society	True	Cambridgeshire	United Kingdom	3
2020-03-01	corona virus in ri	False	Rhode Island	United States	22
2020-03-01	coronavirus portugal	False	Grand Est	France	1
2020-03-01	chiusura scuole	True	Lombardy	Italy	2
2020-03-01	trump approval rating	True	Missouri	United States	1
2020-03-01	hand sanitizer	True	South Carolina	United States	1
2020-03-01	qanon	True	North Carolina	United States	1
2020-03-01	coronavirus in italy	False	Arizona	United States	2
2020-03-01	coronavirus china	False	Lower Saxony	Germany	1
2020-03-01	impôts gouv professionnels	True	Provence-Alpes-Cote D'azur	France	1
2020-03-01	martin lewis money saving expert	True	Essex	United Kingdom	16
2020-03-01	corona virus canada	False	British Columbia	Canada	5
2020-03-01	coronavirus india	False	Maharashtra	India	5
2020-03-01	nzz	True	Hesse	Germany	3
2020-03-01	sardegna coronavirus	False	Sardinia	Italy	4
2020-03-01	冠状病毒	False	Zhejiang	China	21
2020-03-01	svt nyheter	True	Orebro County	Sweden	18
2020-03-01	coronavirus allemagne	False	Hauts-De-France	France	1
2020-03-01	hmrc login	True	Reading	United Kingdom	1
2020-03-01	superdrug	True	London	United Kingdom	19
2020-03-01	coronavirus symptoms	False	Oklahoma	United States	26
2020-03-01	remdesivir	True	Shanghai	China	1
2020-03-01	xfl	True	Massachusetts	United States	7
2020-03-01	coronavirus ultime notizie oggi	False	Lombardy	Italy	1
2020-03-01	coronavirus	False	Bristol	United Kingdom	100
2020-03-01	tui	True	Belfast City	United Kingdom	4
2020-03-01	coronavirus	False	Harjumaa	Estonia	1
2020-03-01	worldometer coronavirus	False	Washington	United States	2
2020-03-01	pokemon go	True	Texas	United States	2
2020-03-01	coronavirus italie	False	Brittany	France	2
2020-03-01	screwfix	True	Dumfries And Galloway	United Kingdom	100
2020-03-01	マスク	True	Ishikawa	Japan	1
2020-03-01	corona virus	False	Texas	United States	13
2020-03-01	origin of coronavirus	False	New York	United States	1
2020-03-01	coronavirus update	False	Waikato	New Zealand	1
2020-03-01	経済産業省 ホームページ	True	Chiba	Japan	1
2020-03-01	wilko	True	Nottinghamshire	United Kingdom	38
2020-03-01	sainsburys groceries	True	Southend-On-Sea	United Kingdom	40
2020-03-01	b&q	True	Tyne And Wear	United Kingdom	51
2020-03-01	coronavirus in kaiserslautern	False	Rhineland-Palatinate	Germany	1
2020-03-01	coronavirus	False	South Lanarkshire	United Kingdom	67
2020-03-01	coronavirus	False	Aberdeen City	United Kingdom	90
2020-03-01	coronavirus oklahoma	False	Oklahoma	United States	13
2020-03-01	corona virus map	False	British Columbia	Canada	11
2020-03-01	coronavirus	False	Piedmont	Italy	100
2020-03-01	coronavirus oregon	False	Castile-La Mancha	Spain	1
2020-03-01	coronavirus symptoms	False	Greater Manchester	United Kingdom	25
2020-03-01	coronavirus symptoms	False	North Carolina	United States	28
2020-03-01	wilko	True	Lincolnshire	United Kingdom	20
2020-03-01	corona virus wa state	False	Washington	United States	1
2020-03-01	tenerife coronavirus	False	West Yorkshire	United Kingdom	2
2020-03-01	ocado	True	Cambridgeshire	United Kingdom	14
2020-03-01	screwfix	True	Torbay	United Kingdom	100
2020-03-01	wickes	True	Edinburgh City	United Kingdom	2
2020-03-01	コロナ	True	Tokushima	Japan	100
2020-03-01	march madness 2020	True	Illinois	United States	4
2020-03-01	corona virus update	False	Merseyside	United Kingdom	6
2020-03-01	última hora coronavirus	False	Valencia	Spain	2
2020-03-01	david lloyd	True	London	United Kingdom	1
2020-03-01	corona virus in deutschland	False	Bavaria	Germany	1
2020-03-01	phonics play	True	Surrey	United Kingdom	2
2020-03-01	superdrug	True	Wiltshire	United Kingdom	23
2020-03-01	italy coronavirus	False	Texas	United States	4
2020-03-01	coronavirus	False	Quintana Roo	Mexico	1
2020-03-01	ratp	True	Centre-Val De Loire	France	2
2020-03-01	how did the coronavirus get started	False	Washington	United States	1
2020-03-01	trump twitter	True	Missouri	United States	3
2020-03-01	dmg pfronten	True	Bavaria	Germany	1
2020-03-01	corona virus in italy	False	Ohio	United States	2
2020-03-01	italy travel ban	True	Virginia	United States	1
2020-03-01	coronavirus	False	Berne	Switzerland	100
2020-03-01	lloyds business banking	True	Essex	United Kingdom	1
2020-03-01	first us death coronavirus	False	South Carolina	United States	7
2020-03-01	rki coronavirus	False	Berlin	Germany	11
2020-03-01	ministero dell'interno	True	Lombardy	Italy	3
2020-03-01	corona virus update	False	British Columbia	Canada	100
2020-03-01	wdr coronavirus	False	North Rhine-Westphalia	Germany	2
2020-03-01	coronavirus	False	Istanbul	Turkey	1
2020-03-01	coronavirus map	False	Oklahoma	United States	11
2020-03-01	東京都	True	Chiba	Japan	8
2020-03-01	companies house	True	West Berkshire	United Kingdom	39
2020-03-01	trump coronavirus	False	Virginia	United States	1
2020-03-01	droit de retrait	True	Ile-De-France	France	1
2020-03-01	coronavirus symptoms	False	Alaska	United States	14
2020-03-01	tui	True	Newport	United Kingdom	75
2020-03-01	symptoms of coronavirus in humans	False	Ontario	Canada	1
2020-03-01	universal credit	True	Hertfordshire	United Kingdom	2
2020-03-01	corona virus update	False	Queensland	Australia	25
2020-03-01	gouvernement	True	Provence-Alpes-Cote D'azur	France	1
2020-03-01	coronavirus symptoms	False	Utah	United States	19
2020-03-01	gov.uk	True	Glasgow City	United Kingdom	10
2020-03-01	coronavirus case in new york	False	Ohio	United States	1
2020-03-01	corona virus frankfurt	False	Hesse	Germany	1
2020-03-01	contagion movie	True	Texas	United States	1
2020-03-01	coronavirus	False	Apulia	Italy	79
2020-03-01	pets at home	True	Cambridgeshire	United Kingdom	9
2020-03-01	コロナ　症状	True	Kanagawa	Japan	8
2020-03-01	corona virus update	False	North Dakota	United States	10
2020-03-01	コロナ	True	Miyazaki	Japan	100
2020-03-01	qanon	True	Michigan	United States	1
2020-03-01	ncpa march madness no crowds	True	Ohio	United States	1
2020-03-01	corona beer virus	False	Ohio	United States	1
2020-03-01	coronavirus update	False	Kentucky	United States	63
2020-03-01	ndr	True	Mecklenburg-West Pomerania	Germany	25
2020-03-01	経済産業省　コロナ	True	Osaka	Japan	1
2020-03-01	sainsburys groceries	True	Nottingham City	United Kingdom	45
2020-03-01	coronavirus	False	Oklahoma	United States	100
2020-03-01	coronavirus	False	British Columbia	Canada	68
2020-03-01	coronavirus symptome	False	Baden-Wuerttemberg	Germany	10
2020-03-01	home bargains	True	London	United Kingdom	3
2020-03-01	coronavirus fvg	False	Friuli-Venezia Giulia	Italy	70
2020-03-01	coronavirus españa	False	Region De Murcia	Spain	47
2020-03-01	coronavirus news	False	Sardinia	Italy	1
2020-03-01	protezione civile	True	Abruzzi	Italy	7
2020-03-01	coronavirus	False	Victoria	Australia	100
2020-03-01	svt nyheter	True	Stockholm County	Sweden	19
2020-03-01	coronavirus update	False	Jakarta	Indonesia	53
2020-03-01	gov.uk	True	West Yorkshire	United Kingdom	9
2020-03-01	currys pc world	True	Fife	United Kingdom	45
2020-03-01	face masks	True	Ohio	United States	6
2020-03-01	korona virüsü	False	Istanbul	Turkey	100
2020-03-01	外務省海外安全ホームページ	True	Chiba	Japan	2
2020-03-01	xfl	True	Iowa	United States	10
2020-03-01	coronavirus amiens	False	Hauts-De-France	France	1
2020-03-01	unemployment claim	True	Missouri	United States	6
2020-03-01	wickes	True	Lincolnshire	United Kingdom	20
2020-03-01	coronavirus in hawaii	False	Ohio	United States	1
2020-03-01	waitrose	True	Edinburgh City	United Kingdom	6
2020-03-01	corona virus update	False	Oklahoma	United States	20
2020-03-01	washington state coronavirus outbreak	False	Ohio	United States	1
2020-03-01	jet2 holidays 2020	True	Norfolk	United Kingdom	8
2020-03-01	segurança social directa	True	Coimbra	Portugal	1
2020-03-01	heute.de	True	North Rhine-Westphalia	Germany	1
2020-03-01	north korea coronavirus	False	Virginia	United States	1
2020-03-01	symptômes coronavirus	False	Ile-De-France	France	2
2020-03-01	3m n95 mask	True	Washington	United States	1
2020-03-01	companies house	True	Northamptonshire	United Kingdom	15
2020-03-01	coronavirus morbihan	False	Brittany	France	23
2020-03-01	symptoms of coronavirus	False	Minnesota	United States	8
2020-03-01	coronavirus canada	False	British Columbia	Canada	13
2020-03-01	comal county	True	Texas	United States	3
2020-03-01	corona virus ontario	False	Ontario	Canada	3
2020-03-01	coronavirus update san francisco	False	Ohio	United States	1
2020-03-01	sainsburys	True	Cambridgeshire	United Kingdom	9
2020-03-01	march madness 2020	True	Oregon	United States	1
2020-03-01	coronavirus symptoms	False	North Holland	Netherlands	2
2020-03-01	easter 2020	True	South Carolina	United States	20
2020-03-01	coronavirus latest news	False	Maharashtra	India	100
2020-03-01	coronavirus statistics	False	Greater Manchester	United Kingdom	2
2020-03-01	corona virus	False	Ile-De-France	France	6
2020-03-01	la balme de sillingy	True	Provence-Alpes-Cote D'azur	France	1
2020-03-01	coronavirus in wisconsin	False	Wisconsin	United States	3
2020-03-01	mondial relay	True	Pays De La Loire	France	10
2020-03-01	coronavirus	False	Idaho	United States	100
2020-03-01	b&q	True	Cheshire	United Kingdom	18
2020-03-01	student finance login	True	London	United Kingdom	5
2020-03-01	ameli	True	Pays De La Loire	France	41
2020-03-01	jet2holidays	True	Essex	United Kingdom	22
2020-03-01	coronavirus en france aujourd hui	False	Ile-De-France	France	1
2020-03-01	corona virus	False	Oklahoma	United States	7
2020-03-01	coronavírus no brasil	False	Parana	Brazil	100
2020-03-01	wilko	True	Derby City	United Kingdom	7
2020-03-01	厚労省　コロナ	True	Chiba	Japan	1
2020-03-01	coronavirus	False	Geneva	Switzerland	100
2020-03-01	マスク	True	Hokkaido	Japan	38
2020-03-01	symptoms of coronavirus	False	Michigan	United States	13
2020-03-01	coronavirus news	False	Minnesota	United States	2
2020-03-01	how to make hand sanitizer	True	California	United States	2
2020-03-01	coronavirus amiens	False	Pays De La Loire	France	2
2020-03-01	viaggiare sicuri	True	Campania	Italy	2
2020-03-01	coronavirus	False	Waikato	New Zealand	100
2020-03-01	coronavirus death toll	False	British Columbia	Canada	1
2020-03-01	coronavirus in usa	False	Illinois	United States	1
2020-03-01	ultimas noticias coronavirus	False	Community Of Madrid	Spain	2
2020-03-01	who died of coronavirus in california	False	Ohio	United States	1
2020-03-01	coronavirus lombardia	False	Emilia-Romagna	Italy	1
2020-03-01	coronavirus regione piemonte	False	Piedmont	Italy	3
2020-03-01	ministero della salute	True	Calabria	Italy	1
2020-03-01	objawy koronawirusa	True	Mazowieckie	Poland	21
2020-03-01	remdesivir	True	New York	United States	1
2020-03-01	コロナウイルス	False	Miyazaki	Japan	90
2020-03-01	coronavirus bremen	False	Lower Saxony	Germany	3
2020-03-01	cdc coronavirus update	False	Oklahoma	United States	20
2020-03-01	coronavirus schleswig holstein	False	Schleswig-Holstein	Germany	7
2020-03-01	china coronavirus	False	Texas	United States	1
2020-03-01	cheltenham festival 2020	True	Tyne And Wear	United Kingdom	4
2020-03-01	コロナ	True	Iwate	Japan	97
2020-03-01	cineworld	True	Cardiff	United Kingdom	22
2020-03-01	sainsburys groceries	True	Merseyside	United Kingdom	22
2020-03-01	sainsburys groceries	True	Cambridgeshire	United Kingdom	28
2020-03-01	what is the coronavirus	False	Missouri	United States	4
2020-03-01	urssaf	True	Grand Est	France	7
2020-03-01	2019-ncov	True	Jiangsu	China	1
2020-03-01	how long does coronavirus live on surfaces	False	California	United States	1
2020-03-01	corona virus	False	Province 3	Nepal	1
2020-03-01	universal credit	True	Lincolnshire	United Kingdom	3
2020-03-01	jet2 holidays 2020	True	Warwickshire	United Kingdom	1
2020-03-01	tui	True	Edinburgh City	United Kingdom	16
2020-03-01	coronavirus schweiz	False	Berne	Switzerland	39
2020-03-01	coronavirus update	False	Utah	United States	100
2020-03-01	covid-19	False	Saitama	Japan	3
2020-03-01	ntv livestream	True	Lower Saxony	Germany	2
2020-03-01	coronavirus news	False	Campania	Italy	7
2020-03-01	coronavirus in bc	False	British Columbia	Canada	2
2020-03-01	corona virus im allgäu	False	Bavaria	Germany	1
2020-03-01	fadinmed corsi ecm gratuiti	True	Latium	Italy	2
2020-03-01	woher kommt der coronavirus	False	Bavaria	Germany	1
2020-03-01	coronavirus	False	Queensland	Australia	100
2020-03-01	south korea homicide coronavirus	False	Tokyo	Japan	1
2020-03-01	france coronavirus	False	Ile-De-France	France	1
2020-03-01	corona virus update	False	Oxfordshire	United Kingdom	8
2020-03-01	drudge report 2020	True	South Carolina	United States	8
2020-03-01	マスク	True	Chiba	Japan	60
2020-03-01	coronavirus in friuli	False	Friuli-Venezia Giulia	Italy	11
2020-03-01	il tirreno livorno	True	Tuscany	Italy	30
2020-03-01	ud reserekommendationer	True	Stockholm County	Sweden	1
2020-03-01	who coronavirus	False	Massachusetts	United States	1
2020-03-01	aida kreuzfahrten	True	Thuringia	Germany	5
2020-03-01	nebraska coronavirus	False	Ohio	United States	2
2020-03-01	drudge report 2020	True	Nevada	United States	7
2020-03-01	elk grove unified school district	True	California	United States	1
2020-03-01	cdc coronavirus	False	Oklahoma	United States	4
2020-03-01	コロナウイルス	False	Kanagawa	Japan	90
2020-03-01	carte coronavirus	False	Pays De La Loire	France	4
2020-03-01	coronavirus südtirol	False	Baden-Wuerttemberg	Germany	2
2020-03-01	dmg mori	True	Bavaria	Germany	8
2020-03-01	screwfix	True	Glasgow City	United Kingdom	70
2020-03-01	coronavirus beauvais	False	Hauts-De-France	France	1
2020-03-01	jet2 holidays 2020	True	Essex	United Kingdom	2
2020-03-01	coronavirus en méxico	False	Mexico City	Mexico	30
2020-03-01	pokemon go	True	California	United States	2
2020-03-01	trump coronavirus	False	New York	United States	2
2020-03-01	coronavirus worldometer	False	Victoria	Australia	1
2020-03-01	pajemploi assistante maternelle	True	Centre-Val De Loire	France	1
2020-03-01	gisanddata coronavirus map	False	Mazowieckie	Poland	4
2020-03-01	coronavirus in canada	False	British Columbia	Canada	3
2020-03-01	coronavirus in wuppertal	False	North Rhine-Westphalia	Germany	1
2020-03-01	screwfix	True	Cambridgeshire	United Kingdom	84
2020-03-01	canada coronavirus	False	Alberta	Canada	1
2020-03-01	coronavirus seattle	False	New Jersey	United States	1
2020-03-01	coronavírus no brasil	False	Rio De Janeiro	Brazil	28
2020-03-01	cdc travel advisory	True	Texas	United States	4
2020-03-01	coronavirus rennes	False	Brittany	France	30
2020-03-01	corona virus stats	False	New South Wales	Australia	1
2020-03-01	trump twitter	True	Tennessee	United States	7
2020-03-01	xfl	True	Missouri	United States	23
2020-03-01	aeroporto bologna	True	Emilia-Romagna	Italy	5
2020-03-01	cdc coronavirus update	False	Alabama	United States	14
2020-03-01	coronavirus news	False	Greater Manchester	United Kingdom	2
2020-03-01	superdrug	True	Plymouth	United Kingdom	80
2020-03-01	cdc coronavirus update	False	Alaska	United States	23
2020-03-01	coronavirus australia	False	Queensland	Australia	20
2020-03-01	coronavirus map	False	Capital	Bahrain	1
2020-03-01	coronavirus weltkarte	False	North Rhine-Westphalia	Germany	1
2020-03-01	coronavirus	False	Distrito Nacional	Dominican Republic	100
2020-03-01	sensex	True	Maharashtra	India	90
2020-03-01	american airlines milan	True	Oklahoma	United States	8
2020-03-01	road tax	True	Glasgow City	United Kingdom	3
2020-03-01	tgcom	True	Piedmont	Italy	92
2020-03-01	dvla	True	Suffolk	United Kingdom	20
2020-03-01	coronavirus update seattle	False	Washington	United States	1
2020-03-01	la vanguardia	True	Region De Murcia	Spain	54
2020-03-01	コロナウイルス感染症	False	Chiba	Japan	3
2020-03-01	coronavirus todesfälle	False	Baden-Wuerttemberg	Germany	1
2020-03-01	coronavirus symptoms	False	Iowa	United States	19
2020-03-01	tui	True	Lincolnshire	United Kingdom	20
2020-03-01	decreto ministeriale coronavirus	False	Lombardy	Italy	1
2020-03-01	coronavirus map	False	British Columbia	Canada	7
2020-03-01	easter 2020	True	Michigan	United States	18
2020-03-01	コロナ	True	Kumamoto	Japan	100
2020-03-01	canada.ca	True	Alberta	Canada	5
2020-03-01	hmrc login	True	Aberdeen City	United Kingdom	40
2020-03-01	latest on coronavirus	False	North Carolina	United States	2
2020-03-01	italy coronavirus	False	Idaho	United States	3
2020-03-01	ministero della salute	True	Lombardy	Italy	21
2020-03-01	flight centre	True	South Australia	Australia	63
2020-03-01	wilko	True	North Yorkshire	United Kingdom	16
2020-03-01	travel republic	True	Edinburgh City	United Kingdom	14
2020-03-01	masque ffp2	True	Provence-Alpes-Cote D'azur	France	3
2020-03-01	burioni	True	Liguria	Italy	9
2020-03-01	face masks for coronavirus	False	Ohio	United States	8
2020-03-01	r coronavirus	False	Rhode Island	United States	3
2020-03-01	wickes	True	Nottinghamshire	United Kingdom	38
2020-03-01	rki	True	Brandenburg	Germany	21
2020-03-01	corona virus in italy	False	California	United States	1
2020-03-01	specsavers	True	Cambridgeshire	United Kingdom	6
2020-03-01	マスク	True	Miyazaki	Japan	1
2020-03-01	kirkland nursing facility coronavirus	False	Wyoming	United States	25
2020-03-01	nrw coronavirus	False	North Rhine-Westphalia	Germany	2
2020-03-01	cdc coronavirus	False	Arizona	United States	4
2020-03-01	symptôme du coronavirus	False	Ile-De-France	France	1
2020-03-01	coronavirus symptoms	False	London	United Kingdom	23
2020-03-01	sensex	True	Haryana	India	1
2020-03-01	foreign office travel advice	True	West Yorkshire	United Kingdom	3
2020-03-01	coronavirus update	False	South Carolina	United States	73
2020-03-01	march madness 2020	True	Wisconsin	United States	8
2020-03-01	コロナウイルスとは	False	Chiba	Japan	6
2020-03-01	cdc coronavirus update	False	Texas	United States	18
2020-03-01	coronavirus update oregon	False	Oregon	United States	1
2020-03-01	coronavirus mexico	False	British Columbia	Canada	2
2020-03-01	specsavers	True	England	United Kingdom	4
2020-03-01	symptoms of coronavirus	False	West Yorkshire	United Kingdom	10
2020-03-01	corona virus	False	Alberta	Canada	24
2020-03-01	wickes	True	North Yorkshire	United Kingdom	12
2020-03-01	cdc coronavirus	False	Colorado	United States	4
2020-03-01	who coronavirus	False	North Rhine-Westphalia	Germany	2
2020-03-01	deaths from coronavirus	False	Washington	United States	1
2020-03-01	coronavirus sachsen	False	Saxony	Germany	6
2020-03-01	coronavirus	False	`Amman	Jordan	1
2020-03-01	coronavirus schweiz aktuell	False	Berne	Switzerland	1
2020-03-01	cineworld	True	Tyne And Wear	United Kingdom	6
2020-03-01	hln nieuws	True	Antwerp	Belgium	100
2020-03-01	us coronavirus cases	False	New York	United States	1
2020-03-01	n95 mask	True	Wisconsin	United States	2
2020-03-01	coronavirus map	False	Hesse	Germany	2
2020-03-01	jet2 flights	True	Essex	United Kingdom	4
2020-03-01	companies house	True	Nottingham City	United Kingdom	9
2020-03-01	coronavirus us	False	California	United States	1
2020-03-01	drudge report 2020	True	Massachusetts	United States	8
2020-03-01	student finance	True	London	United Kingdom	3
2020-03-01	coronavirus suisse	False	Grand Est	France	1
2020-03-01	coronavirus carte	False	Hauts-De-France	France	1
2020-03-01	volotea	True	Nouvelle-Aquitaine	France	12
2020-03-01	rivm coronavirus	False	Groningen	Netherlands	1
2020-03-01	coronavirus sverige	False	Skane County	Sweden	1
2020-03-01	corona virus deutschland	False	Bavaria	Germany	2
2020-03-01	how many people have died from coronavirus	False	Tennessee	United States	5
2020-03-01	coronavirus india	False	California	United States	1
2020-03-01	coronavirus utah	False	Utah	United States	10
2020-03-01	hertfordshire coronavirus	False	London	United Kingdom	1
2020-03-01	travel republic	True	Lancashire	United Kingdom	18
2020-03-01	coronavirus news	False	British Columbia	Canada	6
2020-03-01	aida kreuzfahrten	True	Hesse	Germany	1
2020-03-01	tsb bank	True	Lincolnshire	United Kingdom	1
2020-03-01	corona virus canada	False	Alberta	Canada	7
2020-03-01	superdrug	True	Cambridgeshire	United Kingdom	6
2020-03-01	flu vs coronavirus	False	California	United States	1
2020-03-01	symptoms of coronavirus	False	Edinburgh City	United Kingdom	10
2020-03-01	xfl	True	Colorado	United States	8
2020-03-01	tui	True	North Yorkshire	United Kingdom	29
2020-03-01	jet2 holidays 2020	True	Kingston Upon Hull	United Kingdom	15
2020-03-01	coronavirus italien	False	Hesse	Germany	3
2020-03-01	new coronavirus screening procedures	False	Ohio	United States	4
2020-03-01	france info	True	Ile-De-France	France	15
2020-03-01	coronavirus map	False	Greater Manchester	United Kingdom	3
2020-03-01	cdc coronavirus	False	Texas	United States	2
2020-03-01	コロナウイルス	False	Chiba	Japan	90
2020-03-01	coronavirus symptômes	False	Brittany	France	4
2020-03-01	morrisons	True	Warwickshire	United Kingdom	39
2020-03-01	coronavirus news	False	North Rhine-Westphalia	Germany	8
2020-03-01	coronavirus friuli	False	Lombardy	Italy	1
2020-03-01	coronavirus	False	Akershus	Norway	100
2020-03-01	corona virus	False	Rhineland-Palatinate	Germany	18
2020-03-01	wickes	True	Northamptonshire	United Kingdom	18
2020-03-01	who coronavirus	False	California	United States	1
2020-03-01	sars virus	True	Arizona	United States	2
2020-03-01	coronavirus death toll	False	Queensland	Australia	4
2020-03-01	coronavirus symptoms	False	South Carolina	United States	24
2020-03-01	corona virus italia	False	Apulia	Italy	3
2020-03-01	gov.uk	True	Reading	United Kingdom	12
2020-03-01	coronavirus germania	False	Latium	Italy	2
2020-03-01	coronavirus	False	South Moravian	Czech Republic	100
2020-03-01	coronavirus le havre	False	Normandy	France	3
2020-03-01	coronavirus symptoms	False	British Columbia	Canada	25
2020-03-01	currys pc world	True	Brighton And Hove	United Kingdom	54
2020-03-01	poste italiane	True	Tuscany	Italy	72
2020-03-01	corona virus map	False	Alberta	Canada	8
2020-03-01	tui	True	Milton Keynes	United Kingdom	1
2020-03-01	coronavirus en ile de france	False	Ile-De-France	France	1
2020-03-01	coronavirus	False	Liege	Belgium	56
2020-03-01	coronavirus españa última hora	False	Castilla And Leon	Spain	5
2020-03-01	screwfix	True	North Yorkshire	United Kingdom	100
2020-03-01	coronavirus hochtaunuskreis	False	Hesse	Germany	1
2020-03-01	coronavirus in fvg	False	Friuli-Venezia Giulia	Italy	4
2020-03-01	california coronavirus	False	Washington	United States	1
2020-03-01	n95 mask	True	Colorado	United States	6
2020-03-01	currys pc world	True	Dumfries And Galloway	United Kingdom	1
2020-03-01	pope francis coronavirus	False	New Jersey	United States	2
2020-03-01	cdc coronavirus update	False	Illinois	United States	16
2020-03-01	cdc corona virus	False	Texas	United States	1
2020-03-01	svt nyheter	True	Halland County	Sweden	18
2020-03-01	tui	True	Glasgow City	United Kingdom	21
2020-03-01	symptoms of coronavirus	False	Cambridgeshire	United Kingdom	1
2020-03-01	coronavirus	False	Brabant	Belgium	1
2020-03-01	coronavirus berlin	False	Lower Saxony	Germany	1
2020-03-01	universal credit	True	Norfolk	United Kingdom	8
2020-03-01	コロナ　症状	True	Chiba	Japan	3
2020-03-01	poste italiane	True	Calabria	Italy	84
2020-03-01	corona virus	False	Skane County	Sweden	1
2020-03-01	hoseasons	True	Essex	United Kingdom	2
2020-03-01	corona virus ny	False	New York	United States	2
2020-03-01	where did coronavirus come from	False	Oregon	United States	1
2020-03-01	snl cold open	True	Texas	United States	2
2020-03-01	scarborough news	True	North Yorkshire	United Kingdom	16
2020-03-01	ontario confirms new coronavirus	False	Ontario	Canada	3
2020-03-01	coronavirus update	False	British Columbia	Canada	38
2020-03-01	farnesina	True	Piedmont	Italy	5
2020-03-01	coronavirus ulm	False	Baden-Wuerttemberg	Germany	1
2020-03-01	corona virus update	False	Alberta	Canada	100
2020-03-01	trader joe's	True	Minnesota	United States	1
2020-03-01	symptoms of coronavirus	False	Lincolnshire	United Kingdom	3
2020-03-01	symptôme coronavirus	False	Pays De La Loire	France	9
2020-03-01	flu vs coronavirus	False	New York	United States	1
2020-03-01	superdrug	True	Edinburgh City	United Kingdom	8
2020-03-01	corona virus stats	False	Ontario	Canada	2
2020-03-01	coronavirus	False	Plzensky Kraj	Czech Republic	1
2020-03-01	コロナ	True	Osaka	Japan	100
2020-03-01	easter 2020	True	Virginia	United States	15
2020-03-01	corona virus in rhode island	False	Rhode Island	United States	8
2020-03-01	affiche coronavirus	False	Ile-De-France	France	2
2020-03-01	コロナウイルス	False	Iwate	Japan	100
2020-03-01	coronavirus death toll	False	California	United States	2
2020-03-01	aew	True	Tennessee	United States	4
2020-03-01	coronavirus chine	False	Hauts-De-France	France	4
2020-03-01	corona virus berlin	False	Bavaria	Germany	1
2020-03-01	zinc lozenges	True	New York	United States	1
2020-03-01	coronavirus update	False	Arkansas	United States	100
2020-03-01	coronavirus	False	Alger	Algeria	1
2020-03-01	sainsburys groceries	True	North Yorkshire	United Kingdom	12
2020-03-01	rki coronavirus	False	Saxony	Germany	15
2020-03-01	travel restrictions coronavirus	False	Washington	United States	1
2020-03-01	coronavirus map	False	South Carolina	United States	7
2020-03-01	コロナ	True	Chiba	Japan	100
2020-03-01	is there a cure for the coronavirus	False	Texas	United States	1
2020-03-01	seguridad social	True	Region De Murcia	Spain	34
2020-03-01	nyc news	True	New York	United States	1
2020-03-01	how many deaths from coronavirus	False	New York	United States	1
2020-03-01	coronavirus update canada	False	British Columbia	Canada	7
2020-03-01	coronavirus symptômes	False	Provence-Alpes-Cote D'azur	France	5
2020-03-01	what is coronavirus	False	Arizona	United States	11
2020-03-01	coronavirus	False	Alberta	Canada	76
2020-03-01	kirkland washington	True	Massachusetts	United States	4
2020-03-01	niedersachsen coronavirus	False	Lower Saxony	Germany	2
2020-03-01	tesco credit card	True	Cambridgeshire	United Kingdom	12
2020-03-01	latest on coronavirus	False	Illinois	United States	1
2020-03-01	東京都	True	Miyagi	Japan	1
2020-03-01	rtbf info	True	Flemish Brabant	Belgium	7
2020-03-01	coronavirus in texas	False	Ohio	United States	2
2020-03-01	what states have coronavirus	False	New Jersey	United States	1
2020-03-01	coronavirus aggiornamenti	False	Lombardy	Italy	3
2020-03-01	desinfektionsmittel coronavirus	False	Bavaria	Germany	1
2020-03-01	first casr od coronavirus i rhode islnd	False	Ohio	United States	1
2020-03-01	corona virus	False	Stockholm County	Sweden	1
2020-03-01	home bargains	True	Essex	United Kingdom	17
2020-03-01	la vanguardia	True	Castile-La Mancha	Spain	50
2020-03-01	corona virus update	False	Massachusetts	United States	15
2020-03-01	california coronavirus	False	Texas	United States	1
2020-03-01	sainsburys	True	North Yorkshire	United Kingdom	24
2020-03-01	how many cases of coronavirus	False	California	United States	1
2020-03-01	coronavirus vannes	False	Brittany	France	5
2020-03-01	coronavirus in the united states	False	Oregon	United States	1
2020-03-01	drudge report 2020	True	Utah	United States	8
2020-03-01	easter 2020	True	North Carolina	United States	25
2020-03-01	coronavirus symptoms	False	Jakarta	Indonesia	3
2020-03-01	coronavirus manchester	False	Greater Manchester	United Kingdom	5
2020-03-01	coronavirus symptoms	False	Minnesota	United States	19
2020-03-01	tgcom	True	Liguria	Italy	42
2020-03-01	corona virus map	False	New Mexico	United States	5
2020-03-01	coronavirus suisse	False	Berne	Switzerland	9
2020-03-01	coronavirus vancouver	False	British Columbia	Canada	1
2020-03-01	coronavirus symptomen	False	North Holland	Netherlands	1
2020-03-01	corona virus symptoms	False	Illinois	United States	1
2020-03-01	coronavirus alberta	False	Alberta	Canada	4
2020-03-01	pajemploi	True	Centre-Val De Loire	France	89
2020-03-01	reddit coronavirus	False	Washington	United States	1
2020-03-01	b&q	True	Gloucestershire	United Kingdom	36
2020-03-01	companies house	True	Tyne And Wear	United Kingdom	18
2020-03-01	staysure travel insurance	True	London	United Kingdom	1
2020-03-01	coronavirus italie	False	Provence-Alpes-Cote D'azur	France	6
2020-03-01	covid19	False	Chiba	Japan	1
2020-03-01	face masks for coronavirus	False	Virginia	United States	3
2020-03-01	urssaf	True	Nouvelle-Aquitaine	France	9
2020-03-01	corona virus nyc	False	Ohio	United States	2
