Date	Query	IsImplicitIntent	Country	PopularityScore
2020-12-01	chiffres coronavirus	False	France	1
2020-12-01	biden speech	True	United States	1
2020-12-01	manitoba coronavirus update	False	Canada	2
2020-12-01	morts coronavirus france	False	France	1
2020-12-01	biden covid team	False	United States	1
2020-12-01	landratsamt biberach	True	Germany	1
2020-12-01	london ontario covid 19 update	False	Canada	2
2020-12-01	mort covid france	False	France	1
2020-12-01	cvs pharmacy covid 19 testing	False	United States	1
2020-12-01	biden covid plan	False	United States	1
2020-12-01	abruzzo covid	False	Italy	1
2020-12-01	sc dhec covid	False	United States	1
2020-12-01	canada covid vaccine	False	Canada	1
2020-12-01	decreto natale	True	Italy	1
2020-12-01	cvs pcr covid testing near me	False	United States	1
2020-12-01	london middlesex covid 19 cases	False	Canada	2
2020-12-01	landratsamt böblingen	True	Germany	1
2020-12-01	chiffres coronavirus france	False	France	1
2020-12-01	mort coronavirus france	False	France	1
2020-12-01	bettermed	True	United States	1
2020-12-01	cvs mychart login	True	United States	2
2020-12-01	ligne info covid	False	Canada	1
2020-12-01	abruzzo zona rossa	True	Italy	1
2020-12-01	jackson county oregon covid	False	United States	1
2020-12-01	mononucleose infectieuse	True	France	1
2020-12-01	sc dhec covid by zip code	False	United States	1
2020-12-01	better med	True	United States	1
2020-12-01	landratsamt coburg	True	Germany	1
2020-12-01	ligne covid	False	Canada	1
2020-12-01	canada emergency wage subsidy	True	Canada	3
2020-12-01	mondial relay	True	France	20
2020-12-01	decreto cura italia	True	Italy	1
2020-12-01	ultime news	True	Italy	1
2020-12-01	betsy devos	True	United States	1
2020-12-01	chiffres covid	False	France	2
2020-12-01	adriana volpe	True	Italy	1
2020-12-01	lewis hamilton covid	False	Canada	2
2020-12-01	landratsamt coburg coronavirus	False	Germany	1
2020-12-01	moderna	True	France	1
2020-12-01	bethlehem	True	United States	1
2020-12-01	lcbo hours	True	Canada	5
2020-12-01	aeroporto bologna	True	Italy	1
2020-12-01	oklahoma state department of health	True	United States	1
2020-12-01	ministère intérieur covid	False	France	1
2020-12-01	best stocks for coronavirus	False	United States	1
2020-12-01	lanark leeds and grenville health unit	True	Canada	1
2020-12-01	canada rent subsidy application	True	Canada	2
2020-12-01	landratsamt dachau	True	Germany	1
2020-12-01	decreto covid	False	Italy	1
2020-12-01	cvs mychart	True	United States	1
2020-12-01	ministère du travail	True	France	1
2020-12-01	chiffres covid 19	False	France	1
2020-12-01	best masks for covid	False	United States	1
2020-12-01	lambton public health	True	Canada	3
2020-12-01	aggiornamento coronavirus	False	Italy	1
2020-12-01	landratsamt forchheim	True	Germany	1
2020-12-01	ministère des sports coronavirus	False	France	1
2020-12-01	best mask for coronavirus	False	United States	1
2020-12-01	lambton health unit	True	Canada	1
2020-12-01	new york city coronavirus	False	United States	1
2020-12-01	aggiornamento coronavirus italia	False	Italy	1
2020-12-01	ministère des sports	True	France	1
2020-12-01	best gloves for covid 19	False	United States	1
2020-12-01	canadian tire hours	True	Canada	1
2020-12-01	kingstonist	True	Canada	2
2020-12-01	decreto conte	True	Italy	1
2020-12-01	sc unemployment	True	United States	1
2020-12-01	landratsamt heidenheim	True	Germany	1
2020-12-01	chiffres covid 19 france	False	France	1
2020-12-01	ministère de la santé	True	France	1
2020-12-01	best face masks	True	United States	1
2020-12-01	kingston covid 19 update	False	Canada	1
2020-12-01	alberto zangrillo	True	Italy	1
2020-12-01	ministère de l intérieur coronavirus	False	France	1
2020-12-01	best covid mask	False	United States	1
2020-12-01	landratsamt kronach	True	Germany	1
2020-12-01	cvs my chart	True	United States	1
2020-12-01	kfla public health coronavirus	False	Canada	1
2020-12-01	ministère de l intérieur attestation covid	False	France	1
2020-12-01	best covid 19 mask protection	False	United States	1
2020-12-01	cas covid	False	Canada	1
2020-12-01	alessandria news	True	Italy	1
2020-12-01	decreto	True	Italy	1
2020-12-01	scarf mask	True	United States	1
2020-12-01	kfla public health	True	Canada	2
2020-12-01	chiffres covid france	False	France	1
2020-12-01	coronavirus update	False	Fiji	1
2020-12-01	landratsamt lörrach	True	Germany	1
2020-12-01	ministere des sports	True	France	1
2020-12-01	best buy return policy	True	United States	1
2020-12-01	kfla	True	Canada	2
2020-12-01	alto adige	True	Italy	3
2020-12-01	ministere de la sante	True	France	1
2020-12-01	cvs minute clinic covid testing	False	United States	1
2020-12-01	bert ogden arena covid testing	False	United States	1
2020-12-01	landratsamt ostallgäu	True	Germany	1
2020-12-01	jacksonville covid 19 cases	False	United States	1
2020-12-01	cas covid quebec	False	Canada	3
2020-12-01	kelowna news	True	Canada	2
2020-12-01	deco	True	Italy	1
2020-12-01	test sierologico coronavirus	False	Italy	1
2020-12-01	ministere de l interieur coronavirus	False	France	1
2020-12-01	chine coronavirus	False	France	1
2020-12-01	berkeley bowl covid	False	United States	1
2020-12-01	cvs covid vaccine distribution	False	United States	1
2020-12-01	andamento coronavirus	False	Italy	1
2020-12-01	justin trudeau	True	Canada	15
2020-12-01	landratsamt pirna	True	Germany	2
2020-12-01	ministere de l interieur attestation covid	False	France	1
2020-12-01	bergen county nj	True	United States	1
2020-12-01	hippa laws 2020	True	United States	1
2020-12-01	jordan peterson	True	Canada	6
2020-12-01	coronavirus	False	Ecuador	77
2020-12-01	ansa campania	True	Italy	1
2020-12-01	cas covid québec	False	Canada	1
2020-12-01	michel onfray site	True	France	1
2020-12-01	dati covid oggi	False	Italy	2
2020-12-01	scdhec	True	United States	1
2020-12-01	bergen county covid testing	False	United States	1
2020-12-01	chloroquine	True	France	1
2020-12-01	johnson johnson covid vaccine	False	Canada	1
2020-12-01	landratsamt rastatt	True	Germany	1
2020-12-01	michel onfray covid	False	France	1
2020-12-01	bergen county	True	United States	1
2020-12-01	johnson and johnson vaccine	True	Canada	6
2020-12-01	covid	False	Ecuador	1
2020-12-01	ansa notizie	True	Italy	1
2020-12-01	oklahoma travel restrictions	True	United States	1
2020-12-01	michel onfray	True	France	1
2020-12-01	benzalkonium chloride	True	United States	1
2020-12-01	johnson and johnson covid 19 vaccine news	False	Canada	2
2020-12-01	cas de covid au quebec	False	Canada	1
2020-12-01	landratsamt sigmaringen	True	Germany	1
2020-12-01	dati covid 1 dicembre	False	Italy	1
2020-12-01	new stimulus proposal	True	United States	1
2020-12-01	michel cymes	True	France	1
2020-12-01	chomage partiel	True	France	2
2020-12-01	benton franklin health department	True	United States	1
2020-12-01	johns hopkins coronavirus update	False	Canada	1
2020-12-01	covid 19	False	Ecuador	39
2020-12-01	ansa puglia	True	Italy	1
2020-12-01	mhd	True	France	1
2020-12-01	cvs covid tests	False	United States	1
2020-12-01	ben shapiro	True	United States	1
2020-12-01	schedule covid test	False	United States	1
2020-12-01	johns hopkins coronavirus map	False	Canada	5
2020-12-01	landratsamt sonneberg	True	Germany	1
2020-12-01	mesures covid 19	False	France	1
2020-12-01	cas de covid au québec	False	Canada	1
2020-12-01	beltrami county covid cases	False	United States	1
2020-12-01	dati covid	False	Italy	1
2020-12-01	cvs covid testing sites	False	United States	1
2020-12-01	johns hopkins coronavirus dashboard	False	Canada	1
2020-12-01	chomage partiel covid 19	False	France	1
2020-12-01	ministerio de salud	True	Ecuador	1
2020-12-01	jam covid 19 moh jm immigration application	False	United States	1
2020-12-01	mesures covid	False	France	1
2020-12-01	bells palsy 2020	True	United States	1
2020-12-01	ansa ultima ora	True	Italy	3
2020-12-01	john hopkins coronavirus update	False	Canada	1
2020-12-01	landratsamt traunstein	True	Germany	1
2020-12-01	scheduling coronavirus in gov	False	United States	1
2020-12-01	mery sur oise	True	France	1
2020-12-01	belgium coronavirus	False	United States	1
2020-12-01	john hopkins coronavirus tracker	False	Canada	1
2020-12-01	cases of coronavirus in canada	False	Canada	1
2020-12-01	salvoconducto	True	Ecuador	29
2020-12-01	dati coronavirus oggi	False	Italy	1
2020-12-01	cvs covid testing results	False	United States	1
2020-12-01	mbappe	True	France	1
2020-12-01	christian perronne	True	France	1
2020-12-01	beaumont urgent care	True	United States	1
2020-12-01	ansa veneto	True	Italy	1
2020-12-01	john hopkins coronavirus map	False	Canada	15
2020-12-01	landratsamt waldshut	True	Germany	1
2020-12-01	mayotte	True	France	1
2020-12-01	hinsdale south high school	True	United States	1
2020-12-01	bear river health department coronavirus	False	United States	1
2020-12-01	cvs covid testing near me	False	United States	1
2020-12-01	john hopkins coronavirus dashboard	False	Canada	1
2020-12-01	salvoconducto quito	True	Ecuador	100
2020-12-01	maxicours	True	France	1
2020-12-01	cbc covid 19 update today	False	Canada	1
2020-12-01	bear river health department	True	United States	1
2020-12-01	dati coronavirus	False	Italy	1
2020-12-01	scholastic learn at home	True	United States	1
2020-12-01	anticorpi monoclonali	True	Italy	1
2020-12-01	christophe	True	France	1
2020-12-01	john hopkins coronavirus	False	Canada	1
2020-12-01	lanzarote coronavirus	False	Germany	1
2020-12-01	masques transparents covid	False	France	1
2020-12-01	bd veritor system	True	United States	1
2020-12-01	janssen covid vaccine	False	Canada	1
2020-12-01	salvoconductos	True	Ecuador	20
2020-12-01	masques ffp2	True	France	1
2020-12-01	high risk covid	False	United States	1
2020-12-01	bd veritor plus analyzer	True	United States	1
2020-12-01	area c milano	True	Italy	1
2020-12-01	italy coronavirus	False	Canada	1
2020-12-01	cdc coronavirus update	False	Canada	2
2020-12-01	lewis hamilton coronavirus	False	Germany	1
2020-12-01	dashboard umbria	True	Italy	1
2020-12-01	cvs covid testing appointments	False	United States	1
2020-12-01	masques	True	France	1
2020-12-01	chu caen	True	France	1
2020-12-01	bd veritor	True	United States	1
2020-12-01	scotland coronavirus	False	United States	1
2020-12-01	island health covid 19 update today	False	Canada	1
2020-12-01	masque transparent covid	False	France	1
2020-12-01	bc covid update today	False	United States	1
2020-12-01	ariano irpino	True	Italy	1
2020-12-01	island health	True	Canada	9
2020-12-01	new stimulus package	True	United States	1
2020-12-01	lgl bayern	True	Germany	5
2020-12-01	masque transparent	True	France	1
2020-12-01	bc covid update	False	United States	1
2020-12-01	ceba loan	True	Canada	13
2020-12-01	interior health	True	Canada	5
2020-12-01	cronaca di napoli	True	Italy	1
2020-12-01	jamaica covid travel restriction	False	United States	1
2020-12-01	masque personnalisé	True	France	1
2020-12-01	chu rouen	True	France	1
2020-12-01	bc covid dashboard	False	United States	1
2020-12-01	vacina covid	False	Brazil	10
2020-12-01	aspirina	True	Italy	1
2020-12-01	inspq données covid	False	Canada	1
2020-12-01	lgl bayern coronavirus	False	Germany	4
2020-12-01	masque noir covid	False	France	1
2020-12-01	bay area covid	False	United States	1
2020-12-01	cvs covid testing	False	United States	9
2020-12-01	inspq	True	Canada	11
2020-12-01	masque lavable	True	France	1
2020-12-01	bath iron works	True	United States	1
2020-12-01	cecra	True	Canada	2
2020-12-01	atm milano abbonamenti	True	Italy	1
2020-12-01	covid19	False	Italy	1
2020-12-01	oleandrin	True	United States	1
2020-12-01	info covid	False	Canada	2
2020-12-01	chômage partiel	True	France	2
2020-12-01	lgl bayern coronavirus fallzahlen	False	Germany	1
2020-12-01	masque lacoste	True	France	1
2020-12-01	barry eaton health department	True	United States	1
2020-12-01	incubation period for coved 19	False	Canada	1
2020-12-01	masque ffp2	True	France	1
2020-12-01	baricitinib	True	United States	1
2020-12-01	hydro one	True	Canada	26
2020-12-01	scott atlas	True	United States	4
2020-12-01	ats brescia	True	Italy	1
2020-12-01	masque enfant	True	France	1
2020-12-01	barbicide covid 19 certification	False	United States	1
2020-12-01	cerb	True	Canada	38
2020-12-01	lidl reisen	True	Germany	1
2020-12-01	covid veneto oggi	False	Italy	1
2020-12-01	cvs covid test results	False	United States	1
2020-12-01	huron perth public health	True	Canada	1
2020-12-01	chômage partiel covid 19	False	France	1
2020-12-01	masque de noel	True	France	1
2020-12-01	barbicide certification	True	United States	1
2020-12-01	huron perth health unit	True	Canada	4
2020-12-01	masque covid	False	France	1
2020-12-01	barbados travel restrictions	True	United States	1
2020-12-01	cvs covid test	False	United States	1
2020-12-01	ats insubria	True	Italy	1
2020-12-01	scott gottlieb	True	United States	1
2020-12-01	huron perth covid	False	Canada	1
2020-12-01	lockdown deutschland	True	Germany	1
2020-12-01	maseczki	True	France	1
2020-12-01	cerb application	True	Canada	10
2020-12-01	bandana face mask	True	United States	1
2020-12-01	covid veneto	False	Italy	1
2020-12-01	cvs covid results	False	United States	1
2020-12-01	https covid 19 ontario ca	False	Canada	5
2020-12-01	chômage partiel novembre 2020	True	France	1
2020-12-01	martinique covid	False	France	1
2020-12-01	bamlanivimab	True	United States	2
2020-12-01	how many people have died from coronavirus	False	Canada	3
2020-12-01	ats milano	True	Italy	3
2020-12-01	mappy carte	True	France	3
2020-12-01	bamatracker	True	United States	1
2020-12-01	logo nachrichten	True	Germany	3
2020-12-01	how many new cases of covid in ontario today	False	Canada	1
2020-12-01	maladie de lyme	True	France	1
2020-12-01	bam infusion	True	United States	1
2020-12-01	coronavirus	False	Greece	1
2020-12-01	cesb	True	Canada	1
2020-12-01	covid 19	False	Egypt	1
2020-12-01	covid valle d aosta	False	Italy	1
2020-12-01	ihme covid	False	United States	1
2020-12-01	how many covid deaths in canada	False	Canada	1
2020-12-01	cluster	True	France	1
2020-12-01	maif	True	France	7
2020-12-01	baltimore ravens covid list	False	United States	1
2020-12-01	how many covid cases today in ontario	False	Canada	2
2020-12-01	ats milano covid	False	Italy	1
2020-12-01	macron	True	France	2
2020-12-01	baltimore ravens covid	False	United States	1
2020-12-01	lohnfortzahlung bei quarantäne	True	Germany	1
2020-12-01	how many cases of coronavirus in ontario	False	Canada	2
2020-12-01	coronavirus update	False	Greece	1
2020-12-01	ma classe a la maison cned	True	France	1
2020-12-01	bakerripley	True	United States	1
2020-12-01	child tax benefit	True	Canada	5
2020-12-01	how many cases of coronavirus in canada	False	Canada	1
2020-12-01	covid vaccino	False	Italy	1
2020-12-01	jamaica travel restriction	True	United States	1
2020-12-01	ausl bologna	True	Italy	1
2020-12-01	combien de morts du coronavirus en france	False	France	1
2020-12-01	ma classe a la maison	True	France	1
2020-12-01	sd coronavirus	False	United States	1
2020-12-01	baker ripley rental assistance	True	United States	1
2020-12-01	how long does it take to get covid 19 results	False	Canada	1
2020-12-01	love island	True	Germany	1
2020-12-01	linternaute covid 19	False	France	1
2020-12-01	baker ripley	True	United States	1
2020-12-01	covid	False	Greece	1
2020-12-01	health canada covid 19	False	Canada	1
2020-12-01	les symptômes du covid 19	False	France	1
2020-12-01	bahamas travel restriction	True	United States	1
2020-12-01	china coronavirus	False	Canada	1
2020-12-01	autocertificazione	True	Italy	6
2020-12-01	covid usa	False	Italy	1
2020-12-01	new stimulus bill	True	United States	1
2020-12-01	hastings prince edward public health	True	Canada	4
2020-12-01	combien de temps reste t on positif au covid	False	France	1
2020-12-01	lra forchheim	True	Germany	1
2020-12-01	how much will covid vaccines cost	False	United States	1
2020-12-01	les chiffres du covid 19	False	France	1
2020-12-01	bahamas news	True	United States	1
2020-12-01	covid 19	False	Greece	4
2020-12-01	hamilton covid cases	False	Canada	1
2020-12-01	les bodins et le covid	False	France	1
2020-12-01	bahamas covid	False	United States	1
2020-12-01	autocertificazione campania	True	Italy	1
2020-12-01	hamilton covid 19 update	False	Canada	6
2020-12-01	les 12 coups de midi	True	France	1
2020-12-01	china coronavirus update	False	Canada	1
2020-12-01	baby its covid outside	False	United States	1
2020-12-01	covid umbria oggi	False	Italy	1
2020-12-01	cvs covid 19 testing	False	United States	2
2020-12-01	luftreiniger gegen coronavirus	False	Germany	1
2020-12-01	comorbidité covid 19	False	France	1
2020-12-01	hamilton covid	False	Canada	2
2020-12-01	gov gr	True	Greece	100
2020-12-01	le ou la covid	False	France	1
2020-12-01	azn stock	True	United States	1
2020-12-01	halton covid 19 update	False	Canada	2
2020-12-01	covid 19 update	False	Cambodia	38
2020-12-01	le journal des femmes coronavirus	False	France	1
2020-12-01	azithromycin 250 mg	True	United States	1
2020-12-01	autocertificazione coronavirus	False	Italy	1
2020-12-01	halton covid	False	Canada	3
2020-12-01	sd coronavirus update	False	United States	1
2020-12-01	china covid	False	Canada	1
2020-12-01	madeira coronavirus	False	Germany	1
2020-12-01	covid umbria	False	Italy	1
2020-12-01	cvs covid 19	False	United States	1
2020-12-01	le covid ou la covid	False	France	1
2020-12-01	comorbidités covid	False	France	1
2020-12-01	azfamily news	True	United States	1
2020-12-01	sd covid	False	United States	1
2020-12-01	halifax covid cases today	False	Canada	1
2020-12-01	worldometer coronavirus	False	Greece	3
2020-12-01	labosud	True	France	1
2020-12-01	azdhs dashboard	True	United States	1
2020-12-01	haldimand norfolk health unit	True	Canada	1
2020-12-01	autocertificazione covid	False	Italy	12
2020-12-01	laboratoire test covid	False	France	1
2020-12-01	az covid numbers az	False	United States	1
2020-12-01	guelph covid	False	Canada	1
2020-12-01	china covid cases	False	Canada	1
2020-12-01	magdeburg	True	Germany	2
2020-12-01	covid trentino	False	Italy	1
2020-12-01	cvs covid	False	United States	1
2020-12-01	la poste	True	France	40
2020-12-01	companies house	True	France	1
2020-12-01	az covid numbers	False	United States	1
2020-12-01	gst payment dates 2020	True	Canada	1
2020-12-01	la nouvelle attestation a imprimer	True	France	1
2020-12-01	az covid number today	False	United States	1
2020-12-01	grey bruce health unit	True	Canada	8
2020-12-01	autocertificazione covid 19	False	Italy	1
2020-12-01	la covid ou le covid	False	France	1
2020-12-01	az covid news	False	United States	1
2020-12-01	mags nrw	True	Germany	2
2020-12-01	great west life login	True	Canada	63
2020-12-01	la covid 19	False	France	1
2020-12-01	cisss chaudière appalaches	True	Canada	2
2020-12-01	az covid dashboard	False	United States	1
2020-12-01	covid toscana oggi	False	Italy	1
2020-12-01	sd covid 19	False	United States	1
2020-12-01	government of nova scotia	True	Canada	3
2020-12-01	confinement	True	France	2
2020-12-01	l internaute covid 19	False	France	1
2020-12-01	az covid cases	False	United States	1
2020-12-01	autocertificazione covid 19 da stampare	False	Italy	1
2020-12-01	government of new brunswick	True	Canada	8
2020-12-01	l internaute coronavirus	False	France	1
2020-12-01	az covid 19 update	False	United States	1
2020-12-01	malediven coronavirus	False	Germany	1
2020-12-01	government of manitoba covid	False	Canada	2
2020-12-01	kylian mbappé	True	France	1
2020-12-01	az covid 19	False	United States	1
2020-12-01	government of alberta covid	False	Canada	1
2020-12-01	cisss de lanaudière	True	Canada	2
2020-12-01	kaducee covid	False	France	1
2020-12-01	covid toscana	False	Italy	2
2020-12-01	jamaica travel restrictions	True	United States	1
2020-12-01	az covid	False	United States	1
2020-12-01	confinement belgique	True	France	1
2020-12-01	autocertificazione covid dicembre 2020	False	Italy	1
2020-12-01	government of alberta	True	Canada	11
2020-12-01	maseczki	True	Germany	1
2020-12-01	justificatif déplacement professionnel covid	False	France	1
2020-12-01	az coronavirus update	False	United States	1
2020-12-01	cvs coronavirus	False	United States	1
2020-12-01	gov nl covid 19	False	Canada	1
2020-12-01	justificatif déplacement professionnel	True	France	1
2020-12-01	az coronavirus	False	United States	1
2020-12-01	abono transporte madrid	True	Spain	1
2020-12-01	gouvernement du québec covid 19	False	Canada	2
2020-12-01	cisss laval	True	Canada	1
2020-12-01	justificatif de déplacement scolaire	True	France	1
2020-12-01	covid svezia	False	Italy	1
2020-12-01	icd 10 code covid 19 pnuemonia	False	United States	1
2020-12-01	az coronaviris update	False	United States	1
2020-12-01	confinement covid	False	France	1
2020-12-01	autocertificazione covid novembre	False	Italy	1
2020-12-01	gouvernement du canada	True	Canada	15
2020-12-01	maybrit illner	True	Germany	1
2020-12-01	justificatif de déplacement professionnel	True	France	7
2020-12-01	aviptadil	True	United States	1
2020-12-01	goodlife fitness	True	Canada	14
2020-12-01	ajuda generalitat covid 19	False	Spain	1
2020-12-01	justificatif de déplacement covid 19	False	France	1
2020-12-01	aviation	True	United States	1
2020-12-01	gnb covid	False	Canada	2
2020-12-01	autocertificazione covid novembre 2020	False	Italy	1
2020-12-01	city of hamilton covid	False	Canada	1
2020-12-01	justificatif de déplacement	True	France	2
2020-12-01	covid statistiche	False	Italy	1
2020-12-01	nys travel restrictions	True	United States	1
2020-12-01	average age of coronavirus deaths	False	United States	1
2020-12-01	confinement en belgique	True	France	1
2020-12-01	maßnahmen coronavirus	False	Germany	1
2020-12-01	sd dept of health	True	United States	1
2020-12-01	gnb coronavirus update	False	Canada	2
2020-12-01	justificatif de deplacement professionnel	True	France	3
2020-12-01	avenal state prison	True	United States	1
2020-12-01	new stimulus	True	United States	1
2020-12-01	ajudes autònoms covid 19	False	Spain	1
2020-12-01	gnb coronavirus	False	Canada	2
2020-12-01	autocertificazione covid pdf	False	Italy	1
2020-12-01	justificatif de deplacement covid 19	False	France	1
2020-12-01	ava louise	True	United States	1
2020-12-01	city of toronto	True	Canada	12
2020-12-01	gnb	True	Canada	9
2020-12-01	covid spagna	False	Italy	1
2020-12-01	cvs com minuteclinic covid 19 testing	False	United States	1
2020-12-01	mdr aktuell	True	Germany	4
2020-12-01	confinement en france	True	France	1
2020-12-01	journal officiel	True	France	2
2020-12-01	australia covid cases	False	United States	1
2020-12-01	global covid 19 update	False	Canada	1
2020-12-01	andalucia coronavirus	False	Spain	1
2020-12-01	journal des femmes coronavirus	False	France	1
2020-12-01	australia covid	False	United States	1
2020-12-01	autocertificazione covid puglia	False	Italy	1
2020-12-01	fraser health school exposures	True	Canada	1
2020-12-01	mdr ticker	True	Germany	1
2020-12-01	seahawks face mask	True	United States	1
2020-12-01	jour de carence covid 19	False	France	1
2020-12-01	australia coronavirus	False	United States	1
2020-12-01	ciusss capitale nationale	True	Canada	3
2020-12-01	fraser health	True	Canada	6
2020-12-01	covid sintomi	False	Italy	1
2020-12-01	cvs com covid testing	False	United States	1
2020-12-01	aragon hoy	True	Spain	1
2020-12-01	confinement espagne	True	France	1
2020-12-01	jordanie	True	France	1
2020-12-01	austin texas covid	False	United States	1
2020-12-01	france covid	False	Canada	1
2020-12-01	autocertificazione covid zona arancione	False	Italy	1
2020-12-01	johns hopkins coronavirus map	False	France	1
2020-12-01	austin covid	False	United States	1
2020-12-01	medsan	True	Germany	1
2020-12-01	ford announcement today	True	Canada	3
2020-12-01	john hopkins coronavirus map	False	France	1
2020-12-01	augusta national golf club	True	United States	1
2020-12-01	aranda de duero	True	Spain	1
2020-12-01	ciusss estrie covid	False	Canada	1
2020-12-01	florida covid 19 update	False	Canada	3
2020-12-01	covid sicilia oggi	False	Italy	1
2020-12-01	sean payton	True	United States	1
2020-12-01	autocertificazione da stampare	True	Italy	1
2020-12-01	confinement france	True	France	1
2020-12-01	jean jacques goldman	True	France	1
2020-12-01	james conner covid	False	United States	1
2020-12-01	attestation covid	False	United States	1
2020-12-01	medsan covid test	False	Germany	1
2020-12-01	eohu	True	Canada	1
2020-12-01	jean castex	True	France	1
2020-12-01	atlantic city casino news	True	United States	1
2020-12-01	hidalgo county	True	United States	1
2020-12-01	asepeyo	True	Spain	3
2020-12-01	edmonton covid 19 update	False	Canada	2
2020-12-01	autocertificazione dicembre 2020	True	Italy	1
2020-12-01	ciusss mcq	True	Canada	7
2020-12-01	jauge covid 19	False	France	1
2020-12-01	covid sicilia	False	Italy	1
2020-12-01	cvs com covid 19 testing	False	United States	1
2020-12-01	at home covid tests	False	United States	1
2020-12-01	conférence des évêques de france	True	France	1
2020-12-01	edmonton covid	False	Canada	1
2020-12-01	medsan sars cov 2 antigen rapid test	True	Germany	1
2020-12-01	jackie et michel	True	France	1
2020-12-01	at home covid tester	False	United States	1
2020-12-01	eastern ontario health unit	True	Canada	2
2020-12-01	asepeyo formularios	True	Spain	1
2020-12-01	ivermectine	True	France	1
2020-12-01	at home covid test	False	United States	1
2020-12-01	autocertificazione lombardia	True	Italy	1
2020-12-01	dépistage covid 19	False	Canada	1
2020-12-01	number of coronavirus cases by state	False	United States	1
2020-12-01	corona virus	False	Canada	3
2020-12-01	mein schiff	True	Germany	3
2020-12-01	covid sardegna oggi	False	Italy	1
2020-12-01	cvs com coronovirus	False	United States	1
2020-12-01	italie covid	False	France	1
2020-12-01	conjonctivite	True	France	1
2020-12-01	at home covid 19 saliva tests	False	United States	1
2020-12-01	durham region covid 19 update	False	Canada	3
2020-12-01	asturias coronavirus	False	Spain	1
2020-12-01	italie coronavirus	False	France	1
2020-12-01	asymptomatic definition	True	United States	1
2020-12-01	olive leaf extract benefits	True	United States	1
2020-12-01	autocertificazione modulo da scaricare	True	Italy	2
2020-12-01	durham region covid 19	False	Canada	4
2020-12-01	melanie müller	True	Germany	1
2020-12-01	italie	True	France	1
2020-12-01	asymptomatic covid	False	United States	1
2020-12-01	corona virus numbers	False	Canada	1
2020-12-01	covid sardegna	False	Italy	1
2020-12-01	new rochelle ny	True	United States	1
2020-12-01	durham region covid	False	Canada	1
2020-12-01	ayudas alquiler 2020	True	Spain	1
2020-12-01	consignes covid 19	False	France	1
2020-12-01	internaute coronavirus	False	France	1
2020-12-01	asymptomatic corvid 19	False	United States	1
2020-12-01	durham covid tracker	False	Canada	1
2020-12-01	autocertificazione novembre 2020	True	Italy	4
2020-12-01	institut pasteur lille	True	France	1
2020-12-01	asu covid testing	False	United States	1
2020-12-01	meldeformular covid 19	False	Germany	1
2020-12-01	dr theresa tam	True	Canada	1
2020-12-01	institut pasteur	True	France	1
2020-12-01	covid roma oggi	False	Italy	1
2020-12-01	astrazeneca vaccine news	True	United States	1
2020-12-01	corona virus ontario	False	Canada	1
2020-12-01	seattle covid testing	False	United States	1
2020-12-01	ayudas autonomos	True	Spain	1
2020-12-01	dr tam	True	Canada	1
2020-12-01	autocertificazione pdf	True	Italy	1
2020-12-01	contaminations covid france	False	France	1
2020-12-01	inserm	True	France	1
2020-12-01	astrazeneca vaccine covid	False	United States	1
2020-12-01	mers coronavirus	False	Germany	1
2020-12-01	dr hinshaw update today	True	Canada	4
2020-12-01	insee deces	True	France	1
2020-12-01	astrazeneca vaccine	True	United States	1
2020-12-01	ayudas autónomos	True	Spain	1
2020-12-01	covid roma	False	Italy	1
2020-12-01	doug ford announcement today	True	Canada	10
2020-12-01	cvs com coronavirus testing	False	United States	1
2020-12-01	autocertificazione spostamenti	True	Italy	1
2020-12-01	corona virus stats	False	Canada	1
2020-12-01	infos gouv coronavirus	False	France	1
2020-12-01	astrazeneca covid vaccine	False	United States	1
2020-12-01	doug ford announcement	True	Canada	1
2020-12-01	moderna	True	Germany	6
2020-12-01	contamines montjoie	True	France	1
2020-12-01	infos covid	False	France	1
2020-12-01	astra zeneca vaccine covid 19	False	United States	1
2020-12-01	doug ford	True	Canada	7
2020-12-01	ayudas autónomos junta de andalucía	True	Spain	1
2020-12-01	covid puglia oggi	False	Italy	1
2020-12-01	infos coronavirus	False	France	1
2020-12-01	astra zeneca covid vacine	False	United States	1
2020-12-01	seattle times coronavirus daily update	False	United States	1
2020-12-01	autocertificazione spostamenti covid	False	Italy	1
2020-12-01	disability tax credit	True	Canada	6
2020-12-01	morgenpost coronavirus monitor	False	Germany	1
2020-12-01	corona virus update	False	Canada	4
2020-12-01	infographie coronavirus	False	France	1
2020-12-01	asthma and covid	False	United States	1
2020-12-01	disability covid payment	False	Canada	1
2020-12-01	cantabria coronavirus	False	Spain	1
2020-12-01	corona virus	False	France	1
2020-12-01	info gouv fr covid 19	False	France	1
2020-12-01	aruba travel restrictions	True	United States	1
2020-12-01	covid puglia	False	Italy	1
2020-12-01	autocertificazione zona arancione	True	Italy	1
2020-12-01	janet mills	True	United States	1
2020-12-01	cvs com coronavirus	False	United States	1
2020-12-01	ctv news vancouver island	True	Canada	6
2020-12-01	mundschutz	True	Germany	1
2020-12-01	info gouv covid	False	France	1
2020-12-01	aruba covid 19	False	United States	1
2020-12-01	ctv covid tracker	False	Canada	2
2020-12-01	corona virus usa	False	Canada	1
2020-12-01	casos coronavirus españa	False	Spain	1
2020-12-01	info gouv coronavirus	False	France	1
2020-12-01	covid polonia	False	Italy	1
2020-12-01	aruba coronavirus	False	United States	1
2020-12-01	corona virus france	False	France	1
2020-12-01	ctv coronavirus update	False	Canada	1
2020-12-01	sec football	True	United States	1
2020-12-01	heroes act 2020	True	United States	1
2020-12-01	autocertificazione zona rossa	True	Italy	1
2020-12-01	info covid 19 gouvernement	False	France	1
2020-12-01	arkansas unemployment	True	United States	1
2020-12-01	münchen coronavirus	False	Germany	1
2020-12-01	cra covid 19 benefits	False	Canada	1
2020-12-01	info covid 19	False	France	1
2020-12-01	arkansas department of health covid	False	United States	1
2020-12-01	cv nmhealth org	True	United States	1
2020-12-01	corona virus vaccine	False	Canada	1
2020-12-01	casos covid madrid	False	Spain	1
2020-12-01	cpp disability	True	Canada	1
2020-12-01	covid piemonte oggi	False	Italy	1
2020-12-01	autodichiarazione	True	Italy	1
2020-12-01	coronavirus	False	France	6
2020-12-01	info covid	False	France	1
2020-12-01	arkansas department of health	True	United States	1
2020-12-01	cuyahoga county board of health	True	United States	1
2020-12-01	nachrichten	True	Germany	54
2020-12-01	covid19results ehealthontario ca 4443 agree	False	Canada	3
2020-12-01	info coronavirus en france	False	France	1
2020-12-01	arkansas covid 19 cases	False	United States	1
2020-12-01	castilla y leon coronavirus	False	Spain	1
2020-12-01	covid19results ehealthontario ca	False	Canada	1
2020-12-01	autodichiarazione covid	False	Italy	2
2020-12-01	info coronavirus	False	France	1
2020-12-01	coronavirus	False	Canada	21
2020-12-01	arkansas covid	False	United States	1
2020-12-01	covid19 world	False	Canada	1
2020-12-01	covid piemonte	False	Italy	1
2020-12-01	nachrichten aktuell	True	Germany	20
2020-12-01	coronavirus algérie	False	France	1
2020-12-01	influenzinum	True	France	1
2020-12-01	arkansas coronavirus	False	United States	1
2020-12-01	covid19 usa	False	Canada	1
2020-12-01	olmsted county	True	United States	1
2020-12-01	comunidad de madrid coronavirus	False	Spain	1
2020-12-01	indemnisation chômage partiel	True	France	1
2020-12-01	second stimulus bill passed by congress	True	United States	1
2020-12-01	arizona travel restrictions today	True	United States	1
2020-12-01	covid19 update	False	Canada	1
2020-12-01	autodichiarazione covid 19	False	Italy	1
2020-12-01	impôts gouv professionnels	True	France	1
2020-12-01	arizona shutdown	True	United States	1
2020-12-01	coronavirus alberta	False	Canada	6
2020-12-01	covid19 quebec	False	Canada	1
2020-12-01	nadal covid 19 schnelltest	False	Germany	1
2020-12-01	covid oggi toscana	False	Italy	1
2020-12-01	impôts gouv particulier	True	France	1
2020-12-01	coronavirus allemagne	False	France	1
2020-12-01	arizona pandemic unemployment	True	United States	1
2020-12-01	covid19 ontario	False	Canada	2
2020-12-01	comunidad valenciana coronavirus	False	Spain	1
2020-12-01	custom masks	True	United States	1
2020-12-01	impôt gouv attestation covid 19	False	France	1
2020-12-01	arizona lockdown	True	United States	1
2020-12-01	new rochelle	True	United States	1
2020-12-01	autodichiarazione covid 19 pdf	False	Italy	1
2020-12-01	covid19 ns	False	Canada	1
2020-12-01	nadal covid test	False	Germany	1
2020-12-01	imprimé covid 19	False	France	1
2020-12-01	arizona covid update	False	United States	1
2020-12-01	coronavirus alberta update	False	Canada	1
2020-12-01	covid19 canada	False	Canada	1
2020-12-01	covid oggi puglia	False	Italy	1
2020-12-01	janssen covid vaccine	False	United States	1
2020-12-01	confinamiento madrid	True	Spain	1
2020-12-01	coronavirus allier	False	France	1
2020-12-01	imprimer nouvelle attestation covid 19	False	France	1
2020-12-01	arizona covid shutdown	False	United States	1
2020-12-01	covid19 bc	False	Canada	1
2020-12-01	azienda zero	True	Italy	1
2020-12-01	imprimer attestation de sortie coronavirus	False	France	1
2020-12-01	arizona covid restrictions travel	False	United States	1
2020-12-01	nagold	True	Germany	1
2020-12-01	covid19 alberta	False	Canada	1
2020-12-01	imprimer attestation de déplacement covid 19	False	France	1
2020-12-01	arizona covid restrictions	False	United States	1
2020-12-01	conselleria de sanitat	True	Spain	2
2020-12-01	covid19	False	Canada	7
2020-12-01	coronavirus bc	False	Canada	4
2020-12-01	covid oggi piemonte	False	Italy	1
2020-12-01	second stimulus check	True	United States	25
2020-12-01	bartolini	True	Italy	8
2020-12-01	imprimer attestation covid 19	False	France	1
2020-12-01	coronavirus angleterre	False	France	1
2020-12-01	arizona covid resrtictions	False	United States	1
2020-12-01	covid yukon	False	Canada	1
2020-12-01	nbank	True	Germany	3
2020-12-01	impots gouv fr attestation covid	False	France	1
2020-12-01	arizona covid numbers	False	United States	1
2020-12-01	covid worldometer	False	Canada	8
2020-12-01	consorcio de transportes de madrid	True	Spain	1
2020-12-01	ihu marseille	True	France	1
2020-12-01	arizona covid news	False	United States	1
2020-12-01	berlusconi	True	Italy	3
2020-12-01	covid oggi lombardia	False	Italy	1
2020-12-01	covid world	False	Canada	3
2020-12-01	coronavirus by country	False	Canada	1
2020-12-01	custom face masks	True	United States	1
2020-12-01	hydroxychloroquine covid 19	False	France	1
2020-12-01	arizona covid death statistics	False	United States	1
2020-12-01	ndr	True	Germany	19
2020-12-01	coronavirus ardeche	False	France	1
2020-12-01	covid winnipeg	False	Canada	1
2020-12-01	hernando county covid 19 cases	False	United States	1
2020-12-01	humour covid	False	France	1
2020-12-01	arizona covid dashboard	False	United States	1
2020-12-01	corona virus	False	Spain	1
2020-12-01	covid vancouver island	False	Canada	1
2020-12-01	second stimulus check update	True	United States	3
2020-12-01	berlusconi covid	False	Italy	1
2020-12-01	covid oggi italia	False	Italy	2
2020-12-01	custom face mask	True	United States	1
2020-12-01	hopkins coronavirus map	False	France	1
2020-12-01	arizona covid cases	False	United States	1
2020-12-01	coronavirus canada	False	Canada	6
2020-12-01	covid vaccines	False	Canada	1
2020-12-01	ndr drosten	True	Germany	1
2020-12-01	hold up streaming complet	True	France	1
2020-12-01	arizona covid	False	United States	1
2020-12-01	coronavirus argentine	False	France	1
2020-12-01	covid vaccine update	False	Canada	8
2020-12-01	coronavirus	False	Spain	3
2020-12-01	hold up streaming	True	France	1
2020-12-01	covid oggi in italia	False	Italy	1
2020-12-01	arizona coronavirus update today	False	United States	1
2020-12-01	current covid restrictions state by state	False	United States	1
2020-12-01	biella news	True	Italy	2
2020-12-01	covid vaccine news	False	Canada	1
2020-12-01	ndr drosten podcast	True	Germany	1
2020-12-01	hold up film	True	France	1
2020-12-01	second stimulus package 2020	True	United States	1
2020-12-01	coronavirus canada update	False	Canada	1
2020-12-01	arizona coronavirus update	False	United States	1
2020-12-01	covid vaccine canada	False	Canada	2
2020-12-01	covid oggi emilia romagna	False	Italy	1
2020-12-01	coronavirus alemania	False	Spain	1
2020-12-01	coronavirus australie	False	France	1
2020-12-01	hold up documentaire	True	France	1
2020-12-01	arizona coronavirus cases	False	United States	1
2020-12-01	covid vaccine	False	Canada	11
2020-12-01	current covid numbers	False	United States	1
2020-12-01	bollettino coronavirus	False	Italy	2
2020-12-01	hold up covid	False	France	1
2020-12-01	ihme model	True	United States	1
2020-12-01	arizona coronavirus	False	United States	1
2020-12-01	ndr live ticker	True	Germany	1
2020-12-01	covid usa update	False	Canada	3
2020-12-01	hold up	True	France	1
2020-12-01	coronavirus cases	False	Canada	2
2020-12-01	are we getting another stimulus check	True	United States	1
2020-12-01	covid oggi campania	False	Italy	1
2020-12-01	janssen vaccine	True	United States	1
2020-12-01	coronavirus andalucia	False	Spain	1
2020-12-01	coronavirus autriche	False	France	1
2020-12-01	covid usa today	False	Canada	1
2020-12-01	bollettino coronavirus 1 dicembre	False	Italy	1
2020-12-01	has covid	False	France	1
2020-12-01	are masks effective for coronavirus	False	United States	1
2020-12-01	covid usa	False	Canada	10
2020-12-01	ndr nachrichten	True	Germany	1
2020-12-01	hamilton testé positif au covid	False	France	1
2020-12-01	are covid tests free	False	United States	1
2020-12-01	covid us	False	Canada	1
2020-12-01	coronavirus andalucía	False	Spain	1
2020-12-01	coronavirus cases in canada	False	Canada	1
2020-12-01	hamilton covid	False	France	1
2020-12-01	covid oggi calabria	False	Italy	1
2020-12-01	secondary exposure covid guidelines	False	United States	1
2020-12-01	are coronavirus cases increasing in washingto	False	United States	1
2020-12-01	coronavirus aux usa	False	France	1
2020-12-01	bollettino coronavirus oggi	False	Italy	1
2020-12-01	covid updates	False	Canada	2
2020-12-01	géodes coronavirus	False	France	1
2020-12-01	archdiocese of los angeles	True	United States	1
2020-12-01	ndr podcast drosten	True	Germany	1
2020-12-01	covid update saskatchewan	False	Canada	1
2020-12-01	guadeloupe covid	False	France	1
2020-12-01	archdiocese of baltimore	True	United States	1
2020-12-01	coronavirus aragon	False	Spain	1
2020-12-01	covid update ontario	False	Canada	3
2020-12-01	coronavirus china	False	Canada	1
2020-12-01	bollettino coronavirus oggi italia	False	Italy	1
2020-12-01	covid oggi 1 dicembre	False	Italy	1
2020-12-01	new orleans covid	False	United States	1
2020-12-01	groupe sanguin	True	France	1
2020-12-01	coronavirus aveyron	False	France	1
2020-12-01	ar coronavirus	False	United States	1
2020-12-01	covid update nova scotia	False	Canada	1
2020-12-01	olympics 2020	True	United States	1
2020-12-01	news coronavirus	False	Germany	1
2020-12-01	grippe espagnole	True	France	1
2020-12-01	apply for unemployment online	True	United States	1
2020-12-01	coronavirus	False	Lithuania	1
2020-12-01	covid update nb	False	Canada	1
2020-12-01	coronavirus asturias	False	Spain	1
2020-12-01	gouvernement fr covid 19 attestation	False	France	1
2020-12-01	coronavirus ctv	False	Canada	1
2020-12-01	apply for stimulus check	True	United States	1
2020-12-01	covid oggi	False	Italy	14
2020-12-01	current covid cases	False	United States	1
2020-12-01	bollettino covid	False	Italy	1
2020-12-01	coronavirus belgique	False	France	1
2020-12-01	covid update manitoba	False	Canada	3
2020-12-01	gouvernement fr attestation	True	France	1
2020-12-01	antigen test covid	False	United States	1
2020-12-01	nicko cruises	True	Germany	1
2020-12-01	covid update canada	False	Canada	1
2020-12-01	última hora coronavirus	False	Spain	1
2020-12-01	covid	False	Lithuania	67
2020-12-01	gouvernement covid attestation sortie	False	France	1
2020-12-01	antigen test	True	United States	1
2020-12-01	coronavirus baleares	False	Spain	1
2020-12-01	coronavirus death toll	False	Canada	1
2020-12-01	covid update bc dec 1	False	Canada	1
2020-12-01	bollettino covid 1 dicembre	False	Italy	1
2020-12-01	covid nuovo dpcm	False	Italy	1
2020-12-01	movement permit	True	Botswana	1
2020-12-01	coronavirus bresil	False	France	1
2020-12-01	gouvernement covid attestation	False	France	1
2020-12-01	sedgwick county	True	United States	1
2020-12-01	antigen covid test	False	United States	1
2020-12-01	current coronavirus numbers	False	United States	1
2020-12-01	niedersachsen	True	Germany	3
2020-12-01	curevac	True	United States	1
2020-12-01	covid 19	False	Cambodia	75
2020-12-01	covid update bc	False	Canada	7
2020-12-01	covid 19	False	Lithuania	84
2020-12-01	covid 19 permits	False	Botswana	1
2020-12-01	sedgwick county covid dashboard	False	United States	1
2020-12-01	coronavirus deaths worldwide	False	Canada	1
2020-12-01	xunta de galicia	True	Spain	3
2020-12-01	gouvernement covid 19	False	France	1
2020-12-01	antibody treatment for covid 19	False	United States	1
2020-12-01	coronavirus canarias	False	Spain	1
2020-12-01	coronavirus bretagne	False	France	1
2020-12-01	covid update alberta	False	Canada	4
2020-12-01	bollettino covid oggi	False	Italy	5
2020-12-01	covid 19 permit	False	Botswana	1
2020-12-01	gouvernement covid	False	France	2
2020-12-01	antibody that neutralizes coronavirus	False	United States	1
2020-12-01	covid update	False	Canada	8
2020-12-01	niedersachsen coronavirus	False	Germany	1
2020-12-01	koronavirusas lietuvoje	True	Lithuania	17
2020-12-01	covid 19	False	Botswana	100
2020-12-01	covid news	False	Italy	1
2020-12-01	gouvernement coronavirus déplacement	False	France	1
2020-12-01	coronavirus estrie	False	Canada	1
2020-12-01	curative test results	True	United States	1
2020-12-01	japan coronavirus	False	United States	1
2020-12-01	antibody test for coronavirus	False	United States	1
2020-12-01	covid tracker	False	Canada	4
2020-12-01	coronavirus brésil	False	France	1
2020-12-01	coronavirus cantabria	False	Spain	1
2020-12-01	worldometers coronavirus	False	Spain	1
2020-12-01	bollettino covid oggi campania	False	Italy	1
2020-12-01	gouvernement coronavirus	False	France	1
2020-12-01	antibody test	True	United States	1
2020-12-01	covid toronto	False	Canada	2
2020-12-01	niedersachsen coronavirus aktuell	False	Germany	1
2020-12-01	gouvernement attestation covid 19	False	France	1
2020-12-01	antibodies covid 19	False	United States	1
2020-12-01	worldometer coronavirus	False	Lithuania	100
2020-12-01	sedgwick walmart	True	United States	1
2020-12-01	coronavirus france	False	Canada	1
2020-12-01	covid thunder bay	False	Canada	1
2020-12-01	covid nel mondo	False	Italy	1
2020-12-01	herd immunity	True	United States	1
2020-12-01	coronavirus castilla y león	False	Spain	1
2020-12-01	coronavirus calvados	False	France	1
2020-12-01	gouvernement attestation	True	France	9
2020-12-01	how much vitamin d for covid	False	United States	1
2020-12-01	antibodies covid	False	United States	1
2020-12-01	bollettino covid oggi italia	False	Italy	1
2020-12-01	covid testing sites near me	False	Canada	10
2020-12-01	worldometer coronavirus	False	Spain	1
2020-12-01	nlga	True	Germany	1
2020-12-01	gouvernement	True	France	4
2020-12-01	antibacterial wipes	True	United States	1
2020-12-01	covid testing ottawa	False	Canada	1
2020-12-01	coronavirus catalunya	False	Spain	1
2020-12-01	coronavirus in bc	False	Canada	1
2020-12-01	gouv fr covid19 attestation	False	France	1
2020-12-01	anthony wayne testing center	True	United States	1
2020-12-01	bollettino covid puglia	False	Italy	1
2020-12-01	covid testing near me	False	Canada	1
2020-12-01	coronavirus canada	False	France	1
2020-12-01	nlga coronavirus	False	Germany	1
2020-12-01	covid natale	False	Italy	1
2020-12-01	curative delaware	True	United States	1
2020-12-01	new orleans coronavirus	False	United States	1
2020-12-01	gouv fr covid19	False	France	2
2020-12-01	self quarantine	True	United States	1
2020-12-01	anthony fauci	True	United States	1
2020-12-01	covid testing edmonton	False	Canada	1
2020-12-01	coronavirus cataluña	False	Spain	1
2020-12-01	gouv fr attestation covid 19	False	France	1
2020-12-01	anosmia	True	United States	1
2020-12-01	coronavirus in canada	False	Canada	1
2020-12-01	viajar a españa covid	False	Spain	1
2020-12-01	covid testing centres	False	Canada	2
2020-12-01	bollettino protezione civile	True	Italy	1
2020-12-01	gouv covid	False	France	1
2020-12-01	coronavirus carte	False	France	1
2020-12-01	anniston alabama	True	United States	1
2020-12-01	nouvelle attestation de déplacement	True	Germany	1
2020-12-01	covid testing calgary	False	Canada	2
2020-12-01	gouv coronavirus	False	France	1
2020-12-01	anne arundel covid testing	False	United States	1
2020-12-01	coronavirus comunidad valenciana	False	Spain	1
2020-12-01	covid testing bc	False	Canada	1
2020-12-01	bollo auto sicilia	True	Italy	1
2020-12-01	goldman	True	France	1
2020-12-01	covid napoli	False	Italy	1
2020-12-01	anna netrebko	True	United States	1
2020-12-01	coronavirus in manitoba	False	Canada	1
2020-12-01	curative covid testing	False	United States	1
2020-12-01	curative covid test	False	United States	1
2020-12-01	ntv coronavirus	False	Germany	1
2020-12-01	covid testing alberta	False	Canada	1
2020-12-01	coronavirus charente maritime	False	France	1
2020-12-01	go voyages	True	France	2
2020-12-01	vacunas covid	False	Spain	1
2020-12-01	andy beshear	True	United States	1
2020-12-01	coronavirus en el mundo	False	Spain	1
2020-12-01	covid testing	False	Canada	5
2020-12-01	bonus 1000 euro	True	Italy	1
2020-12-01	semester at sea	True	United States	1
2020-12-01	gestes barrières covid 19	False	France	1
2020-12-01	anchorage covid	False	United States	1
2020-12-01	covid test results ontario	False	Canada	33
2020-12-01	ntv coronavirus aktuelle zahlen	False	Germany	1
2020-12-01	coronavirus in new brunswick	False	Canada	1
2020-12-01	geoportail fr	True	France	5
2020-12-01	amy coney barrett	True	United States	1
2020-12-01	covid mondo	False	Italy	1
2020-12-01	covid test results online	False	Canada	2
2020-12-01	coronavirus chiffres	False	France	1
2020-12-01	coronavirus en españa hoy	False	Spain	1
2020-12-01	japan coronavirus cases	False	United States	1
2020-12-01	bonus baby sitter	True	Italy	1
2020-12-01	curative com	True	United States	1
2020-12-01	geodes sante publique france	True	France	1
2020-12-01	ammo shortage	True	United States	1
2020-12-01	covid test results	False	Canada	7
2020-12-01	ntv coronavirus karte	False	Germany	1
2020-12-01	geodes	True	France	1
2020-12-01	vacunas coronavirus	False	Spain	1
2020-12-01	amitabh bachchan coronavirus	False	United States	1
2020-12-01	coronavirus in ontario	False	Canada	1
2020-12-01	covid test	False	Canada	4
2020-12-01	coronavirus españa	False	Spain	2
2020-12-01	gel hydroalcoolique	True	France	1
2020-12-01	american idol 2020	True	United States	1
2020-12-01	coronavirus chine	False	France	1
2020-12-01	bonus baby sitter 2020	True	Italy	1
2020-12-01	covid symtoms	False	Canada	1
2020-12-01	ntv live ticker	True	Germany	1
2020-12-01	gad elmaleh	True	France	1
2020-12-01	american airlines refund	True	United States	1
2020-12-01	covid marche oggi	False	Italy	1
2020-12-01	covid symptômes	False	Canada	1
2020-12-01	coronavirus españa hoy	False	Spain	1
2020-12-01	futuroscope	True	France	1
2020-12-01	seminole county	True	United States	1
2020-12-01	american airlines covid 19 protocols	False	United States	1
2020-12-01	coronavirus in poland	False	Canada	1
2020-12-01	hepa filters	True	United States	1
2020-12-01	bonus baby sitter nonni inps	True	Italy	1
2020-12-01	vacuna pfizer	True	Spain	1
2020-12-01	covid symptoms onset	False	Canada	1
2020-12-01	coronavirus danemark	False	France	1
2020-12-01	ntv livestream	True	Germany	8
2020-12-01	frenchbee	True	France	1
2020-12-01	american airlines cancellation policy	True	United States	1
2020-12-01	covid symptoms in women	False	Canada	4
2020-12-01	coronavirus españa última hora	False	Spain	1
2020-12-01	french bee	True	France	1
2020-12-01	amarillo news	True	United States	1
2020-12-01	covid symptoms in adults	False	Canada	2
2020-12-01	bonus computer	True	Italy	1
2020-12-01	france info	True	France	14
2020-12-01	curative	True	United States	1
