Date	Query	IsImplicitIntent	Country	PopularityScore
2020-11-01	coronavirus new zealand	False	United Kingdom	1
2020-11-01	covid lockdown tier 2	False	United Kingdom	1
2020-11-01	coronavirus in spain	False	United States	1
2020-11-01	coronavirus update today	False	United States	1
2020-11-01	symptômes covid	False	France	1
2020-11-01	illinois positivity rate	True	United States	1
2020-11-01	coronavirus loire 42	False	France	1
2020-11-01	utah coronavirus numbers	False	United States	1
2020-11-01	david moyes	True	United Kingdom	1
2020-11-01	carte covid 19 par département	False	France	1
2020-11-01	pandemic unemployment assistance pua	True	United States	1
2020-11-01	servicesaustralia.gov.au	True	Australia	15
2020-11-01	dati coronavirus in tempo reale	False	Italy	1
2020-11-01	pharmamar	True	Spain	1
2020-11-01	media.interieur.gouv.fr/deplacement covid 19	False	France	1
2020-11-01	event 201	True	United States	1
2020-11-01	déclaration covid	False	France	1
2020-11-01	test and trace	True	United Kingdom	1
2020-11-01	korona symptomer	True	Norway	3
2020-11-01	ohio covid 19 alert level map	False	United States	1
2020-11-01	sars-cov-2	True	Germany	1
2020-11-01	situazione coronavirus	False	Italy	1
2020-11-01	scottish government coronavirus update	False	United Kingdom	3
2020-11-01	bing coronavirus tracker	False	United States	1
2020-11-01	symptômes covid 19 sans fièvre	False	France	1
2020-11-01	illinois travel restrictions	True	United States	1
2020-11-01	covid 19	False	Philippines	100
2020-11-01	priznaky covid	False	Czech Republic	7
2020-11-01	south dakota coronavirus	False	United States	2
2020-11-01	corona virus updates	False	South Africa	1
2020-11-01	www.niedersachsen.de/coronavirus	False	Germany	1
2020-11-01	coronavirus near me	False	United Kingdom	1
2020-11-01	coronavirus in sarasota florida	False	United States	1
2020-11-01	東京都	True	Japan	39
2020-11-01	carte covid 19 par departement	False	France	1
2020-11-01	utah coronavirus cases	False	United States	1
2020-11-01	covid in massachusetts	False	United States	1
2020-11-01	sterillium	True	Germany	1
2020-11-01	dati coronavirus	False	Italy	1
2020-11-01	covid france	False	Canada	1
2020-11-01	coronavirus update quebec	False	Canada	1
2020-11-01	ars paca	True	France	1
2020-11-01	spirit of tasmania	True	Australia	9
2020-11-01	kachelmann	True	Germany	1
2020-11-01	symptômes du coronavirus	False	France	1
2020-11-01	immune system boosters	True	United States	1
2020-11-01	福岡県庁ホームページ	True	Japan	7
2020-11-01	mesure covid	False	France	1
2020-11-01	event 201 coronavirus	False	United States	1
2020-11-01	test-for-coronavirus.service.gov.uk register	False	United Kingdom	1
2020-11-01	pwnhealth test results	True	United States	1
2020-11-01	covid	False	Czech Republic	52
2020-11-01	covid lockdown rules	False	United Kingdom	1
2020-11-01	labosud	True	France	1
2020-11-01	coronavirus mexico	False	United Kingdom	1
2020-11-01	utah coronavirus	False	United States	2
2020-11-01	kirklees lockdown	True	United Kingdom	1
2020-11-01	coronavirus in pa	False	United States	1
2020-11-01	carte covid 19 france	False	France	1
2020-11-01	coronavirus update texas	False	United States	1
2020-11-01	cronaca di napoli	True	Italy	2
2020-11-01	ontario coronavirus	False	Canada	2
2020-11-01	feuille dérogation coronavirus	False	France	1
2020-11-01	coronavirus loir et cher	False	France	1
2020-11-01	symptômes du coronavirus 2020	False	France	1
2020-11-01	immunocompromised	True	United States	1
2020-11-01	新型コロナウィルス感染マップ 日本	False	Japan	1
2020-11-01	snap benefits ny	True	United States	1
2020-11-01	sistema puglia	True	Italy	1
2020-11-01	コロナウイルス統計	False	Japan	1
2020-11-01	coronavirus essen	False	Germany	1
2020-11-01	sweden coronavirus	False	Australia	3
2020-11-01	coronavirus	False	Spain	9
2020-11-01	mesures covid	False	France	1
2020-11-01	covid espana	False	Spain	1
2020-11-01	everlywell	True	United States	1
2020-11-01	thailand coronavirus	False	United Kingdom	1
2020-11-01	sedgwick walmart	True	United States	1
2020-11-01	coronavirus map united kingdom	False	United Kingdom	1
2020-11-01	coronavirus in oregon	False	United States	1
2020-11-01	carte covid	False	France	1
2020-11-01	usafacts.org	True	United States	1
2020-11-01	covid 19 pas de calais	False	France	1
2020-11-01	best face masks	True	United States	1
2020-11-01	symptômes du covid 19	False	France	1
2020-11-01	imperial county	True	United States	1
2020-11-01	landratsamt waldshut	True	Germany	1
2020-11-01	pangolins	True	United States	1
2020-11-01	manitoba covid 19 update	False	Canada	21
2020-11-01	covid19.aslnapoli3sud.it	False	Italy	1
2020-11-01	doug ducey	True	United States	1
2020-11-01	derogation sortie	True	France	1
2020-11-01	edmonton covid 19 update	False	Canada	1
2020-11-01	az coronavirus update	False	United States	1
2020-11-01	covid lockdown restrictions	False	United Kingdom	1
2020-11-01	coronavirus update tennessee	False	United States	1
2020-11-01	covid 19 vaccine status	False	United States	1
2020-11-01	coronavirus le monde	False	France	1
2020-11-01	covid 19	False	United States	28
2020-11-01	sweden coronavirus update	False	Australia	2
2020-11-01	coronavirus map uk	False	United Kingdom	1
2020-11-01	covid 19 nevada	False	United States	1
2020-11-01	coronavirus in ohio	False	United States	1
2020-11-01	www.rki.de coronavirus	False	Germany	1
2020-11-01	syrie	True	France	1
2020-11-01	in.gov/coronavirus	False	United States	1
2020-11-01	justificatif de déplacement	True	France	3
2020-11-01	usafacts org	True	United States	1
2020-11-01	mesures covid 19	False	France	1
2020-11-01	carte coronavirus temps réel	False	France	1
2020-11-01	eviction moratorium	True	United States	1
2020-11-01	number of coronavirus cases uk	False	United Kingdom	1
2020-11-01	covid19	False	Italy	1
2020-11-01	the archers	True	United Kingdom	1
2020-11-01	formulaire déplacement covid	False	France	1
2020-11-01	ammo shortage	True	United States	1
2020-11-01	covid symptoms	False	United States	10
2020-11-01	qanon	True	United States	7
2020-11-01	sintomi del covid 19	False	Italy	1
2020-11-01	new covid lockdown laws	False	United Kingdom	1
2020-11-01	covid immunity	False	United States	1
2020-11-01	covid florida	False	Canada	1
2020-11-01	attestation d'employeur covid 19	False	France	1
2020-11-01	nzz	True	Germany	7
2020-11-01	tableau de bord covid 19	False	France	1
2020-11-01	incubation period for coronavirus	False	United States	1
2020-11-01	attestation covid déplacement professionnel	False	France	1
2020-11-01	covid wisconsin	False	United States	1
2020-11-01	ohio covid cases	False	United States	1
2020-11-01	coronavirus map	False	United Kingdom	1
2020-11-01	portsmouth news	True	United Kingdom	2
2020-11-01	coronavirus in ny	False	United States	1
2020-11-01	carte coronavirus monde	False	France	1
2020-11-01	ct covid map	False	United States	1
2020-11-01	usa covid deaths	False	United States	1
2020-11-01	gouvernement info coronavirus	False	France	1
2020-11-01	sweden covid	False	Australia	1
2020-11-01	covid veneto	False	Italy	1
2020-11-01	ny covid	False	United States	1
2020-11-01	jet2 flights	True	United Kingdom	7
2020-11-01	mesures sanitaires covid 19	False	France	1
2020-11-01	exer urgent care	True	United States	1
2020-11-01	the mortgage works	True	United Kingdom	1
2020-11-01	coronavirus.gouv	False	France	1
2020-11-01	taux d'incidence covid	False	France	1
2020-11-01	indeed job search	True	United States	9
2020-11-01	ontario news	True	Canada	5
2020-11-01	nhs 24	True	United Kingdom	1
2020-11-01	covid lockdown october 2020	False	United Kingdom	1
2020-11-01	coronavirus update sweden	False	United States	1
2020-11-01	johns hopkins coronavirus map	False	Germany	1
2020-11-01	attestation de deplacment covid	False	France	1
2020-11-01	coronavirus lockdown uk	False	United Kingdom	1
2020-11-01	coronavirus landes	False	France	1
2020-11-01	coronavirus in northern virginia	False	United States	1
2020-11-01	bali news	True	Australia	1
2020-11-01	usa covid cases	False	United States	1
2020-11-01	carte coronavirus france	False	France	1
2020-11-01	dvla mot check	True	United Kingdom	5
2020-11-01	covid vaccino	False	Italy	1
2020-11-01	coronavirus belgien	False	Germany	1
2020-11-01	job retention scheme extension	True	United Kingdom	1
2020-11-01	ars occitanie covid 19	False	France	1
2020-11-01	symptômes covid 19	False	Belgium	1
2020-11-01	taux de mortalité covid 19	False	France	1
2020-11-01	india 8 million covid cases	False	United States	1
2020-11-01	sintomi del covid	False	Italy	1
2020-11-01	biden plan for covid	False	United States	1
2020-11-01	imprimer attestation covid 19	False	France	1
2020-11-01	attestation de déplacement covid19	False	France	1
2020-11-01	symptoms of coronavirus	False	Australia	1
2020-11-01	diet coke	True	United States	1
2020-11-01	mexique coronavirus	False	France	1
2020-11-01	explained coronavirus	False	United States	1
2020-11-01	the range	True	United Kingdom	39
2020-11-01	private covid testing havering	False	United Kingdom	1
2020-11-01	coronavirus kassel	False	Germany	1
2020-11-01	coronavirus lockdown rules gov.uk	False	United Kingdom	1
2020-11-01	coronavirus in north dakota	False	United States	1
2020-11-01	carte coronavirus	False	France	1
2020-11-01	usa covid	False	United States	1
2020-11-01	defense production act	True	China	1
2020-11-01	covid usa	False	Italy	1
2020-11-01	qsep cms training	True	United States	1
2020-11-01	taux de positivité covid 19	False	France	1
2020-11-01	india coronavirus	False	United States	1
2020-11-01	non filers irs	True	United States	1
2020-11-01	covid rates	False	United States	1
2020-11-01	sba grant	True	United States	1
2020-11-01	panhandle health district	True	United States	1
2020-11-01	covid lockdown november 2020	False	United Kingdom	1
2020-11-01	www.rki.de/covid-19-fallzahlen	False	Germany	1
2020-11-01	coronavirus update south carolina	False	United States	1
2020-11-01	coronavirus journal des femmes	False	France	1
2020-11-01	fonds de solidarité	True	France	1
2020-11-01	coronavirus update australia	False	Australia	3
2020-11-01	コロナウイルス発生状況	False	Japan	1
2020-11-01	symptoms of covid 19	False	Australia	1
2020-11-01	attestation de déplacement covid 19 imprimer	False	France	1
2020-11-01	coronavirus lockdown rules	False	United Kingdom	1
2020-11-01	coronavirus in nj	False	United States	1
2020-11-01	mhd	True	France	1
2020-11-01	carte 1 km coronavirus	False	France	1
2020-11-01	ezekiel elliott	True	United States	2
2020-11-01	telecharger attestation covid	False	France	1
2020-11-01	india coronavirus cases	False	United States	1
2020-11-01	thetimes.co.uk/ukcoronavirustracker	False	United Kingdom	1
2020-11-01	usa coronavirus update	False	United States	1
2020-11-01	corona virus	False	South Africa	2
2020-11-01	india covid cases	False	India	2
2020-11-01	sintomi covid19	False	Italy	6
2020-11-01	covid umbria	False	Italy	1
2020-11-01	coronavirus hoy	False	Spain	1
2020-11-01	eastern ontario health unit	True	Canada	1
2020-11-01	ingreso minimo vital	True	Spain	2
2020-11-01	covid 19 update	False	Solomon Islands	1
2020-11-01	india coronavirus	False	United Kingdom	1
2020-11-01	gov.uk coronavirus	False	United Kingdom	2
2020-11-01	covid estrie	False	Canada	1
2020-11-01	ars occitanie coronavirus	False	France	1
2020-11-01	新型コロナウィルス	False	Japan	1
2020-11-01	covid lockdown gov.uk	False	United Kingdom	1
2020-11-01	coronavirus lockdown guide	False	United Kingdom	1
2020-11-01	attestation de déplacement dérogatoire covid	False	France	2
2020-11-01	telecharger attestation covid 19	False	France	1
2020-11-01	india coronavirus update	False	United States	1
2020-11-01	coronavirus update pa	False	United States	1
2020-11-01	tafe qld	True	Australia	14
2020-11-01	news coronavirus	False	United Kingdom	1
2020-11-01	coronavirus in new york	False	United States	1
2020-11-01	michel boujenah	True	France	1
2020-11-01	carpimko aide covid	False	France	1
2020-11-01	usa coronavirus map	False	United States	1
2020-11-01	face coverings	True	United States	1
2020-11-01	covid ultime notizie	False	Italy	1
2020-11-01	thursford christmas spectacular 2020	True	United Kingdom	1
2020-11-01	covid 19 vaccine	False	Singapore	3
2020-11-01	covid 19 en suède aujourd hui	False	France	1
2020-11-01	qsep.cms.gov/welcome.aspx	True	United States	1
2020-11-01	coronavirus japon	False	France	1
2020-11-01	covid testing near me	False	United States	4
2020-11-01	actualité coronavirus en france	False	France	1
2020-11-01	sepe erte	True	Spain	1
2020-11-01	john hopkins university coronavirus map	False	Germany	2
2020-11-01	telecharger attestation covid octobre 2020	False	France	1
2020-11-01	india covid	False	United States	1
2020-11-01	covid 19 map	False	Canada	1
2020-11-01	american idol 2020	True	United States	1
2020-11-01	attestation covid déplacement gouvernement	False	France	1
2020-11-01	sintomi covid 19	False	Italy	1
2020-11-01	covid hotline	False	United States	1
2020-11-01	coronavirus lockdown	False	United Kingdom	1
2020-11-01	coronavirus in nebraska	False	United States	1
2020-11-01	ohio covid cases today	False	United States	1
2020-11-01	carpimko	True	France	1
2020-11-01	usa coronavirus cases	False	United States	1
2020-11-01	declare.ameli.fr covid 19	False	France	1
2020-11-01	manitoba covid 19	False	Canada	2
2020-11-01	covid south dakota	False	United States	1
2020-11-01	covid trentino	False	Italy	1
2020-11-01	covid 19 graph	False	United States	1
2020-11-01	tas e travel	True	Australia	1
2020-11-01	covid 19 alaska	False	United States	1
2020-11-01	www.rki.de/covid-19-risikogebiete	False	Germany	1
2020-11-01	teletravail covid 19	False	France	1
2020-11-01	india covid cases	False	United States	1
2020-11-01	studiosus	True	Germany	1
2020-11-01	ministere de l'interieur coronavirus	False	France	1
2020-11-01	face mask pattern	True	United States	1
2020-11-01	tier 2	True	United Kingdom	1
2020-11-01	quebec coronavirus update	False	Canada	6
2020-11-01	italy coronavirus	False	United Kingdom	1
2020-11-01	coronavirus	False	Ecuador	100
2020-11-01	panic buying	True	United States	1
2020-11-01	covid lockdown england	False	United Kingdom	1
2020-11-01	national youth agency	True	United Kingdom	1
2020-11-01	coronavirus update oregon	False	United States	1
2020-11-01	coronavirus live updates	False	United Kingdom	1
2020-11-01	coronavirus in montana	False	United States	1
2020-11-01	carla bruni	True	France	1
2020-11-01	uif	True	South Africa	87
2020-11-01	nottingham tier 3	True	United Kingdom	1
2020-11-01	usa coronavirus	False	United States	1
2020-11-01	coronavirus argentina	False	Argentina	27
2020-11-01	temps d'incubation covid 19	False	France	1
2020-11-01	indian river county	True	United States	1
2020-11-01	coronavirus italie	False	France	1
2020-11-01	covid wi	False	United States	1
2020-11-01	sedgwick county covid	False	United States	1
2020-11-01	covid toscana oggi	False	Italy	1
2020-11-01	az coronavirus	False	United States	1
2020-11-01	aantal besmettingen per gemeente	True	Belgium	1
2020-11-01	sintomi covid	False	Italy	2
2020-11-01	david walliams	True	United Kingdom	1
2020-11-01	nj coronavirus	False	United States	1
2020-11-01	gouvernement fr info coronavirus	False	France	1
2020-11-01	climss cursos	True	Mexico	9
2020-11-01	tasmania border restrictions	True	Australia	3
2020-11-01	saga cruises	True	United Kingdom	1
2020-11-01	disinfectant foggers	True	United States	1
2020-11-01	coronavirus live	False	United Kingdom	1
2020-11-01	ad.nl	True	Netherlands	15
2020-11-01	coronavirus in mississippi	False	United States	1
2020-11-01	ministere de la sante	True	France	1
2020-11-01	temps incubation covid 19	False	France	1
2020-11-01	indiana coronavirus	False	United States	2
2020-11-01	face mask pattern free	True	United States	1
2020-11-01	tier 2 lockdown rules	True	United Kingdom	1
2020-11-01	shearings holidays	True	United Kingdom	1
2020-11-01	canal plus en clair	True	France	1
2020-11-01	ralph northam	True	United States	1
2020-11-01	death rate from covid	False	United States	1
2020-11-01	covid 19	False	Ecuador	1
2020-11-01	attestation creche coronavirus	False	France	1
2020-11-01	covid toscana	False	Italy	2
2020-11-01	covid deaths usa	False	Canada	2
2020-11-01	coronavirus update	False	Kenya	100
2020-11-01	コロナウイルス東京	False	Japan	1
2020-11-01	covid test kit	False	United Kingdom	1
2020-11-01	srf news	True	Switzerland	37
2020-11-01	portugal reisewarnung	True	Germany	1
2020-11-01	poland coronavirus	False	United Kingdom	1
2020-11-01	ct covid 19	False	United States	1
2020-11-01	covid lockdown	False	United Kingdom	2
2020-11-01	tendances du coronavirus - france	False	France	1
2020-11-01	indiana coronavirus dashboard	False	United States	1
2020-11-01	coronavirus update ohio	False	United States	1
2020-11-01	us map of coronavirus cases	False	United States	1
2020-11-01	coronavirus israel	False	France	1
2020-11-01	australian government	True	Australia	2
2020-11-01	www.worldometers.info world coronavirus	False	Germany	1
2020-11-01	coronavirus latest uk	False	United Kingdom	1
2020-11-01	coronavirus in michigan	False	United States	1
2020-11-01	covid tracker	False	India	4
2020-11-01	btp	True	France	1
2020-11-01	scottish covid tiers	False	United Kingdom	1
2020-11-01	ages coronavirus	False	Austria	10
2020-11-01	risikogebiete österreich	True	Germany	1
2020-11-01	covid 19 pays bas	False	France	1
2020-11-01	covid svizzera	False	Italy	1
2020-11-01	uk coronavirus	False	Australia	1
2020-11-01	nj schools	True	United States	1
2020-11-01	ministere des sports	True	France	1
2020-11-01	face masks	True	United States	3
2020-11-01	test antigenique	True	France	1
2020-11-01	indiana coronavirus update	False	United States	2
2020-11-01	tier 2 restrictions	True	United Kingdom	2
2020-11-01	coronavirus	False	Romania	16
2020-11-01	covid 19 bc	False	Canada	3
2020-11-01	durham region covid 19 update	False	Canada	1
2020-11-01	covid toes	False	United Kingdom	1
2020-11-01	札幌市　コロナウィルス	False	Japan	1
2020-11-01	john hopkins covid 19 map	False	Germany	1
2020-11-01	covid 19 inkubationszeit	False	Germany	1
2020-11-01	sintomi coronavirus	False	Italy	2
2020-11-01	ars occitanie	True	France	1
2020-11-01	concelhos covid	False	Portugal	1
2020-11-01	coronavirus latest news uk	False	United Kingdom	1
2020-11-01	coronavirus in mexico 2020	False	United States	1
2020-11-01	brésil coronavirus	False	France	1
2020-11-01	imprimer attestation covid	False	France	1
2020-11-01	coronavirus update	False	Australia	11
2020-11-01	amarillo news	True	United States	1
2020-11-01	landratsamt sigmaringen	True	Germany	1
2020-11-01	test antigenique covid	False	France	1
2020-11-01	indiana covid	False	United States	1
2020-11-01	attestation covid déplacement	False	France	1
2020-11-01	covid plz check	False	Germany	1
2020-11-01	ny covid rules	False	United States	1
2020-11-01	covid svezia	False	Italy	1
2020-11-01	insee deces	True	France	1
2020-11-01	at&t	True	China	2
2020-11-01	covid lock down restrictions	False	United Kingdom	1
2020-11-01	uk coronavirus update	False	Australia	5
2020-11-01	costco covid test	False	United States	1
2020-11-01	pastor hagee	True	United States	1
2020-11-01	ministere du travail covid 19	False	France	1
2020-11-01	face masks for coronavirus	False	United States	1
2020-11-01	climss	True	Mexico	37
2020-11-01	us lockdown	True	United States	1
2020-11-01	coronavirus latest news	False	United Kingdom	1
2020-11-01	covid 19 new jersey	False	United States	1
2020-11-01	coronavirus in maryland	False	United States	1
2020-11-01	tier 2 rules	True	United Kingdom	1
2020-11-01	test antigénique	True	France	1
2020-11-01	indiana covid cases	False	United States	1
2020-11-01	covid 19 wikipedia	False	United States	1
2020-11-01	randy rainbow	True	United States	2
2020-11-01	coronavirus update ny	False	United States	1
2020-11-01	brigitte macron	True	France	1
2020-11-01	covid hotline	False	Australia	2
2020-11-01	rki dashboard covid	False	Germany	1
2020-11-01	coronavirus update	False	Bangladesh	100
2020-11-01	coronavirus isere	False	France	1
2020-11-01	covid statistiche	False	Italy	1
2020-11-01	dvsa	True	United Kingdom	3
2020-11-01	déclaration de déplacement covid 19	False	France	1
2020-11-01	glasgow airport	True	United Kingdom	1
2020-11-01	corona virus	False	Spain	1
2020-11-01	bizportal	True	South Africa	9
2020-11-01	dgs covid 19	False	Portugal	2
2020-11-01	covid en chine actuellement	False	France	1
2020-11-01	sgarbi	True	Italy	1
2020-11-01	couvre feu paris	True	France	1
2020-11-01	test antigénique covid	False	France	1
2020-11-01	indiana covid dashboard	False	United States	1
2020-11-01	nz covid	False	New Zealand	2
2020-11-01	ohio covid dashboad	False	United States	1
2020-11-01	covid numbers victoria today	False	Australia	1
2020-11-01	nj covid 19 dashboard	False	United States	1
2020-11-01	uk covid	False	Australia	2
2020-11-01	coronavirus latest figures by country	False	United Kingdom	1
2020-11-01	coronavirus in maine	False	United States	1
2020-11-01	coronavirus	False	Taiwan	12
2020-11-01	boujenah	True	France	1
2020-11-01	ministère de l intérieur attestation covid	False	France	1
2020-11-01	covid in michigan	False	United States	1
2020-11-01	covid comunidad valenciana	False	Spain	1
2020-11-01	face masks for sale	True	United States	2
2020-11-01	covid spagna	False	Italy	1
2020-11-01	tier 3	True	United Kingdom	1
2020-11-01	actualité belge	True	Belgium	1
2020-11-01	coronavirus statistics in india	False	India	8
2020-11-01	新コロナウイルス	False	Japan	1
2020-11-01	test antigénique pharmacie	True	France	1
2020-11-01	indiana covid infection rates by county	False	United States	1
2020-11-01	cuomo press conference today	True	United States	1
2020-11-01	indemnité covid	False	France	1
2020-11-01	příznaky covid	False	Czech Republic	7
2020-11-01	ge.ch covid	False	Switzerland	1
2020-11-01	zdf heute	True	Germany	6
2020-11-01	covid lock down	False	United Kingdom	1
2020-11-01	john hopkins coronavirus map	False	Germany	1
2020-11-01	covid deaths in usa	False	Canada	2
2020-11-01	us elections 2020	True	United States	3
2020-11-01	climss iniciar sesión	True	Mexico	5
2020-11-01	knowsley safari park	True	United Kingdom	1
2020-11-01	coronavirus latest figures	False	United Kingdom	1
2020-11-01	coronavirus in iowa	False	United States	1
2020-11-01	boris johnson	True	France	1
2020-11-01	coronavirus vaccin	False	France	1
2020-11-01	attestation de deplacement	True	Netherlands	1
2020-11-01	ars nouvelle aquitaine	True	France	1
2020-11-01	coronavirus update nm	False	United States	1
2020-11-01	test coronavirus	False	France	1
2020-11-01	indiana covid map	False	United States	1
2020-11-01	coronavirus irlande	False	France	1
2020-11-01	covid 19 update	False	Kenya	38
2020-11-01	covid 19 update ohio	False	United States	1
2020-11-01	covid sintomi iniziali	False	Italy	1
2020-11-01	worldometer coronavirus	False	Maldives	1
2020-11-01	coronavirus kreis mettmann aktuell	False	Germany	1
2020-11-01	sesto san giovanni	True	Italy	1
2020-11-01	uk covid cases	False	Australia	3
2020-11-01	fauci	True	China	3
2020-11-01	ministère de l intérieur coronavirus	False	France	1
2020-11-01	holiday extras	True	United Kingdom	1
2020-11-01	face masks for sale online	True	United States	1
2020-11-01	tier 3 restrictions	True	United Kingdom	2
2020-11-01	rapid covid 19 test near me	False	United States	1
2020-11-01	coronavirus latest	False	United Kingdom	2
2020-11-01	covid chine situation	False	France	1
2020-11-01	coronavirus in indiana	False	United States	1
2020-11-01	covid 19 cases in us	False	United States	1
2020-11-01	test covid	False	France	1
2020-11-01	indiana covid numbers for today	False	United States	1
2020-11-01	covid test cost	False	United States	1
2020-11-01	sba eidl	True	United States	1
2020-11-01	コロナウイルス日本	False	Japan	1
2020-11-01	blanquer	True	France	1
2020-11-01	spain covid cases	False	United States	1
2020-11-01	manitoba covid	False	Canada	11
2020-11-01	durham region covid 19	False	Canada	1
2020-11-01	jours de carence covid19	False	France	1
2020-11-01	covid sintomi	False	Italy	2
2020-11-01	ages dashboard	True	Austria	27
2020-11-01	us deaths from coronavirus	False	United States	1
2020-11-01	mikel arteta	True	United Kingdom	1
2020-11-01	covid vaccine	False	United Kingdom	1
2020-11-01	covid 19 espagne	False	France	1
2020-11-01	covid latest uk	False	United Kingdom	1
2020-11-01	coronavirus update nj	False	United States	1
2020-11-01	allegheny county health department	True	United States	1
2020-11-01	coronavirus iran	False	France	1
2020-11-01	test covid 19	False	France	1
2020-11-01	indiana department of health	True	United States	1
2020-11-01	uk covid deaths	False	Australia	1
2020-11-01	städteregion aachen	True	Germany	1
2020-11-01	ministère de l'intérieur	True	France	15
2020-11-01	coronavirus prevention	False	Romania	3
2020-11-01	face masks made in usa	True	United States	2
2020-11-01	coronavirus job retention scheme	False	United Kingdom	1
2020-11-01	coronavirus in india	False	United States	1
2020-11-01	tier 3 restrictions scotland	True	United Kingdom	1
2020-11-01	blagues coronavirus	False	France	1
2020-11-01	sedgwick county	True	United States	1
2020-11-01	covid counts	False	United States	1
2020-11-01	corona virus updates	False	Philippines	3
2020-11-01	pastor john hagee	True	United States	1
2020-11-01	covid sicilia oggi	False	Italy	1
2020-11-01	jagratha portal	True	India	4
2020-11-01	attestation covid deplacement scolaire	False	France	1
2020-11-01	aviptadil	True	United States	1
2020-11-01	zoo duisburg	True	Germany	1
2020-11-01	test covid en pharmacie	False	France	1
2020-11-01	indiana governor	True	United States	1
2020-11-01	scuole chiuse	True	Italy	2
2020-11-01	covid 19 idaho	False	United States	1
2020-11-01	india coronavirus update	False	United Kingdom	1
2020-11-01	coronavirus update	False	Egypt	25
2020-11-01	attestation covid19 pdf	False	France	1
2020-11-01	coronavirus trend in india	False	India	3
2020-11-01	covid victoria update	False	Australia	5
2020-11-01	mesure covid genève	False	Switzerland	1
2020-11-01	places of worship coronavirus gov.uk	False	United Kingdom	1
2020-11-01	covid 19 reports.dghs.gov.bd	False	Bangladesh	1
2020-11-01	odsp ontario	True	Canada	1
2020-11-01	coronavirus italy	False	United Kingdom	1
2020-11-01	coronavirus in illinois	False	United States	1
2020-11-01	biopath résultat	True	France	1
2020-11-01	rapid covid test	False	United States	1
2020-11-01	us death toll coronavirus	False	United States	1
2020-11-01	us coronavirus	False	Australia	4
2020-11-01	formulaire sortie covid 19	False	France	1
2020-11-01	test covid le havre	False	France	1
2020-11-01	indiana news	True	United States	1
2020-11-01	ministère de l'intérieur attestation	True	France	1
2020-11-01	face shields	True	United States	2
2020-11-01	tier 3 rules	True	United Kingdom	1
2020-11-01	covid sicilia	False	Italy	1
2020-11-01	jens spahn	True	Germany	2
2020-11-01	gad elmaleh	True	France	1
2020-11-01	best covid mask	False	United States	1
2020-11-01	covid latest news	False	United Kingdom	1
2020-11-01	attestation de deplacemnt covid 19	False	France	1
2020-11-01	arrêté ministériel covid 19	False	Belgium	3
2020-11-01	covid tarn	False	France	1
2020-11-01	coronavirus update nc	False	United States	1
2020-11-01	ohio covid dashboard	False	United States	1
2020-11-01	coronavirus internaute direct	False	France	1
2020-11-01	coronavirus ireland	False	United Kingdom	1
2020-11-01	conacyt	True	Mexico	15
2020-11-01	coronavirus in idaho	False	United States	1
2020-11-01	ct covid	False	United States	1
2020-11-01	test covid lille	False	France	1
2020-11-01	indiana unemployment website	True	United States	1
2020-11-01	how many covid deaths today	False	United Kingdom	1
2020-11-01	non filers stimulus check	True	United States	1
2020-11-01	covid 19 tracker india	False	India	20
2020-11-01	biopath	True	France	1
2020-11-01	saturimetro	True	Italy	7
2020-11-01	imprimer attestation coronavirus gouvernement	False	France	1
2020-11-01	福井県コロナウイルス	False	Japan	1
2020-11-01	public health ontario	True	Canada	4
2020-11-01	covid sardegna oggi	False	Italy	1
2020-11-01	us coronavirus update	False	Australia	1
2020-11-01	pneumokokken	True	Germany	1
2020-11-01	ministère de l'intérieur attestation covid	False	France	1
2020-11-01	sergas	True	Spain	5
2020-11-01	covid hospitalizations	False	United States	1
2020-11-01	face shields for coronavirus	False	United States	1
2020-11-01	us daily covid deaths	False	United States	1
2020-11-01	tier 4 restrictions	True	United Kingdom	1
2020-11-01	public health scotland	True	United Kingdom	1
2020-11-01	test covid pharmacie	False	France	1
2020-11-01	indianapolis covid cases	False	United States	1
2020-11-01	コロナウイルス感染者数	False	Japan	1
2020-11-01	nottingham lockdown	True	United Kingdom	1
2020-11-01	covid deaths in canada	False	Canada	1
2020-11-01	belgie coronavirus	False	Netherlands	1
2020-11-01	ars normandie covid 19	False	France	1
2020-11-01	coronavirus iran	False	United Kingdom	1
2020-11-01	coronavirus in hawaii	False	United States	1
2020-11-01	attestation de déplacement employeur covid 19	False	France	1
2020-11-01	biogroup	True	France	1
2020-11-01	worldometer coronavirus	False	Kenya	1
2020-11-01	ny covid travel information	False	United States	1
2020-11-01	actualité covid 19	False	France	1
2020-11-01	covid vs cold	False	United States	1
2020-11-01	covid sardegna	False	Italy	1
2020-11-01	coronavirus uk	False	Australia	3
2020-11-01	covid deaths in california	False	United States	1
2020-11-01	justificatif déplacement covid 19	False	France	1
2020-11-01	covid latest	False	United Kingdom	1
2020-11-01	test covid rapide	False	France	1
2020-11-01	industries benefiting from coronavirus	False	United States	1
2020-11-01	coronavirus update montana	False	United States	1
2020-11-01	coronavirus indre et loire	False	France	1
2020-11-01	covid symptoms 2020	False	United States	1
2020-11-01	death toll coronavirus uk	False	United Kingdom	1
2020-11-01	zypern coronavirus	False	Germany	1
2020-11-01	south carolina news	True	United States	1
2020-11-01	us covid	False	Australia	2
2020-11-01	landratsamt rastatt	True	Germany	1
2020-11-01	amtliches dashboard	True	Austria	4
2020-11-01	ministère de l'intérieur attestation covid 19	False	France	1
2020-11-01	face shields for sale	True	United States	1
2020-11-01	coronavirus india	False	United Kingdom	1
2020-11-01	coronavirus in florida	False	United States	1
2020-11-01	bing covid tracker	False	France	1
2020-11-01	tier list	True	United Kingdom	1
2020-11-01	new covid lockdown rules	False	United Kingdom	1
2020-11-01	rapid covid test meaning	False	United States	1
2020-11-01	symptomer coronavirus	False	Norway	3
2020-11-01	test pcr	True	France	1
2020-11-01	infonavit mi cuenta	True	United States	1
2020-11-01	sardegna sicura	True	Italy	1
2020-11-01	patient zero	True	United States	1
2020-11-01	文部科学省 コロナ	True	Japan	1
2020-11-01	covid reggio emilia	False	Italy	1
2020-11-01	covid 19 montreal	False	Canada	1
2020-11-01	conselleria de sanitat	True	Spain	1
2020-11-01	madrid coronavirus	False	Spain	1
2020-11-01	doug ford announcement today	True	Canada	1
2020-11-01	dashboard coronavirus	False	France	1
2020-11-01	coronavirus romania	False	Romania	8
2020-11-01	jenaer nachrichten	True	Germany	1
2020-11-01	ufiling login	True	South Africa	3
2020-11-01	coronavirus statistics	False	New Zealand	3
2020-11-01	gouvernement fr attestation	True	France	1
2020-11-01	coronavirus in your area	False	United Kingdom	1
2020-11-01	us covid tracker	False	United States	1
2020-11-01	coronavirus in europe	False	United States	1
2020-11-01	allegheny county covid	False	United States	1
2020-11-01	test pcr covid 19	False	France	1
2020-11-01	inovio	True	United States	1
2020-11-01	covid jokes	False	United Kingdom	1
2020-11-01	fht uk	True	United Kingdom	1
2020-11-01	coronavirus update michigan	False	United States	1
2020-11-01	bilan mondial coronavirus	False	France	1
2020-11-01	ntv nachrichten coronavirus	False	Germany	1
2020-11-01	do masks protect you from coronavirus	False	United States	1
2020-11-01	australia covid cases	False	Australia	1
2020-11-01	us covid 19 update	False	Australia	3
2020-11-01	covid puglia oggi	False	Italy	1
2020-11-01	attestation covid deplacement	False	France	1
2020-11-01	worldometer coronavirus	False	Bangladesh	34
2020-11-01	ministère de l'intérieur coronavirus	False	France	1
2020-11-01	fairfax county coronavirus	False	United States	1
2020-11-01	scottish government coronavirus update today	False	United Kingdom	1
2020-11-01	tiers in scotland	True	United Kingdom	1
2020-11-01	manitoba coronavirus update	False	Canada	2
2020-11-01	johns hopkins coronavirus	False	Switzerland	1
2020-11-01	coronavirus indre	False	France	1
2020-11-01	test salivaire covid 19	False	France	1
2020-11-01	inslee	True	United States	1
2020-11-01	aviation	True	United States	1
2020-11-01	dewine press conference	True	United States	1
2020-11-01	covid 19 cases	False	Australia	1
2020-11-01	second stimulus package 2020	True	United States	1
2020-11-01	attestation covid19 gouvernement	False	France	1
2020-11-01	coronavirus in uk	False	United Kingdom	1
2020-11-01	coronavirus in china	False	United States	1
2020-11-01	gestes barrières covid 19	False	France	1
2020-11-01	bilan covid monde	False	France	1
2020-11-01	san donato milanese	True	Italy	1
2020-11-01	srf.ch/coronavirus	False	Switzerland	1
2020-11-01	covid deaths by country	False	Canada	1
2020-11-01	ohio covid map	False	United States	1
2020-11-01	covid puglia	False	Italy	2
2020-11-01	rapid covid test near me	False	United States	1
2020-11-01	us covid numbers	False	United States	1
2020-11-01	scotland covid level	False	United Kingdom	1
2020-11-01	covid update	False	India	1
2020-11-01	test sanguin covid 19	False	France	1
2020-11-01	iowa coronavirus	False	United States	2
2020-11-01	us covid cases	False	Australia	2
2020-11-01	attestation covid	False	Belgium	1
2020-11-01	covid 19 symptomer	False	Norway	6
2020-11-01	ägypten coronavirus	False	Germany	1
2020-11-01	ministère de l'intérieur coronavirus imprimé	False	France	1
2020-11-01	fairfax county government	True	United States	1
2020-11-01	titan travel	True	United Kingdom	1
2020-11-01	ars normandie	True	France	1
2020-11-01	coronavirus	False	Mexico	38
2020-11-01	coronavirus fallzahlen	False	Germany	1
2020-11-01	covid 19 update	False	Singapore	54
2020-11-01	coronavirus in spain	False	United Kingdom	1
2020-11-01	coronavirus in california	False	United States	1
2020-11-01	bilan covid france	False	France	1
2020-11-01	desantis florida	True	United States	1
2020-11-01	buitenlandse zaken	True	Netherlands	1
2020-11-01	coronavirus prevention	False	Qatar	15
2020-11-01	covid 19 bilan	False	Canada	3
2020-11-01	test sérologique covid	False	France	1
2020-11-01	iowa coronavirus update	False	United States	2
2020-11-01	patientportal.aegislabs.com	True	United States	1
2020-11-01	smash mouth	True	United States	1
2020-11-01	コロナウイルス感染症	False	Japan	1
2020-11-01	covid piemonte mappa	False	Italy	1
2020-11-01	kerala e pass	True	India	2
2020-11-01	coronavirus berlin	False	Germany	1
2020-11-01	covid italy	False	United Kingdom	1
2020-11-01	coronavirus update md	False	United States	1
2020-11-01	coronavirus india	False	France	1
2020-11-01	rki coronavirus zahlen	False	Germany	1
2020-11-01	biden trump	True	China	1
2020-11-01	covid 19	False	India	17
2020-11-01	us covid deaths	False	Australia	2
2020-11-01	sunexpress	True	Germany	1
2020-11-01	coronavirus in scotland	False	United Kingdom	1
2020-11-01	covid 19 pologne	False	France	1
2020-11-01	coronavirus in brazil	False	United States	1
2020-11-01	jena coronavirus	False	Germany	1
2020-11-01	tests antigéniques covid	False	France	1
2020-11-01	iowa covid	False	United States	1
2020-11-01	ministère de l'intérieur dérogation covid	False	France	1
2020-11-01	us covid map	False	United States	1
2020-11-01	fall allergies	True	United States	1
2020-11-01	bilan covid aujourd'hui	False	France	1
2020-11-01	today's coronavirus update	False	United Kingdom	1
2020-11-01	doug ford announcement	True	Canada	4
2020-11-01	covid 19 new york	False	United States	1
2020-11-01	covid 19	False	Czech Republic	67
2020-11-01	covid piemonte	False	Italy	2
2020-11-01	austria coronavirus	False	Austria	1
2020-11-01	ryanair refunds	True	United Kingdom	1
2020-11-01	east anglian daily times	True	United Kingdom	1
2020-11-01	salvini	True	Italy	2
2020-11-01	nzta	True	New Zealand	100
2020-11-01	札幌市　コロナ	True	Japan	3
2020-11-01	ontario hydro rates	True	Canada	6
2020-11-01	allegheny county coronavirus	False	United States	1
2020-11-01	attestation covid couvre feu	False	France	1
2020-11-01	tests antigéniques covid 19	False	France	1
2020-11-01	iowa covid 19	False	United States	1
2020-11-01	rapid covid testing	False	United States	1
2020-11-01	biden lockdown	True	United States	1
2020-11-01	coronavirus köln	False	Germany	1
2020-11-01	coronavirus statistics	False	Romania	3
2020-11-01	david thompson coronavirus positive	False	United States	1
2020-11-01	coronavirus in my area bbc	False	United Kingdom	1
2020-11-01	coronavirus in arkansas 2020	False	United States	1
2020-11-01	стопкоронавирус.рф	True	Russian Federation	1
2020-11-01	bilan covid 19	False	France	1
2020-11-01	ameli	True	Reunion	100
2020-11-01	scottish coronavirus update	False	United Kingdom	1
2020-11-01	příznaky koronaviru	True	Czech Republic	5
2020-11-01	usa coronavirus	False	Australia	1
2020-11-01	covid olanda	False	Italy	1
2020-11-01	接触確認アプリ	True	Japan	1
2020-11-01	ministère de la santé	True	France	1
2020-11-01	families first coronavirus response act	False	United States	1
2020-11-01	todays covid 19 stats uk	False	United Kingdom	1
2020-11-01	thomas pesquet	True	France	1
2020-11-01	iowa covid cases	False	United States	1
2020-11-01	odsp	True	Canada	3
2020-11-01	angonoticias	True	Angola	1
2020-11-01	attestation de déplacement covid 19 gouv.fr	False	France	1
2020-11-01	österreich coronavirus	False	Germany	1
2020-11-01	covid in sweden	False	United Kingdom	1
2020-11-01	patrick mahomes	True	United States	7
2020-11-01	coronavirus update massachusetts	False	United States	1
2020-11-01	coronavirus update	False	Ethiopia	1
2020-11-01	coronavirus inde	False	France	1
2020-11-01	us covid deaths by day	False	United States	1
2020-11-01	covid 19 california map	False	United States	1
2020-11-01	coronavirus in my area	False	United Kingdom	2
2020-11-01	coronavirus in arizona	False	United States	1
2020-11-01	bilan covid	False	France	1
2020-11-01	infos gouv coronavirus	False	France	1
2020-11-01	london middlesex covid 19 cases	False	Canada	1
2020-11-01	600 disability payment federal government	True	Canada	1
2020-11-01	best buy return policy	True	United States	1
2020-11-01	thymuline	True	France	1
2020-11-01	iowa covid state	False	United States	1
2020-11-01	average age of coronavirus deaths	False	United States	1
2020-11-01	salute lazio	True	Italy	5
2020-11-01	covid deaths	False	Canada	1
2020-11-01	covid oggi veneto	False	Italy	1
2020-11-01	places of worship	True	United Kingdom	1
2020-11-01	ars hauts de france	True	France	1
2020-11-01	usa coronavirus deaths	False	Australia	1
2020-11-01	ohio covid map color	False	United States	1
2020-11-01	covid dhhs	False	Australia	1
2020-11-01	ministère de la santé coronavirus	False	France	1
2020-11-01	déclaration de sortie covid 19	False	France	1
2020-11-01	fauci	True	United States	7
2020-11-01	todays covid stats england	False	United Kingdom	1
2020-11-01	fond de solidarite	True	France	1
2020-11-01	coronavirus guidance	False	United Kingdom	1
2020-11-01	attestation covid 19	False	Belgium	1
2020-11-01	coronavirus illinois update	False	United States	1
2020-11-01	sba disaster loans log in	True	United States	1
2020-11-01	théorie du complot	True	France	1
2020-11-01	iowa covid update	False	United States	1
2020-11-01	rapid covid testing near me	False	United States	1
2020-11-01	コロナウイルス北海道	False	Japan	1
2020-11-01	france lockdown	True	China	5
2020-11-01	bilan coronavirus par pays	False	France	1
2020-11-01	attestation covid19 a télécharger	False	France	1
2020-11-01	ny dmv license renewal	True	United States	1
2020-11-01	ct coronavirus update	False	United States	1
2020-11-01	landratsamt pirna	True	Germany	1
2020-11-01	covid oggi piemonte	False	Italy	1
2020-11-01	confinamiento madrid	True	Spain	1
2020-11-01	covid in minnesota	False	United States	1
2020-11-01	covid in scotland	False	United Kingdom	1
2020-11-01	coronavirus update maryland	False	United States	1
2020-11-01	coronavirus ille et vilaine	False	France	1
2020-11-01	impots.gouv.fr	True	France	6
2020-11-01	coronavirus en el mundo	False	Mexico	1
2020-11-01	covid cataluña	False	Spain	1
2020-11-01	its reisen	True	Germany	1
2020-11-01	tibo inshape	True	France	1
2020-11-01	iowa department of public health	True	United States	1
2020-11-01	coronavirus aktuelle zahlen	False	Germany	1
2020-11-01	us covid deaths	False	United States	2
2020-11-01	usa coronavirus update	False	Australia	6
2020-11-01	corona virus	False	Netherlands	2
2020-11-01	rki dashboard covid 19	False	Germany	1
2020-11-01	coronavirus government advice	False	United Kingdom	1
2020-11-01	coronavirus illinois	False	United States	1
2020-11-01	attestation de deplacemetn covid 19	False	France	1
2020-11-01	bilan coronavirus monde	False	France	1
2020-11-01	ministère des sports	True	France	1
2020-11-01	lanzarote coronavirus	False	United Kingdom	1
2020-11-01	fauci coronavirus not good	False	United States	1
2020-11-01	tower hamlets	True	United Kingdom	1
2020-11-01	covid oggi lombardia	False	Italy	1
2020-11-01	genève covid	False	Switzerland	2
2020-11-01	doug ford	True	Canada	4
2020-11-01	österreich einreise	True	Germany	1
2020-11-01	south park pandemic episode	True	United States	1
2020-11-01	tous anti covid	False	France	1
2020-11-01	iowa governor	True	United States	1
2020-11-01	alex berenson	True	United States	1
2020-11-01	rt covid	False	Italy	1
2020-11-01	covid 19 hamburg	False	Germany	1
2020-11-01	attestation covid course	False	France	1
2020-11-01	coronavirus tasmania	False	Australia	1
2020-11-01	dexamethasone covid	False	France	1
2020-11-01	schnelltest coronavirus kaufen	False	Germany	1
2020-11-01	nhbf	True	United Kingdom	1
2020-11-01	coronavirus worldometer	False	France	1
2020-11-01	bundesgesetzblatt covid 19	False	Austria	3
2020-11-01	釧路 コロナ	True	Japan	1
2020-11-01	coronavirus gov.uk today	False	United Kingdom	1
2020-11-01	coronavirus idaho	False	United States	1
2020-11-01	bilan coronavirus italie	False	France	1
2020-11-01	second stimulus check update	True	United States	5
2020-11-01	pattern for face mask	True	United States	1
2020-11-01	us covid cases	False	United States	3
2020-11-01	usa covid	False	Australia	2
2020-11-01	tous anti covid 19	False	France	1
2020-11-01	iowa governor kim reynolds	True	United States	1
2020-11-01	superspreader	True	Germany	1
2020-11-01	ministère des sports coronavirus	False	France	1
2020-11-01	fauci rips white house coronavirus approach	False	United States	1
2020-11-01	covid oggi italia bollettino	False	Italy	1
2020-11-01	sintomas covid	False	Spain	1
2020-11-01	coronavirus update	False	Romania	25
2020-11-01	tower hamlets council	True	United Kingdom	1
2020-11-01	actualités	True	France	15
2020-11-01	reisewarnungen auswärtiges amt	True	Germany	1
2020-11-01	nostradamus predictions	True	United Kingdom	1
2020-11-01	angop	True	Angola	100
2020-11-01	covid 19 etats unis	False	France	1
2020-11-01	covid in my area postcode	False	United Kingdom	1
2020-11-01	rapid covid testing sites near me	False	United States	1
2020-11-01	coronavirus gov.uk	False	United Kingdom	1
2020-11-01	coronavirus update map	False	United States	1
2020-11-01	coronavirus hospitalization rates	False	United States	1
2020-11-01	covid testing	False	United States	2
2020-11-01	tous anti covid application	False	France	1
2020-11-01	iowa unemployment	True	United States	2
2020-11-01	coronavirus il y aura une troisième vague	False	France	1
2020-11-01	samu haber	True	Germany	2
2020-11-01	covid immunity after recovery	False	United States	1
2020-11-01	bilan coronavirus france	False	France	1
2020-11-01	procicat	True	Spain	1
2020-11-01	geodes coronavirus	False	France	1
2020-11-01	rinnovo patente	True	Italy	1
2020-11-01	covid19	False	Germany	1
2020-11-01	covid oggi italia	False	Italy	2
2020-11-01	covid 19 usa	False	Germany	1
2020-11-01	ahs covid	False	Canada	3
2020-11-01	covid en suede	False	France	1
2020-11-01	usa covid cases	False	Australia	2
2020-11-01	jordanie	True	France	1
2020-11-01	ministère du travail	True	France	1
2020-11-01	covid vitamin d	False	United States	1
2020-11-01	fauci trump	True	United States	1
2020-11-01	track and trace app	True	United Kingdom	1
2020-11-01	tous anti covid attestation	False	France	1
2020-11-01	iran coronavirus	False	United States	1
2020-11-01	covid 19 illinois	False	United States	1
2020-11-01	us covid 19 update	False	United States	1
2020-11-01	deaths from coronavirus	False	United Kingdom	1
2020-11-01	gouvernement covid attestation employeur	False	France	1
2020-11-01	ischgl	True	Germany	2
2020-11-01	coronavirus gov uk	False	United Kingdom	1
2020-11-01	coronavirus headache	False	United States	1
2020-11-01	north carolina coronavirus	False	United States	1
2020-11-01	bilan coronavirus espagne	False	France	1
2020-11-01	casos covid portugal	False	Portugal	1
2020-11-01	kerala epass	True	India	1
2020-11-01	jet2 holidays coronavirus	False	United Kingdom	1
2020-11-01	coronavirus updates	False	India	2
2020-11-01	covid oggi in italia	False	Italy	1
2020-11-01	coronavirus vaccine	False	Canada	2
2020-11-01	attestation covid france	False	Belgium	1
2020-11-01	covid cases worldwide	False	Canada	1
2020-11-01	ultimo dpcm coronavirus	False	Italy	1
2020-11-01	tous anti covid gouv	False	France	1
2020-11-01	iredell county	True	United States	1
2020-11-01	ars grand est coronavirus	False	France	1
2020-11-01	job retention scheme november 2020	True	United Kingdom	1
2020-11-01	covid restrictions	False	United States	1
2020-11-01	covid in my area bbc news	False	United Kingdom	1
2020-11-01	coronavirus update louisiana	False	United States	1
2020-11-01	coronavirus haute vienne	False	France	1
2020-11-01	コロナウイルスとは	False	Japan	1
2020-11-01	scot.gov.uk coronavirus	False	United Kingdom	1
2020-11-01	coronavirus en mexico	False	Mexico	4
2020-11-01	derniere attestation de deplacement covid19	False	France	1
2020-11-01	declaration covid	False	France	1
2020-11-01	coronavirus gov	False	United Kingdom	1
2020-11-01	coronavirus hawaii	False	United States	1
2020-11-01	bilan coronavirus en france	False	France	1
2020-11-01	usa covid deaths	False	Australia	1
2020-11-01	持続化補助金	True	Japan	11
2020-11-01	ministère du travail covid 19	False	France	1
2020-11-01	rhein-erft-kreis	True	Germany	1
2020-11-01	tous contre le covid	False	France	1
2020-11-01	ireland coronavirus	False	United States	1
2020-11-01	fauci trump coronavirus reversal	False	United States	2
2020-11-01	track and trace coronavirus	False	United Kingdom	1
2020-11-01	ohio covid numbers	False	United States	1
2020-11-01	covid oggi 1 novembre	False	Italy	2
2020-11-01	dominican republic coronavirus	False	Canada	1
2020-11-01	n95 masks uk	True	United Kingdom	1
2020-11-01	rapid covid tests near me	False	United States	1
2020-11-01	rimborso gtt	True	Italy	1
2020-11-01	albertsons hours	True	United States	1
2020-11-01	hoeseason 2020	True	United Kingdom	1
2020-11-01	covid counter	False	United States	1
2020-11-01	spanish flu deaths	True	United States	1
2020-11-01	payroll tax	True	United States	1
2020-11-01	coronavirus	False	Netherlands	3
2020-11-01	coronavirus germany update	False	United Kingdom	1
2020-11-01	australia covid 19 update	False	Australia	2
2020-11-01	coronavirus graph	False	United States	1
2020-11-01	gov covid restrictions uk	False	United Kingdom	1
2020-11-01	tous covid	False	France	1
2020-11-01	ireland covid	False	United States	1
2020-11-01	attestation covid confinement	False	France	1
2020-11-01	us covid 19 deaths	False	United States	1
2020-11-01	bob's red mill	True	United States	1
2020-11-01	bilan coronavirus	False	France	1
2020-11-01	nj travel restrictions	True	United States	1
2020-11-01	ligne covid	False	Canada	1
2020-11-01	ufiling	True	South Africa	27
2020-11-01	australia lockdown	True	United States	1
2020-11-01	covid oggi	False	Italy	28
2020-11-01	covid tahiti	False	France	1
2020-11-01	vaccine for coronavirus	False	Australia	1
2020-11-01	covid spain	False	United Kingdom	1
2020-11-01	ministère education nationale coronavirus	False	France	1
2020-11-01	covid	False	France	4
2020-11-01	fauci vaccine	True	United States	1
2020-11-01	bundeskanzleramt österreich	True	Austria	2
2020-11-01	track and trace jobs	True	United Kingdom	1
2020-11-01	blood type and covid	False	United States	1
2020-11-01	tous covid 19	False	France	1
2020-11-01	irs get my payment	True	United States	3
2020-11-01	attestation covid19 a imprimer	False	France	1
2020-11-01	covid in my area bbc	False	United Kingdom	1
2020-11-01	degam	True	Germany	1
2020-11-01	coronavirus update live	False	United States	1
2020-11-01	ottawa news	True	Canada	7
2020-11-01	coronavirus germany	False	United Kingdom	1
2020-11-01	coronavirus germany	False	United States	1
2020-11-01	coronavirus haute savoie	False	France	1
2020-11-01	belgique covid	False	France	1
2020-11-01	statistiques coronavirus	False	Switzerland	1
2020-11-01	home builders grant	True	Australia	1
2020-11-01	covid cases usa	False	Canada	2
2020-11-01	covid nuovo dpcm	False	Italy	1
2020-11-01	formulaire test covid	False	France	1
2020-11-01	inzidenzwert niedersachsen	True	Germany	1
2020-11-01	coronavirus worldometer	False	Romania	1
2020-11-01	revisione auto proroga	True	Italy	1
2020-11-01	rapid free covid 19 test near me	False	United States	1
2020-11-01	tous unis contre le covid	False	France	1
2020-11-01	irs gov get my payment	True	United States	1
2020-11-01	covid symptoms are changing	False	United States	1
2020-11-01	landratsamt ostallgäu	True	Germany	1
2020-11-01	vaccine for coronavirus update	False	Australia	1
2020-11-01	ars grand est	True	France	1
2020-11-01	johns hopkins coronavirus	False	France	1
2020-11-01	ministère intérieur covid	False	France	1
2020-11-01	us covid 19 cases	False	United States	1
2020-11-01	favipiravir	True	United States	1
2020-11-01	coronavirus france update	False	United Kingdom	1
2020-11-01	coronavirus georgia	False	United States	1
2020-11-01	transparent face masks	True	United Kingdom	2
2020-11-01	belgique coronavirus	False	France	1
2020-11-01	covid 19 cases in usa	False	United States	1
2020-11-01	air canada stock	True	Canada	3
