Date	Query	IsImplicitIntent	State	Country	PopularityScore
2020-05-01	coronavirus uk	False	Cambridgeshire	United Kingdom	18
2020-05-01	coronavirus en canarias	False	Canary Islands	Spain	3
2020-05-01	face mask pattern free	True	Missouri	United States	4
2020-05-01	coronavirus latest	False	Cambridgeshire	United Kingdom	1
2020-05-01	face mask pattern	True	Missouri	United States	4
2020-05-01	coronavirus	False	Cambridgeshire	United Kingdom	26
2020-05-01	easter 2020	True	Missouri	United States	4
2020-05-01	companies house beta	True	Cambridgeshire	United Kingdom	24
2020-05-01	drudge report 2020	True	Missouri	United States	9
2020-05-01	companies house	True	Cambridgeshire	United Kingdom	39
2020-05-01	coronavirus canarias	False	Canary Islands	Spain	7
2020-05-01	dr fauci	True	Missouri	United States	3
2020-05-01	coronavirus	False	Canary Islands	Spain	19
2020-05-01	boris johnson	True	Cambridgeshire	United Kingdom	5
2020-05-01	cuomo	True	Missouri	United States	1
2020-05-01	b&q	True	Cambridgeshire	United Kingdom	52
2020-05-01	crocs.com	True	Missouri	United States	7
2020-05-01	coronavirus update	False	Francisco Morazan	Honduras	1
2020-05-01	crocs healthcare	True	Missouri	United States	9
2020-05-01	worldometers info coronavirus	False	Wielkopolskie	Poland	3
2020-05-01	crocs for healthcare workers	True	Missouri	United States	57
2020-05-01	covid19	False	Missouri	United States	5
2020-05-01	covid update	False	Missouri	United States	2
2020-05-01	covid tracker	False	Missouri	United States	1
2020-05-01	covid toes	False	Missouri	United States	3
2020-05-01	covid symptoms	False	Missouri	United States	2
2020-05-01	covid map	False	Missouri	United States	3
2020-05-01	covid cases in missouri	False	Missouri	United States	1
2020-05-01	covid antibody testing	False	Missouri	United States	2
2020-05-01	covid 19 update missouri	False	Missouri	United States	3
2020-05-01	koronawirus w polsce	True	Wielkopolskie	Poland	100
2020-05-01	covid 19 update	False	Missouri	United States	40
2020-05-01	covid 19 tracker	False	Missouri	United States	2
2020-05-01	covid 19 symptoms	False	Missouri	United States	2
2020-05-01	covid 19 stats	False	Missouri	United States	1
2020-05-01	coronavirus	False	Galicia	Spain	28
2020-05-01	covid 19 missouri	False	Missouri	United States	10
2020-05-01	koronawirus mapa	True	Wielkopolskie	Poland	9
2020-05-01	covid 19 map	False	Missouri	United States	8
2020-05-01	covid 19 cases by state	False	Missouri	United States	2
2020-05-01	covid 19	False	Missouri	United States	20
2020-05-01	covid	False	Missouri	United States	15
2020-05-01	coronavirus worldometer	False	Missouri	United States	4
2020-05-01	coronavirus us	False	Missouri	United States	2
2020-05-01	coronavirus updates today	False	Missouri	United States	2
2020-05-01	coronavirus updates	False	Missouri	United States	59
2020-05-01	coronavirus update missouri	False	Missouri	United States	5
2020-05-01	coronavirus update	False	Missouri	United States	86
2020-05-01	koronawirus	False	Wielkopolskie	Poland	89
2020-05-01	コロナウイルス	False	Tottori	Japan	1
2020-05-01	coronavirus united states	False	Missouri	United States	10
2020-05-01	コロナ	True	Tottori	Japan	100
2020-05-01	coronavirus uk	False	Missouri	United States	2
2020-05-01	coronavirus eeuu	False	Galicia	Spain	3
2020-05-01	wko	True	Upper Austria	Austria	1
2020-05-01	vd.ch	True	Vaud	Switzerland	53
2020-05-01	www.nsw.gov.au/covid-19	False	New South Wales	Australia	15
2020-05-01	coronavirus tracker	False	Missouri	United States	11
2020-05-01	coronavirus österreich	False	Upper Austria	Austria	100
2020-05-01	worldometers coronavirus	False	New South Wales	Australia	100
2020-05-01	coronavirus symptoms	False	Missouri	United States	7
2020-05-01	coronavirus	False	Upper Austria	Austria	19
2020-05-01	worldometer coronavirus	False	New South Wales	Australia	8
2020-05-01	coronavirus stats	False	Missouri	United States	2
2020-05-01	corona virus	False	Upper Austria	Austria	1
2020-05-01	who coronavirus update	False	New South Wales	Australia	2
2020-05-01	coronavirus statistics	False	Wielkopolskie	Poland	1
2020-05-01	coronavirus statistics	False	Missouri	United States	5
2020-05-01	www.irs.gov/coronavirus	False	Tennessee	United States	9
2020-05-01	usa coronavirus update	False	New South Wales	Australia	13
2020-05-01	coronavirus st louis mo	False	Missouri	United States	1
2020-05-01	coronavirus en galicia	False	Galicia	Spain	2
2020-05-01	wuhan china	True	Tennessee	United States	2
2020-05-01	tesco home delivery	True	Flintshire	United Kingdom	72
2020-05-01	usa coronavirus	False	New South Wales	Australia	3
2020-05-01	coronavirus pandemic two years	False	Missouri	United States	28
2020-05-01	worldometer coronavirus	False	Tennessee	United States	28
2020-05-01	symptoms of coronavirus	False	New South Wales	Australia	2
2020-05-01	coronavirus numbers	False	Missouri	United States	3
2020-05-01	worldometer	True	Tennessee	United States	5
2020-05-01	sweden coronavirus	False	New South Wales	Australia	4
2020-05-01	coronavirus news	False	Missouri	United States	2
2020-05-01	when will disney world reopen	True	Tennessee	United States	1
2020-05-01	scott morrison announcements today	True	New South Wales	Australia	2
2020-05-01	screwfix	True	Flintshire	United Kingdom	100
2020-05-01	coronavirus mo	False	Missouri	United States	2
2020-05-01	von miller coronavirus	False	Tennessee	United States	7
2020-05-01	scott morrison	True	New South Wales	Australia	8
2020-05-01	coronavirus missouri update	False	Missouri	United States	5
2020-05-01	coronavirus españa	False	Galicia	Spain	17
2020-05-01	virginia department of health	True	Tennessee	United States	6
2020-05-01	hmrc login	True	Flintshire	United Kingdom	29
2020-05-01	peter dutton	True	New South Wales	Australia	2
2020-05-01	coronavirus missouri cases	False	Missouri	United States	1
2020-05-01	virginia coronavirus	False	Tennessee	United States	2
2020-05-01	nsw.gov.au/covid19	False	New South Wales	Australia	2
2020-05-01	coronavirus missouri	False	Missouri	United States	19
2020-05-01	vcemergency	True	Tennessee	United States	1
2020-05-01	nsw.gov.au/covid-19	False	New South Wales	Australia	4
2020-05-01	coronavirus map	False	Missouri	United States	24
2020-05-01	vaccine for coronavirus	False	Tennessee	United States	1
2020-05-01	nsw.gov.au coronavirus	False	New South Wales	Australia	4
2020-05-01	currys pc world	True	Flintshire	United Kingdom	15
2020-05-01	coronavirus in missouri	False	Missouri	United States	4
2020-05-01	usa coronavirus cases	False	Tennessee	United States	1
2020-05-01	nsw restrictions coronavirus	False	New South Wales	Australia	6
2020-05-01	coronavirus illinois	False	Missouri	United States	2
2020-05-01	coronavirus francia	False	Galicia	Spain	1
2020-05-01	us coronavirus cases	False	Tennessee	United States	3
2020-05-01	coronavirus in tamilnadu	False	Tamil Nadu	India	2
2020-05-01	nsw restrictions	True	New South Wales	Australia	8
2020-05-01	冠状病毒	False	Shandong	China	100
2020-05-01	coronavirus deaths	False	Missouri	United States	2
2020-05-01	update on coronavirus	False	Tennessee	United States	2
2020-05-01	nsw health covid 19	False	New South Wales	Australia	11
2020-05-01	coronavirus updates	False	Shandong	China	1
2020-05-01	coronavirus cases in missouri	False	Missouri	United States	3
2020-05-01	unemployment claim	True	Tennessee	United States	14
2020-05-01	nsw health covid	False	New South Wales	Australia	2
2020-05-01	coronavirus update	False	Shandong	China	7
2020-05-01	screwfix	True	Warrington	United Kingdom	55
2020-05-01	coronavirus cases by state	False	Missouri	United States	3
2020-05-01	unemployment benefits coronavirus	False	Tennessee	United States	4
2020-05-01	nsw health coronavirus	False	New South Wales	Australia	2
2020-05-01	coronavirus	False	Shandong	China	7
2020-05-01	coronavirus galicia	False	Galicia	Spain	6
2020-05-01	coronavirus cases	False	Missouri	United States	3
2020-05-01	companies house	True	Flintshire	United Kingdom	1
2020-05-01	uhc provider login	True	Tennessee	United States	9
2020-05-01	nsw health	True	New South Wales	Australia	91
2020-05-01	worldometers coronavirus	False	Quebec	Canada	9
2020-05-01	coronavirus by state	False	Missouri	United States	4
2020-05-01	tucker carlson tonight	True	Tennessee	United States	3
2020-05-01	nsw government covid 19	False	New South Wales	Australia	1
2020-05-01	worldometer coronavirus	False	Quebec	Canada	9
2020-05-01	coronavirus	False	Missouri	United States	100
2020-05-01	trump twitter	True	Tennessee	United States	2
2020-05-01	nsw government coronavirus	False	New South Wales	Australia	5
2020-05-01	b&q	True	Flintshire	United Kingdom	43
2020-05-01	world o meter coronavirus	False	Quebec	Canada	1
2020-05-01	corona virus updates	False	Missouri	United States	3
2020-05-01	triumph foods coronavirus positive	False	Tennessee	United States	3
2020-05-01	nsw covid restrictions	False	New South Wales	Australia	8
2020-05-01	coronavirus galicia hoy	False	Galicia	Spain	1
2020-05-01	world meter coronavirus	False	Quebec	Canada	1
2020-05-01	www.covid19india.org	False	Delhi	India	5
2020-05-01	corona virus update	False	Missouri	United States	5
2020-05-01	trader joe's	True	Tennessee	United States	3
2020-05-01	nsw covid heat map	False	New South Wales	Australia	6
2020-05-01	world coronavirus update	False	Quebec	Canada	1
2020-05-01	corona virus map	False	Missouri	United States	3
2020-05-01	tn.gov coronavirus	False	Tennessee	United States	5
2020-05-01	nsw covid 19 update	False	New South Wales	Australia	3
2020-05-01	who coronavirus update	False	Quebec	Canada	1
2020-05-01	corona virus in missouri	False	Missouri	United States	1
2020-05-01	tn governor coronavirus	False	Tennessee	United States	1
2020-05-01	worldometers coronavirus	False	Delhi	India	5
2020-05-01	nsw covid	False	New South Wales	Australia	3
2020-05-01	wage subsidy canada	True	Quebec	Canada	1
2020-05-01	corona virus by state	False	Missouri	United States	1
2020-05-01	tn dept of health coronavirus	False	Tennessee	United States	8
2020-05-01	coronavirus hoy	False	Galicia	Spain	1
2020-05-01	nsw coronavirus update	False	New South Wales	Australia	13
2020-05-01	worldometers corona virus	False	Delhi	India	44
2020-05-01	vaccine for coronavirus	False	Quebec	Canada	1
2020-05-01	corona virus	False	Missouri	United States	8
2020-05-01	tn covid	False	Tennessee	United States	2
2020-05-01	nsw coronavirus map	False	New South Wales	Australia	2
2020-05-01	vaccin coronavirus	False	Quebec	Canada	2
2020-05-01	clorox wipes	True	Missouri	United States	7
2020-05-01	tn coronavirus update	False	Tennessee	United States	6
2020-05-01	nsw coronavirus	False	New South Wales	Australia	4
2020-05-01	tva nouvelles coronavirus	False	Quebec	Canada	2
2020-05-01	cdc meat plant workers coronavirus	False	Missouri	United States	3
2020-05-01	sensex	True	Delhi	India	14
2020-05-01	tn coronavirus case	False	Tennessee	United States	2
2020-05-01	nrl news	True	New South Wales	Australia	14
2020-05-01	tutoriel de masques coronavirus	False	Quebec	Canada	1
2020-05-01	cdc guidelines for coronavirus	False	Missouri	United States	5
2020-05-01	coronavirus últimas noticias	False	Galicia	Spain	1
2020-05-01	tn coronavirus	False	Tennessee	United States	27
2020-05-01	tocilizumab coronavirus	False	Ile-De-France	France	1
2020-05-01	new zealand coronavirus	False	New South Wales	Australia	4
2020-05-01	trudeau announcement today	True	Quebec	Canada	1
2020-05-01	cdc coronavirus update	False	Missouri	United States	23
2020-05-01	tennessee department of health	True	Tennessee	United States	55
2020-05-01	mbs online	True	New South Wales	Australia	4
2020-05-01	trudeau	True	Quebec	Canada	1
2020-05-01	cdc coronavirus	False	Missouri	United States	4
2020-05-01	tennessee covid	False	Tennessee	United States	2
2020-05-01	macquarie university	True	New South Wales	Australia	6
2020-05-01	symptôme covid 19	False	Quebec	Canada	2
2020-05-01	mohfw	True	Delhi	India	21
2020-05-01	cares act 2020	True	Missouri	United States	13
2020-05-01	tennessee coronavirus update	False	Tennessee	United States	10
2020-05-01	latest coronavirus news australia	False	New South Wales	Australia	4
2020-05-01	symptôme coronavirus	False	Quebec	Canada	2
2020-05-01	covid19	False	Galicia	Spain	3
2020-05-01	cares act	True	Missouri	United States	2
2020-05-01	ministry of health and family welfare india	True	Delhi	India	13
2020-05-01	tennessee coronavirus cases by county	False	Tennessee	United States	1
2020-05-01	johns hopkins coronavirus tracker	False	New South Wales	Australia	3
2020-05-01	subvention salariale covid 19	False	Quebec	Canada	1
2020-05-01	rivm coronavirus	False	South Holland	Netherlands	11
2020-05-01	bing covid tracker	False	Missouri	United States	2
2020-05-01	tennessee coronavirus cases by counties	False	Tennessee	United States	1
2020-05-01	john hopkins coronavirus update	False	New South Wales	Australia	2
2020-05-01	statistique coronavirus	False	Quebec	Canada	1
2020-05-01	rivm	True	South Holland	Netherlands	64
2020-05-01	bing coronavirus map	False	Missouri	United States	1
2020-05-01	companies house	True	Middlesex	United Kingdom	95
2020-05-01	tennessee coronavirus cases	False	Tennessee	United States	7
2020-05-01	john hopkins coronavirus map	False	New South Wales	Australia	12
2020-05-01	santé canada coronavirus	False	Quebec	Canada	2
2020-05-01	persconferentie rutte	True	South Holland	Netherlands	2
2020-05-01	estado de alarma	True	Galicia	Spain	1
2020-05-01	arkansas department of health	True	Missouri	United States	2
2020-05-01	india coronavirus update	False	Delhi	India	3
2020-05-01	tennessee coronavirus case	False	Tennessee	United States	1
2020-05-01	jobseeker payment	True	New South Wales	Australia	2
2020-05-01	revenu canada covid 19	False	Quebec	Canada	2
2020-05-01	nieuws	True	South Holland	Netherlands	19
2020-05-01	arkansas coronavirus	False	Missouri	United States	1
2020-05-01	tennessee coronavirus	False	Tennessee	United States	69
2020-05-01	job seeker payment 2020	True	New South Wales	Australia	7
2020-05-01	revenu canada	True	Quebec	Canada	87
2020-05-01	mondkapjes	True	South Holland	Netherlands	16
2020-05-01	segurança social directa	True	Leiria	Portugal	1
2020-05-01	epass covid19	False	Delhi	India	10
2020-05-01	symptoms of covid 19	False	Tennessee	United States	2
2020-05-01	italy coronavirus update	False	New South Wales	Australia	2
2020-05-01	remdesivir covid	False	Quebec	Canada	2
2020-05-01	covid 19	False	South Holland	Netherlands	1
2020-05-01	fases del coronavirus	False	Galicia	Spain	3
2020-05-01	últimas noticias coronavirus	False	Andalusia	Spain	3
2020-05-01	covid19india.org	False	Delhi	India	7
2020-05-01	symptoms of coronavirus	False	Tennessee	United States	6
2020-05-01	how many cases of coronavirus in australia	False	New South Wales	Australia	4
2020-05-01	radio canada covid 19	False	Quebec	Canada	1
2020-05-01	coronavirus.nl	False	South Holland	Netherlands	1
2020-05-01	última hora coronavirus	False	Andalusia	Spain	2
2020-05-01	sweden coronavirus update	False	Tennessee	United States	5
2020-05-01	heat map coronavirus nsw	False	New South Wales	Australia	4
2020-05-01	radio canada coronavirus	False	Quebec	Canada	1
2020-05-01	coronavirus update	False	South Holland	Netherlands	1
2020-05-01	worldometers coronavirus	False	Andalusia	Spain	1
2020-05-01	covid19india org	False	Delhi	India	100
2020-05-01	sumner county tn	True	Tennessee	United States	4
2020-05-01	gladys berejiklian	True	New South Wales	Australia	4
2020-05-01	québec coronavirus	False	Quebec	Canada	4
2020-05-01	coronavirus nieuws	False	South Holland	Netherlands	1
2020-05-01	fremap	True	Galicia	Spain	2
2020-05-01	worldometer coronavirus	False	Andalusia	Spain	1
2020-05-01	covid19india	False	Delhi	India	3
2020-05-01	stimulus package	True	Tennessee	United States	5
2020-05-01	foxtel	True	New South Wales	Australia	93
2020-05-01	quebec.ca/coronavirus	False	Quebec	Canada	14
2020-05-01	coronavirus nederland	False	South Holland	Netherlands	13
2020-05-01	vacuna coronavirus	False	Andalusia	Spain	1
2020-05-01	stimulus checks	True	Tennessee	United States	21
2020-05-01	flight centre	True	New South Wales	Australia	8
2020-05-01	quebec.ca	True	Quebec	Canada	6
2020-05-01	coronavirus	False	South Holland	Netherlands	7
2020-05-01	ultima hora coronavirus	False	Andalusia	Spain	1
2020-05-01	covid19	False	Delhi	India	8
2020-05-01	stimulus check for 2020	True	Tennessee	United States	18
2020-05-01	covid19 australia update	False	New South Wales	Australia	3
2020-05-01	quebec covid 19 update	False	Quebec	Canada	2
2020-05-01	corona virus	False	South Holland	Netherlands	1
2020-05-01	la vanguardia	True	Galicia	Spain	62
2020-05-01	spiriman	True	Andalusia	Spain	3
2020-05-01	covid 19 update	False	Delhi	India	3
2020-05-01	spanish flu	True	Tennessee	United States	3
2020-05-01	covid19	False	New South Wales	Australia	8
2020-05-01	quebec covid 19	False	Quebec	Canada	2
2020-05-01	ad.nl	True	South Holland	Netherlands	100
2020-05-01	spain lockdown	True	Andalusia	Spain	1
2020-05-01	south carolina coronavirus	False	Tennessee	United States	2
2020-05-01	covid usa	False	New South Wales	Australia	1
2020-05-01	quebec covid	False	Quebec	Canada	3
2020-05-01	rts info	True	Neuchatel	Switzerland	1
2020-05-01	spain coronavirus update	False	Andalusia	Spain	2
2020-05-01	covid 19 tracker world	False	Delhi	India	6
2020-05-01	social distancing	True	Tennessee	United States	4
2020-05-01	covid update	False	New South Wales	Australia	3
2020-05-01	quebec coronavirus update	False	Quebec	Canada	7
2020-05-01	sepe	True	Andalusia	Spain	100
2020-05-01	lavanguardia	True	Galicia	Spain	3
2020-05-01	small business stimulus package	True	Tennessee	United States	3
2020-05-01	covid 19 tracker india	False	Delhi	India	56
2020-05-01	covid stats	False	New South Wales	Australia	2
2020-05-01	quebec coronavirus cases	False	Quebec	Canada	1
2020-05-01	seguridad social	True	Andalusia	Spain	39
2020-05-01	shelby county coronavirus	False	Tennessee	United States	4
2020-05-01	covid statistics	False	New South Wales	Australia	2
2020-05-01	quebec coronavirus	False	Quebec	Canada	7
2020-05-01	salud responde	True	Andalusia	Spain	1
2020-05-01	sba disaster loans	True	Tennessee	United States	4
2020-05-01	covid safe app	False	New South Wales	Australia	26
2020-05-01	prepimmunity.com immune system coronavirus	False	Quebec	Canada	1
2020-05-01	worldometers coronavirus	False	Vaud	Switzerland	1
2020-05-01	real decreto 463/2020	True	Andalusia	Spain	2
2020-05-01	sars-cov-2	True	Tennessee	United States	2
2020-05-01	covid heat map	False	New South Wales	Australia	8
2020-05-01	point de presse legault	True	Quebec	Canada	17
2020-05-01	mapa coronavirus	False	Galicia	Spain	3
2020-05-01	muertos coronavirus españa	False	Andalusia	Spain	1
2020-05-01	covid 19 tracker	False	Delhi	India	21
2020-05-01	remdesivir coronavirus	False	Tennessee	United States	1
2020-05-01	covid australia	False	New South Wales	Australia	6
2020-05-01	pcu	True	Quebec	Canada	38
2020-05-01	muertes coronavirus españa	False	Andalusia	Spain	1
2020-05-01	remdesivir	True	Tennessee	United States	42
2020-05-01	covid app	False	New South Wales	Australia	2
2020-05-01	patron pour masque coronavirus	False	Quebec	Canada	2
2020-05-01	ministerio sanidad	True	Andalusia	Spain	2
2020-05-01	pattern for face mask	True	Tennessee	United States	3
2020-05-01	covid 19 update australia	False	New South Wales	Australia	15
2020-05-01	covid 19 india	False	Delhi	India	33
2020-05-01	ontario covid 19 update	False	Quebec	Canada	2
2020-05-01	ministerio de sanidad coronavirus	False	Andalusia	Spain	2
2020-05-01	panama city beach news	True	Tennessee	United States	5
2020-05-01	covid 19 update	False	New South Wales	Australia	54
2020-05-01	mascarillas ffp2	True	Galicia	Spain	2
2020-05-01	ontario coronavirus update	False	Quebec	Canada	1
2020-05-01	ministerio de sanidad	True	Andalusia	Spain	12
2020-05-01	ohio stay at home order	True	Tennessee	United States	2
2020-05-01	covid 19 testing nsw	False	New South Wales	Australia	2
2020-05-01	ontario coronavirus	False	Quebec	Canada	1
2020-05-01	mc mutual	True	Andalusia	Spain	1
2020-05-01	ohio coronavirus update	False	Tennessee	United States	4
2020-05-01	covid 19 stats	False	New South Wales	Australia	2
2020-05-01	nombre de cas coronavirus québec	False	Quebec	Canada	1
2020-05-01	mascarillas ffp2	True	Andalusia	Spain	3
2020-05-01	number of coronavirus cases by state	False	Tennessee	United States	1
2020-05-01	covid 19 statistics	False	New South Wales	Australia	2
2020-05-01	covid 19 cases in india	False	Delhi	India	4
2020-05-01	nombre de cas coronavirus	False	Quebec	Canada	2
2020-05-01	mascarillas	True	Andalusia	Spain	2
2020-05-01	novel coronavirus tennessee	False	Tennessee	United States	1
2020-05-01	covid 19 restrictions nsw	False	New South Wales	Australia	5
2020-05-01	ministerio de sanidad	True	Galicia	Spain	20
2020-05-01	msss covid	False	Quebec	Canada	2
2020-05-01	mapa coronavirus tiempo real	False	Andalusia	Spain	1
2020-05-01	novel coronavirus	False	Tennessee	United States	1
2020-05-01	covid 19 nsw	False	New South Wales	Australia	12
2020-05-01	msss coronavirus	False	Quebec	Canada	1
2020-05-01	mapa coronavirus	False	Andalusia	Spain	1
2020-05-01	north carolina stay at home order	True	Tennessee	United States	3
2020-05-01	covid 19 map	False	New South Wales	Australia	6
2020-05-01	montreal covid 19	False	Quebec	Canada	1
2020-05-01	lucena hoy	True	Andalusia	Spain	1
2020-05-01	north carolina coronavirus	False	Tennessee	United States	2
2020-05-01	covid 19 heat map nsw	False	New South Wales	Australia	14
2020-05-01	covid 19	False	Delhi	India	23
2020-05-01	montreal coronavirus	False	Quebec	Canada	2
2020-05-01	lavanguardia	True	Andalusia	Spain	3
2020-05-01	new york coronavirus update	False	Tennessee	United States	2
2020-05-01	covid 19 heat map	False	New South Wales	Australia	5
2020-05-01	ministerio de sanidad coronavirus	False	Galicia	Spain	1
2020-05-01	ministère de la santé et des services sociaux	True	Quebec	Canada	2
2020-05-01	la vanguardia	True	Andalusia	Spain	24
2020-05-01	new mexico governor	True	Tennessee	United States	2
2020-05-01	covid 19 australia	False	New South Wales	Australia	45
2020-05-01	masques covid 19	False	Quebec	Canada	1
2020-05-01	fremap	True	Andalusia	Spain	2
2020-05-01	nc coronavirus update	False	Tennessee	United States	2
2020-05-01	covid 19 app	False	New South Wales	Australia	8
2020-05-01	masques coronavirus	False	Quebec	Canada	1
2020-05-01	fernando simon	True	Andalusia	Spain	1
2020-05-01	nba no coronavirus testing	False	Tennessee	United States	7
2020-05-01	covid 19	False	New South Wales	Australia	27
2020-05-01	covid	False	Delhi	India	20
2020-05-01	masque pour coronavirus	False	Quebec	Canada	9
2020-05-01	fases del coronavirus	False	Andalusia	Spain	2
2020-05-01	national day of prayer 2020	True	Tennessee	United States	2
2020-05-01	covid	False	New South Wales	Australia	15
2020-05-01	real decreto 463/2020	True	Galicia	Spain	3
2020-05-01	masque maison contre le coronavirus	False	Quebec	Canada	2
2020-05-01	expressen	True	Andalusia	Spain	1
2020-05-01	n95 masks for sale	True	Tennessee	United States	3
2020-05-01	coronavirus worldometer	False	New South Wales	Australia	72
2020-05-01	masque covid 19 patron	False	Quebec	Canada	1
2020-05-01	estadísticas coronavirus	False	Andalusia	Spain	1
2020-05-01	n95 masks	True	Tennessee	United States	2
2020-05-01	coronavirus world meter	False	New South Wales	Australia	3
2020-05-01	masque covid 19	False	Quebec	Canada	2
2020-05-01	estado de alarma	True	Andalusia	Spain	2
2020-05-01	n95 mask	True	Tennessee	United States	6
2020-05-01	coronavirus usa	False	New South Wales	Australia	2
2020-05-01	coronavirus india	False	Tamil Nadu	India	16
2020-05-01	masque coronavirus maison	False	Quebec	Canada	1
2020-05-01	desescalada coronavirus	False	Andalusia	Spain	3
2020-05-01	moderna	True	Tennessee	United States	2
2020-05-01	coronavirus updates	False	New South Wales	Australia	4
2020-05-01	seguridad social	True	Galicia	Spain	53
2020-05-01	masque coronavirus a vendre	False	Quebec	Canada	1
2020-05-01	datos coronavirus hoy	False	Andalusia	Spain	3
2020-05-01	michigan governor	True	Tennessee	United States	3
2020-05-01	coronavirus update australia	False	New South Wales	Australia	26
2020-05-01	masque coronavirus	False	Quebec	Canada	18
2020-05-01	covid19	False	Andalusia	Spain	3
2020-05-01	michigan coronavirus update	False	Tennessee	United States	4
2020-05-01	coronavirus update	False	New South Wales	Australia	100
2020-05-01	masks for coronavirus	False	Quebec	Canada	1
2020-05-01	covid 19	False	Andalusia	Spain	2
2020-05-01	memphis coronavirus	False	Tennessee	United States	2
2020-05-01	coronavirus uk	False	New South Wales	Australia	4
2020-05-01	superdrug	True	Warrington	United Kingdom	5
2020-05-01	manitoba coronavirus	False	Quebec	Canada	1
2020-05-01	covid	False	Andalusia	Spain	1
2020-05-01	masks for coronavirus	False	Tennessee	United States	11
2020-05-01	coronavirus tracker	False	New South Wales	Australia	2
2020-05-01	sepe	True	Galicia	Spain	100
2020-05-01	liste chsld covid	False	Quebec	Canada	1
2020-05-01	coronavirus últimas noticias	False	Andalusia	Spain	4
2020-05-01	lysol wipes	True	Tennessee	United States	2
2020-05-01	coronavirus symptoms	False	New South Wales	Australia	6
2020-05-01	ligne covid	False	Quebec	Canada	1
2020-05-01	coronavirus spain	False	Andalusia	Spain	1
2020-05-01	lysol	True	Tennessee	United States	3
2020-05-01	coronavirus supplement	False	New South Wales	Australia	5
2020-05-01	johns hopkins coronavirus map	False	Quebec	Canada	2
2020-05-01	coronavirus sevilla	False	Andalusia	Spain	1
2020-05-01	ky unemployment	True	Tennessee	United States	3
2020-05-01	coronavirus stats	False	New South Wales	Australia	8
2020-05-01	coronavirus worldometer	False	Delhi	India	19
2020-05-01	john hopkins coronavirus map	False	Quebec	Canada	6
2020-05-01	coronavirus reino unido	False	Andalusia	Spain	1
2020-05-01	kroger hours	True	Tennessee	United States	3
2020-05-01	coronavirus statistics	False	New South Wales	Australia	15
2020-05-01	spiriman	True	Galicia	Spain	1
2020-05-01	john hopkins coronavirus	False	Quebec	Canada	2
2020-05-01	coronavirus malaga	False	Andalusia	Spain	1
2020-05-01	knoxville coronavirus	False	Tennessee	United States	2
2020-05-01	coronavirus nsw	False	New South Wales	Australia	6
2020-05-01	je contribue covid 19	False	Quebec	Canada	1
2020-05-01	coronavirus latest	False	Andalusia	Spain	1
2020-05-01	knox county health department knoxville tn	True	Tennessee	United States	3
2020-05-01	coronavirus map	False	New South Wales	Australia	4
2020-05-01	inspq covid	False	Quebec	Canada	2
2020-05-01	coronavirus italia	False	Andalusia	Spain	3
2020-05-01	knox county health department	True	Tennessee	United States	21
2020-05-01	coronavirus heat map	False	New South Wales	Australia	2
2020-05-01	coronavirus update in india	False	Delhi	India	11
2020-05-01	inspq	True	Quebec	Canada	29
2020-05-01	coronavirus hoy	False	Andalusia	Spain	2
2020-05-01	knox county coronavirus	False	Tennessee	United States	2
2020-05-01	coronavirus death toll	False	New South Wales	Australia	7
2020-05-01	xunta de galicia	True	Galicia	Spain	17
2020-05-01	immune system coronavirus	False	Quebec	Canada	1
2020-05-01	coronavirus francia	False	Andalusia	Spain	1
2020-05-01	kentucky derby 2020	True	Tennessee	United States	3
2020-05-01	coronavirus cases	False	New South Wales	Australia	2
2020-05-01	great west life login	True	Quebec	Canada	2
2020-05-01	coronavirus estados unidos	False	Andalusia	Spain	2
2020-05-01	kentucky coronavirus	False	Tennessee	United States	3
2020-05-01	coronavirus by country	False	New South Wales	Australia	5
2020-05-01	gouvernement du québec coronavirus	False	Quebec	Canada	4
2020-05-01	coronavirus españa	False	Andalusia	Spain	13
2020-05-01	johns hopkins covid	False	Tennessee	United States	1
2020-05-01	coronavirus australia update	False	New South Wales	Australia	3
2020-05-01	coronavirus update	False	Delhi	India	22
2020-05-01	gouvernement du canada coronavirus	False	Quebec	Canada	2
2020-05-01	coronavirus en sevilla	False	Andalusia	Spain	1
2020-05-01	johns hopkins coronavirus map	False	Tennessee	United States	1
2020-05-01	coronavirus australia	False	New South Wales	Australia	43
2020-05-01	coronavirus	False	Region Metropolitana	Chile	100
2020-05-01	faire un masque coronavirus	False	Quebec	Canada	1
2020-05-01	coronavirus en francia hoy	False	Andalusia	Spain	1
2020-05-01	johns hopkins coronavirus dashboard	False	Tennessee	United States	28
2020-05-01	coronavirus app tracker	False	New South Wales	Australia	6
2020-05-01	fabriquer masques pour covid 19	False	Quebec	Canada	1
2020-05-01	coronavirus en españa	False	Andalusia	Spain	1
2020-05-01	johns hopkins coronavirus	False	Tennessee	United States	2
2020-05-01	coronavirus app australia	False	New South Wales	Australia	3
2020-05-01	fabriquer masque pour covid	False	Quebec	Canada	1
2020-05-01	coronavirus en el mundo	False	Andalusia	Spain	3
2020-05-01	john hopkins coronavirus tracker	False	Tennessee	United States	3
2020-05-01	coronavirus	False	New South Wales	Australia	86
2020-05-01	coronavirus latest news in india	False	Delhi	India	10
2020-05-01	fabrication de masques coronavirus	False	Quebec	Canada	2
2020-05-01	coronavirus en andalucia	False	Andalusia	Spain	1
2020-05-01	john hopkins coronavirus map	False	Tennessee	United States	17
2020-05-01	corona virus update	False	New South Wales	Australia	12
2020-05-01	covid19 chile	False	Region Metropolitana	Chile	1
2020-05-01	doug ford	True	Quebec	Canada	1
2020-05-01	coronavirus eeuu	False	Andalusia	Spain	1
2020-05-01	jhu coronavirus map	False	Tennessee	United States	3
2020-05-01	corona virus statistics	False	New South Wales	Australia	9
2020-05-01	desjardins.com/covid-19	False	Quebec	Canada	1
2020-05-01	coronavirus andalucía última hora	False	Andalusia	Spain	1
2020-05-01	irs.gov/coronavirus	False	Tennessee	United States	7
2020-05-01	corona virus app	False	New South Wales	Australia	3
2020-05-01	cuba coronavirus	False	Quebec	Canada	1
2020-05-01	coronavirus andalucía	False	Andalusia	Spain	4
2020-05-01	irs gov coronavirus get my payment	False	Tennessee	United States	19
2020-05-01	corona virus	False	New South Wales	Australia	7
2020-05-01	coronavirus india	False	Delhi	India	32
2020-05-01	crise coronavirus covid-19	False	Quebec	Canada	1
2020-05-01	coronavirus andalucia	False	Andalusia	Spain	2
2020-05-01	irs gov coronavirus	False	Tennessee	United States	7
2020-05-01	canada coronavirus	False	New South Wales	Australia	1
2020-05-01	alto adige	True	Trentino-Alto Adige	Italy	100
2020-05-01	covid19 québec	False	Quebec	Canada	2
2020-05-01	coronavirus alemania	False	Andalusia	Spain	1
2020-05-01	indiana stay at home order	True	Tennessee	United States	6
2020-05-01	australian government coronavirus	False	New South Wales	Australia	5
2020-05-01	covid19 quebec	False	Quebec	Canada	2
2020-05-01	coronavirus	False	Andalusia	Spain	17
2020-05-01	indiana coronavirus update	False	Tennessee	United States	3
2020-05-01	australian government	True	New South Wales	Australia	1
2020-05-01	covid19 canada	False	Quebec	Canada	1
2020-05-01	asepeyo	True	Andalusia	Spain	2
2020-05-01	indeed job search	True	Tennessee	United States	3
2020-05-01	australia coronavirus update	False	New South Wales	Australia	7
2020-05-01	coronavirus in india	False	Delhi	India	4
2020-05-01	covid19	False	Quebec	Canada	3
2020-05-01	andalucía coronavirus	False	Andalusia	Spain	1
2020-05-01	ihme model	True	Tennessee	United States	2
2020-05-01	australia coronavirus	False	New South Wales	Australia	3
2020-05-01	autocertificazione	True	Trentino-Alto Adige	Italy	22
2020-05-01	covid usa	False	Quebec	Canada	1
2020-05-01	aftonbladet senaste nytt	True	Andalusia	Spain	1
2020-05-01	how to make hand sanitizer	True	Tennessee	United States	2
2020-05-01	worldometer coronavirus	False	Bucuresti	Romania	1
2020-05-01	covid toes	False	Quebec	Canada	1
2020-05-01	how to make a face mask	True	Tennessee	United States	12
2020-05-01	digi24	True	Bucuresti	Romania	49
2020-05-01	covid québec	False	Quebec	Canada	2
2020-05-01	how many people have died from coronavirus	False	Tennessee	United States	2
2020-05-01	declaratie pe propria raspundere coronavirus	False	Bucuresti	Romania	15
2020-05-01	covid quebec	False	Quebec	Canada	6
2020-05-01	how many coronavirus cases	False	Tennessee	United States	3
2020-05-01	top-coronavirus-masks.com	False	Ile-De-France	France	1
2020-05-01	declaratie pe propria raspundere	True	Bucuresti	Romania	100
2020-05-01	covid ontario	False	Quebec	Canada	4
2020-05-01	how many cases of coronavirus in tennessee	False	Tennessee	United States	3
2020-05-01	covid canada	False	Quebec	Canada	2
2020-05-01	autocertificazione coronavirus	False	Trentino-Alto Adige	Italy	61
2020-05-01	herd immunity	True	Tennessee	United States	3
2020-05-01	covid alberta	False	Quebec	Canada	4
2020-05-01	hand sanitizer	True	Tennessee	United States	11
2020-05-01	covid 19 usa	False	Quebec	Canada	3
2020-05-01	gretchen whitmer	True	Tennessee	United States	5
2020-05-01	covid 19 update quebec	False	Quebec	Canada	2
2020-05-01	georgia coronavirus	False	Tennessee	United States	7
2020-05-01	covid 19 update	False	Quebec	Canada	12
2020-05-01	gavin newsom	True	Tennessee	United States	3
2020-05-01	covid 19 stats	False	Quebec	Canada	1
2020-05-01	free crocs for healthcare workers	True	Tennessee	United States	12
2020-05-01	covid 19 radio canada	False	Quebec	Canada	1
2020-05-01	coronavirus delhi update	False	Delhi	India	1
2020-05-01	free crocs	True	Tennessee	United States	11
2020-05-01	covid 19 québec par région	False	Quebec	Canada	1
2020-05-01	flu deaths 2020	True	Tennessee	United States	2
2020-05-01	covid 19 québec	False	Quebec	Canada	7
2020-05-01	autocertificazione modulo da scaricare	True	Trentino-Alto Adige	Italy	4
2020-05-01	florida coronavirus update	False	Tennessee	United States	3
2020-05-01	covid 19 quebec update	False	Quebec	Canada	2
2020-05-01	fauci warning states coronavirus	False	Tennessee	United States	2
2020-05-01	covid 19 quebec	False	Quebec	Canada	12
2020-05-01	fauci	True	Tennessee	United States	4
2020-05-01	covid 19 ontario	False	Quebec	Canada	1
2020-05-01	face masks for coronavirus	False	Tennessee	United States	19
2020-05-01	covid 19 montreal	False	Quebec	Canada	2
2020-05-01	face masks	True	Tennessee	United States	28
2020-05-01	covid 19 map	False	Quebec	Canada	3
2020-05-01	face mask pattern free	True	Tennessee	United States	6
2020-05-01	covid 19 live update	False	Quebec	Canada	1
2020-05-01	coronavirus cases in india	False	Delhi	India	1
2020-05-01	face mask pattern	True	Tennessee	United States	8
2020-05-01	covid 19 en temps réel	False	Quebec	Canada	1
2020-05-01	easter 2020	True	Tennessee	United States	3
2020-05-01	covid 19 canada update	False	Quebec	Canada	1
2020-05-01	coronavirus	False	Trentino-Alto Adige	Italy	25
2020-05-01	drudge report 2020	True	Tennessee	United States	13
2020-05-01	covid 19 canada	False	Quebec	Canada	10
2020-05-01	crocs.com	True	Tennessee	United States	12
2020-05-01	covid 19 bilan	False	Quebec	Canada	1
2020-05-01	crocs healthcare	True	Tennessee	United States	9
2020-05-01	covid 19	False	Quebec	Canada	14
2020-05-01	crocs for healthcare workers	True	Tennessee	United States	82
2020-05-01	covid	False	Quebec	Canada	10
2020-05-01	covid19	False	Tennessee	United States	4
2020-05-01	coronavirus worldometers	False	Quebec	Canada	3
2020-05-01	covid tracker	False	Tennessee	United States	4
2020-05-01	coronavirus worldometer	False	Quebec	Canada	2
2020-05-01	sintomas do coronavírus	False	Ceara	Brazil	1
2020-05-01	covid toes	False	Tennessee	United States	4
2020-05-01	coronavirus world	False	Quebec	Canada	1
2020-05-01	covid symptoms	False	Tennessee	United States	3
2020-05-01	coronavirus usa	False	Quebec	Canada	3
2020-05-01	coronavirus italia	False	Trentino-Alto Adige	Italy	11
2020-05-01	covid 19 update	False	Tennessee	United States	39
2020-05-01	coronavirus updates	False	Quebec	Canada	2
2020-05-01	covid 19 tracker	False	Tennessee	United States	5
2020-05-01	coronavirus update quebec	False	Quebec	Canada	1
2020-05-01	covid 19 tn	False	Tennessee	United States	3
2020-05-01	coronavirus update live	False	Quebec	Canada	1
2020-05-01	covid 19 tennessee	False	Tennessee	United States	13
2020-05-01	coronavirus update canada	False	Quebec	Canada	2
2020-05-01	covid 19 symptoms	False	Tennessee	United States	6
2020-05-01	coronavirus update	False	Quebec	Canada	21
2020-05-01	covid 19 stats	False	Tennessee	United States	2
2020-05-01	coronavirus tracker	False	Quebec	Canada	1
2020-05-01	coronavirus cases	False	Delhi	India	5
2020-05-01	covid 19 map	False	Tennessee	United States	9
2020-05-01	coronavirus symptoms	False	Quebec	Canada	1
2020-05-01	covid 19 cases by state	False	Tennessee	United States	1
2020-05-01	coronavirus stats	False	Quebec	Canada	1
2020-05-01	fadinmed	True	Trentino-Alto Adige	Italy	4
2020-05-01	covid 19 antibody test	False	Tennessee	United States	3
2020-05-01	coronavirus statistics	False	Quebec	Canada	2
2020-05-01	covid 19	False	Tennessee	United States	19
2020-05-01	coronavirus québec	False	Quebec	Canada	19
2020-05-01	covid	False	Tennessee	United States	9
2020-05-01	coronavirus quebec update	False	Quebec	Canada	2
2020-05-01	coronavirus worldometer	False	Tennessee	United States	5
2020-05-01	coronavirus quebec	False	Quebec	Canada	9
2020-05-01	coronavirus virginia	False	Tennessee	United States	1
2020-05-01	coronavirus map	False	Quebec	Canada	2
2020-05-01	coronavirus usa	False	Tennessee	United States	2
2020-05-01	coronavirus live	False	Quebec	Canada	1
2020-05-01	coronavirus	False	Delhi	India	60
2020-05-01	coronavirus updates today	False	Tennessee	United States	2
2020-05-01	coronavirus italie	False	Quebec	Canada	1
2020-05-01	coronavirus updates tennessee	False	Tennessee	United States	2
2020-05-01	coronavirus france	False	Quebec	Canada	1
2020-05-01	ministero dell'interno	True	Trentino-Alto Adige	Italy	25
2020-05-01	coronavirus updates	False	Tennessee	United States	45
2020-05-01	coronavirus drugs	False	Quebec	Canada	1
2020-05-01	coronavirus update tennessee	False	Tennessee	United States	6
2020-05-01	coronavirus canada update	False	Quebec	Canada	1
2020-05-01	coronavirus update	False	Tennessee	United States	90
2020-05-01	coronavirus canada	False	Quebec	Canada	8
2020-05-01	coronavirus united states	False	Tennessee	United States	14
2020-05-01	coronavirus au quebec	False	Quebec	Canada	1
2020-05-01	coronavirus uk	False	Tennessee	United States	3
2020-05-01	coronavirus	False	Quebec	Canada	29
2020-05-01	coronavirus tracker	False	Tennessee	United States	10
2020-05-01	corona virus update	False	Quebec	Canada	4
2020-05-01	corona virus update	False	Delhi	India	22
2020-05-01	coronavirus tn	False	Tennessee	United States	7
2020-05-01	corona virus québec	False	Quebec	Canada	1
2020-05-01	coronavirus tennessee update by county	False	Tennessee	United States	1
2020-05-01	corona virus quebec	False	Quebec	Canada	1
2020-05-01	ministero della salute	True	Trentino-Alto Adige	Italy	1
2020-05-01	coronavirus tennessee update	False	Tennessee	United States	6
2020-05-01	corona virus montreal	False	Quebec	Canada	1
2020-05-01	coronavirus tennessee	False	Tennessee	United States	30
2020-05-01	corona virus	False	Quebec	Canada	4
2020-05-01	coronavirus symptoms	False	Tennessee	United States	8
2020-05-01	comment faire un masque pour coronavirus	False	Quebec	Canada	1
2020-05-01	coronavirus stats	False	Tennessee	United States	3
2020-05-01	cas de coronavirus au québec	False	Quebec	Canada	2
2020-05-01	coronavirus statistics	False	Tennessee	United States	6
2020-05-01	carte coronavirus	False	Quebec	Canada	1
2020-05-01	coronavirus shelby county tn	False	Tennessee	United States	1
2020-05-01	canada.ca/coronavirus	False	Quebec	Canada	4
2020-05-01	corona virus india	False	Delhi	India	3
2020-05-01	coronavirus pandemic two years	False	Tennessee	United States	27
2020-05-01	canada.ca	True	Quebec	Canada	22
2020-05-01	coronavirus numbers	False	Tennessee	United States	3
2020-05-01	canada emergency response benefit	True	Quebec	Canada	1
2020-05-01	nuova autocertificazione	True	Trentino-Alto Adige	Italy	47
2020-05-01	coronavirus news	False	Tennessee	United States	3
2020-05-01	canada covid 19 update	False	Quebec	Canada	1
2020-05-01	sepe	True	Estremadura	Spain	100
2020-05-01	coronavirus mississippi update	False	Tennessee	United States	1
2020-05-01	canada covid 19	False	Quebec	Canada	1
2020-05-01	seguridad social	True	Estremadura	Spain	65
2020-05-01	coronavirus map	False	Tennessee	United States	22
2020-05-01	canada coronavirus	False	Quebec	Canada	3
2020-05-01	ministerio de sanidad	True	Estremadura	Spain	1
2020-05-01	coronavirus in tn	False	Tennessee	United States	4
2020-05-01	camping québec covid 19	False	Quebec	Canada	2
2020-05-01	la vanguardia	True	Estremadura	Spain	43
2020-05-01	corona virus	False	Delhi	India	5
2020-05-01	coronavirus in tennessee	False	Tennessee	United States	1
2020-05-01	bilan coronavirus	False	Quebec	Canada	1
2020-05-01	segurança social directa	True	District Of Setubal	Portugal	100
2020-05-01	coronavirus deaths	False	Tennessee	United States	1
2020-05-01	nuova autocertificazione coronavirus	False	Trentino-Alto Adige	Italy	15
2020-05-01	arc mon dossier	True	Quebec	Canada	100
2020-05-01	segurança social	True	District Of Setubal	Portugal	1
2020-05-01	coronavirus cases	False	Tennessee	United States	4
2020-05-01	arc en ciel	True	Quebec	Canada	5
2020-05-01	coronavirus by state	False	Tennessee	United States	4
2020-05-01	aide financière covid 19	False	Quebec	Canada	1
2020-05-01	coronavirus	False	Tennessee	United States	100
2020-05-01	aide financière coronavirus	False	Quebec	Canada	4
2020-05-01	corona virus updates	False	Tennessee	United States	3
2020-05-01	rtl info	True	Hainaut	Belgium	100
2020-05-01	corona virus update	False	Tennessee	United States	6
2020-05-01	rtbf info	True	Hainaut	Belgium	31
2020-05-01	ultimo dpcm	True	Piedmont	Italy	4
2020-05-01	corona virus tennessee	False	Tennessee	United States	1
2020-05-01	my fgtb	True	Hainaut	Belgium	1
2020-05-01	corona virus statistics	False	Tennessee	United States	2
2020-05-01	info coronavirus	False	Hainaut	Belgium	5
2020-05-01	poste italiane	True	Trentino-Alto Adige	Italy	22
2020-05-01	corona virus	False	Tennessee	United States	5
2020-05-01	csc en ligne	True	Hainaut	Belgium	7
2020-05-01	clorox wipes	True	Tennessee	United States	3
2020-05-01	coronavirus belgique	False	Hainaut	Belgium	35
2020-05-01	clorox disinfecting wipes	True	Tennessee	United States	2
2020-05-01	coronavirus	False	Hainaut	Belgium	9
2020-05-01	cdc meat plant workers coronavirus	False	Tennessee	United States	3
2020-05-01	cdc guidelines for coronavirus	False	Tennessee	United States	7
2020-05-01	cdc coronavirus update	False	Tennessee	United States	29
2020-05-01	cdc coronavirus	False	Tennessee	United States	3
2020-05-01	cares act 2020	True	Tennessee	United States	14
2020-05-01	cares act	True	Tennessee	United States	6
2020-05-01	ultimo decreto coronavirus	False	Piedmont	Italy	3
2020-05-01	antibody test for coronavirus	False	Tennessee	United States	4
2020-05-01	tui	True	Rhineland-Palatinate	Germany	10
2020-05-01	tagesschau	True	Rhineland-Palatinate	Germany	100
2020-05-01	robert koch institut coronavirus	False	Rhineland-Palatinate	Germany	5
2020-05-01	protezione civile	True	Trentino-Alto Adige	Italy	4
2020-05-01	rki risikogebiete	True	Rhineland-Palatinate	Germany	2
2020-05-01	rki dashboard	True	Rhineland-Palatinate	Germany	10
2020-05-01	coronavirus	False	Distrito Capital	Colombia	1
2020-05-01	rki coronavirus fallzahlen	False	Rhineland-Palatinate	Germany	16
2020-05-01	coronavirus	False	Cordoba	Argentina	1
2020-05-01	rki coronavirus	False	Rhineland-Palatinate	Germany	45
2020-05-01	rki	True	Rhineland-Palatinate	Germany	66
2020-05-01	reisewarnungen auswärtiges amt	True	Rhineland-Palatinate	Germany	2
2020-05-01	nzz	True	Rhineland-Palatinate	Germany	2
2020-05-01	nachrichten aktuell	True	Rhineland-Palatinate	Germany	12
2020-05-01	nachrichten	True	Rhineland-Palatinate	Germany	56
2020-05-01	mundschutz selber nähen	True	Rhineland-Palatinate	Germany	7
2020-05-01	ultime notizie coronavirus	False	Piedmont	Italy	6
2020-05-01	john hopkins university coronavirus map	False	Rhineland-Palatinate	Germany	18
2020-05-01	heute.de	True	Rhineland-Palatinate	Germany	1
2020-05-01	www.irs.gov/coronavirus	False	South Carolina	United States	3
2020-05-01	flughafen frankfurt	True	Rhineland-Palatinate	Germany	1
2020-05-01	tgcom	True	Trentino-Alto Adige	Italy	29
2020-05-01	worldometer coronavirus	False	South Carolina	United States	6
2020-05-01	fallzahlen coronavirus	False	Rhineland-Palatinate	Germany	2
2020-05-01	worldometer	True	South Carolina	United States	2
2020-05-01	coronavirus rheinland pfalz	False	Rhineland-Palatinate	Germany	5
2020-05-01	von miller coronavirus	False	South Carolina	United States	4
2020-05-01	coronavirus nachrichten	False	Rhineland-Palatinate	Germany	15
2020-05-01	us coronavirus cases	False	South Carolina	United States	1
2020-05-01	coronavirus deutschland	False	Rhineland-Palatinate	Germany	16
2020-05-01	unemployment claim	True	South Carolina	United States	13
2020-05-01	coronavirus aktuell	False	Rhineland-Palatinate	Germany	32
2020-05-01	uhc provider login	True	South Carolina	United States	1
2020-05-01	coronavirus	False	Rhineland-Palatinate	Germany	45
2020-05-01	ultima autocertificazione coronavirus	False	Piedmont	Italy	9
2020-05-01	tucker carlson tonight	True	South Carolina	United States	1
2020-05-01	aktuelle nachrichten	True	Rhineland-Palatinate	Germany	2
2020-05-01	trump twitter	True	South Carolina	United States	1
2020-05-01	worldometer coronavirus	False	Nottingham City	United Kingdom	23
2020-05-01	trentino quotidiano	True	Trentino-Alto Adige	Italy	8
2020-05-01	symptoms of coronavirus	False	South Carolina	United States	3
2020-05-01	wilko	True	Nottingham City	United Kingdom	54
2020-05-01	sweden coronavirus update	False	South Carolina	United States	2
2020-05-01	wickes click and collect	True	Nottingham City	United Kingdom	23
2020-05-01	sweden coronavirus	False	South Carolina	United States	1
2020-05-01	wickes	True	Nottingham City	United Kingdom	99
2020-05-01	stimulus package 2020	True	South Carolina	United States	1
2020-05-01	waitrose	True	Nottingham City	United Kingdom	5
2020-05-01	stimulus package	True	South Carolina	United States	2
2020-05-01	universal credit	True	Nottingham City	United Kingdom	34
2020-05-01	stimulus checks	True	South Carolina	United States	9
2020-05-01	tui	True	Nottingham City	United Kingdom	31
2020-05-01	coronavirus belgique	False	Flemish Brabant	Belgium	7
2020-05-01	stimulus check for 2020	True	South Carolina	United States	12
2020-05-01	tesco home delivery	True	Nottingham City	United Kingdom	80
2020-05-01	spanish flu	True	South Carolina	United States	1
2020-05-01	superdrug	True	Nottingham City	United Kingdom	23
2020-05-01	ultima autocertificazione	True	Piedmont	Italy	4
2020-05-01	south carolina coronavirus update	False	South Carolina	United States	6
2020-05-01	student finance login	True	Nottingham City	United Kingdom	10
2020-05-01	south carolina coronavirus	False	South Carolina	United States	22
2020-05-01	student finance	True	Nottingham City	United Kingdom	5
2020-05-01	social distancing	True	South Carolina	United States	1
2020-05-01	slimming world	True	Nottingham City	United Kingdom	5
2020-05-01	scdhec.gov	True	South Carolina	United States	20
2020-05-01	screwfix	True	Nottingham City	United Kingdom	100
2020-05-01	scdhec coronavirus update	False	South Carolina	United States	3
2020-05-01	sainsburys groceries	True	Nottingham City	United Kingdom	81
2020-05-01	scdhec coronavirus	False	South Carolina	United States	3
2020-05-01	sainsburys	True	Nottingham City	United Kingdom	39
2020-05-01	tgcom	True	Piedmont	Italy	50
2020-05-01	sc unemployment	True	South Carolina	United States	100
2020-05-01	phonics play	True	Nottingham City	United Kingdom	31
2020-05-01	worldometer coronavirus	False	Punjab	Pakistan	58
2020-05-01	sc governor	True	South Carolina	United States	4
2020-05-01	statistiche coronavirus mondo	False	Piedmont	Italy	1
2020-05-01	pets at home	True	Nottingham City	United Kingdom	18
2020-05-01	covid-19	False	Punjab	Pakistan	1
2020-05-01	sc dhec coronavirus	False	South Carolina	United States	5
2020-05-01	ocado	True	Nottingham City	United Kingdom	12
2020-05-01	coronavirus update	False	Punjab	Pakistan	100
2020-05-01	sc dhec	True	South Carolina	United States	12
2020-05-01	nationwide building society	True	Nottingham City	United Kingdom	21
2020-05-01	coronavirus	False	Punjab	Pakistan	15
2020-05-01	sc covid 19 cases	False	South Carolina	United States	1
2020-05-01	morrisons	True	Nottingham City	United Kingdom	68
2020-05-01	svt nyheter	True	Ostergotland County	Sweden	20
2020-05-01	sc covid 19	False	South Carolina	United States	2
2020-05-01	statistiche coronavirus	False	Piedmont	Italy	9
2020-05-01	martin lewis money saving expert	True	Nottingham City	United Kingdom	12
2020-05-01	folkhälsomyndigheten se	True	Ostergotland County	Sweden	3
2020-05-01	sc coronavirus updates	False	South Carolina	United States	4
2020-05-01	jet2holidays	True	Nottingham City	United Kingdom	10
2020-05-01	situazione coronavirus	False	Piedmont	Italy	4
2020-05-01	folkhälsomyndigheten coronavirus	False	Ostergotland County	Sweden	1
2020-05-01	sc coronavirus update	False	South Carolina	United States	2
2020-05-01	jet2 holidays 2020	True	Nottingham City	United Kingdom	5
2020-05-01	expressen	True	Ostergotland County	Sweden	100
2020-05-01	sc coronavirus cases	False	South Carolina	United States	2
2020-05-01	hmrc login	True	Nottingham City	United Kingdom	73
2020-05-01	aftonbladet senaste nytt	True	Ostergotland County	Sweden	38
2020-05-01	sc coronavirus	False	South Carolina	United States	12
2020-05-01	gov.uk	True	Nottingham City	United Kingdom	25
2020-05-01	1177	True	Ostergotland County	Sweden	3
2020-05-01	sba disaster loans	True	South Carolina	United States	2
2020-05-01	gov uk coronavirus	False	Nottingham City	United Kingdom	4
2020-05-01	coronavirus latest news	False	Tamil Nadu	India	6
2020-05-01	worldometer coronavirus	False	Kingston Upon Hull	United Kingdom	22
2020-05-01	sars-cov-2	True	South Carolina	United States	1
2020-05-01	face masks uk	True	Nottingham City	United Kingdom	9
2020-05-01	wilko	True	Kingston Upon Hull	United Kingdom	34
2020-05-01	tesco home delivery	True	Warrington	United Kingdom	10
2020-05-01	remdesivir	True	South Carolina	United States	11
2020-05-01	face masks coronavirus	False	Nottingham City	United Kingdom	7
2020-05-01	wickes click and collect	True	Kingston Upon Hull	United Kingdom	8
2020-05-01	pfizer stock	True	South Carolina	United States	1
2020-05-01	face masks	True	Nottingham City	United Kingdom	25
2020-05-01	wickes	True	Kingston Upon Hull	United Kingdom	48
2020-05-01	ohio coronavirus update	False	South Carolina	United States	2
2020-05-01	dvla	True	Nottingham City	United Kingdom	20
2020-05-01	waitrose	True	Kingston Upon Hull	United Kingdom	8
2020-05-01	number of coronavirus cases by state	False	South Carolina	United States	1
2020-05-01	debenhams uk	True	Nottingham City	United Kingdom	12
2020-05-01	universal credit	True	Kingston Upon Hull	United Kingdom	10
2020-05-01	regione piemonte coronavirus	False	Piedmont	Italy	29
2020-05-01	north myrtle beach news	True	South Carolina	United States	1
2020-05-01	currys pc world	True	Nottingham City	United Kingdom	57
2020-05-01	tui	True	Kingston Upon Hull	United Kingdom	14
2020-05-01	north carolina coronavirus	False	South Carolina	United States	2
2020-05-01	regione lombardia	True	Piedmont	Italy	13
2020-05-01	coventry building society	True	Nottingham City	United Kingdom	18
2020-05-01	tesco home delivery	True	Kingston Upon Hull	United Kingdom	32
2020-05-01	new york coronavirus update	False	South Carolina	United States	1
2020-05-01	coronavirus worldometers	False	Nottingham City	United Kingdom	5
2020-05-01	superdrug	True	Kingston Upon Hull	United Kingdom	14
2020-05-01	nc unemployment website	True	South Carolina	United States	3
2020-05-01	coronavirus update	False	Nottingham City	United Kingdom	18
2020-05-01	student finance login	True	Kingston Upon Hull	United Kingdom	2
2020-05-01	nc coronavirus update	False	South Carolina	United States	1
2020-05-01	coronavirus uk	False	Nottingham City	United Kingdom	28
2020-05-01	screwfix	True	Kingston Upon Hull	United Kingdom	100
2020-05-01	n95 masks for sale	True	South Carolina	United States	4
2020-05-01	protezione civile	True	Piedmont	Italy	28
2020-05-01	coronavirus statistics	False	Nottingham City	United Kingdom	2
2020-05-01	sainsburys groceries	True	Kingston Upon Hull	United Kingdom	14
2020-05-01	worldometer coronavirus	False	Styria	Austria	1
2020-05-01	n95 masks	True	South Carolina	United States	1
2020-05-01	poste italiane	True	Piedmont	Italy	78
2020-05-01	coronavirus latest	False	Nottingham City	United Kingdom	10
2020-05-01	sainsburys	True	Kingston Upon Hull	United Kingdom	6
2020-05-01	coronavirus österreich	False	Styria	Austria	100
2020-05-01	masks for coronavirus	False	South Carolina	United States	4
2020-05-01	coronavirus cases	False	Nottingham City	United Kingdom	1
2020-05-01	phonics play	True	Kingston Upon Hull	United Kingdom	8
2020-05-01	coronavirus	False	Styria	Austria	29
2020-05-01	lysol wipes	True	South Carolina	United States	1
2020-05-01	coronavirus	False	Nottingham City	United Kingdom	49
2020-05-01	pets at home	True	Kingston Upon Hull	United Kingdom	4
2020-05-01	worldometer coronavirus	False	Nicosia	Cyprus	100
2020-05-01	lysol	True	South Carolina	United States	1
2020-05-01	polizia di stato	True	Piedmont	Italy	4
2020-05-01	companies house beta	True	Nottingham City	United Kingdom	9
2020-05-01	ocado	True	Kingston Upon Hull	United Kingdom	4
2020-05-01	coronavirus update	False	Nicosia	Cyprus	25
2020-05-01	kn95 mask	True	South Carolina	United States	2
2020-05-01	piemonte coronavirus	False	Piedmont	Italy	9
2020-05-01	companies house	True	Nottingham City	United Kingdom	91
2020-05-01	nationwide building society	True	Kingston Upon Hull	United Kingdom	1
2020-05-01	coronavirus map	False	Nicosia	Cyprus	1
2020-05-01	kentucky derby 2020	True	South Carolina	United States	3
2020-05-01	boris johnson	True	Nottingham City	United Kingdom	7
2020-05-01	mot check	True	Kingston Upon Hull	United Kingdom	1
2020-05-01	worldometer coronavirus	False	Male	Maldives	1
2020-05-01	johns hopkins coronavirus map	False	South Carolina	United States	1
2020-05-01	b&q	True	Nottingham City	United Kingdom	80
2020-05-01	morrisons	True	Kingston Upon Hull	United Kingdom	38
2020-05-01	www.gov.uk/coronavirus-extremely-vunerable	False	Kent	United Kingdom	9
2020-05-01	johns hopkins coronavirus dashboard	False	South Carolina	United States	7
2020-05-01	trump coronavirus	False	Ile-De-France	France	1
2020-05-01	worldometer coronavirus	False	Leicester City	United Kingdom	17
2020-05-01	martin lewis money saving expert	True	Kingston Upon Hull	United Kingdom	2
2020-05-01	www.gov.uk/coronavirus	False	Kent	United Kingdom	2
2020-05-01	johns hopkins coronavirus	False	South Carolina	United States	1
2020-05-01	ordinanza regione piemonte coronavirus	False	Piedmont	Italy	4
2020-05-01	world coronavirus map	False	Leicester City	United Kingdom	1
2020-05-01	jet2	True	Kingston Upon Hull	United Kingdom	4
2020-05-01	worldometer coronavirus	False	Kent	United Kingdom	32
2020-05-01	john hopkins coronavirus tracker	False	South Carolina	United States	1
2020-05-01	wilko	True	Leicester City	United Kingdom	52
2020-05-01	home bargains	True	Kingston Upon Hull	United Kingdom	10
2020-05-01	wilko	True	Kent	United Kingdom	29
2020-05-01	john hopkins coronavirus map	False	South Carolina	United States	4
2020-05-01	wickes click and collect	True	Leicester City	United Kingdom	10
2020-05-01	hmrc login	True	Kingston Upon Hull	United Kingdom	36
2020-05-01	wickes click and collect	True	Kent	United Kingdom	15
2020-05-01	john hopkins coronavirus	False	South Carolina	United States	1
2020-05-01	nuovo modulo coronavirus	False	Piedmont	Italy	7
2020-05-01	wickes	True	Leicester City	United Kingdom	80
2020-05-01	gov.uk	True	Kingston Upon Hull	United Kingdom	16
2020-05-01	wickes	True	Kent	United Kingdom	72
2020-05-01	italy coronavirus update	False	South Carolina	United States	1
2020-05-01	que es el coronavirus	False	Baja California	Mexico	1
2020-05-01	waitrose	True	Leicester City	United Kingdom	12
2020-05-01	gov uk coronavirus	False	Kingston Upon Hull	United Kingdom	1
2020-05-01	waitrose	True	Kent	United Kingdom	27
2020-05-01	irs.gov/coronavirus	False	South Carolina	United States	2
2020-05-01	universal credit	True	Leicester City	United Kingdom	21
2020-05-01	face masks uk	True	Kingston Upon Hull	United Kingdom	2
2020-05-01	universal credit	True	Kent	United Kingdom	22
2020-05-01	irs gov coronavirus get my payment	False	South Carolina	United States	7
2020-05-01	tui	True	Leicester City	United Kingdom	10
2020-05-01	face masks	True	Kingston Upon Hull	United Kingdom	2
2020-05-01	uk coronavirus	False	Kent	United Kingdom	4
2020-05-01	irs gov coronavirus	False	South Carolina	United States	3
2020-05-01	nuovo modulo autocertificazione	True	Piedmont	Italy	4
2020-05-01	travis perkins	True	Leicester City	United Kingdom	12
2020-05-01	dvla	True	Kingston Upon Hull	United Kingdom	2
2020-05-01	tui coronavirus update	False	Kent	United Kingdom	3
2020-05-01	indeed job search	True	South Carolina	United States	2
2020-05-01	nuovo decreto coronavirus	False	Piedmont	Italy	3
2020-05-01	tesco home delivery	True	Leicester City	United Kingdom	63
2020-05-01	debenhams uk	True	Kingston Upon Hull	United Kingdom	10
2020-05-01	tui	True	Kent	United Kingdom	14
2020-05-01	how to make hand sanitizer	True	South Carolina	United States	1
2020-05-01	tesco credit card	True	Leicester City	United Kingdom	3
2020-05-01	currys pc world	True	Kingston Upon Hull	United Kingdom	53
2020-05-01	travis perkins	True	Kent	United Kingdom	15
2020-05-01	how to make a face mask	True	South Carolina	United States	4
2020-05-01	superdrug	True	Leicester City	United Kingdom	33
2020-05-01	covid 19	False	Kingston Upon Hull	United Kingdom	2
2020-05-01	tesco home delivery uk	True	Kent	United Kingdom	3
2020-05-01	how many people have died from coronavirus	False	South Carolina	United States	1
2020-05-01	nuova certificazione coronavirus	False	Piedmont	Italy	4
2020-05-01	student finance login	True	Leicester City	United Kingdom	14
2020-05-01	coronavirus update	False	Kingston Upon Hull	United Kingdom	12
2020-05-01	tesco home delivery	True	Kent	United Kingdom	85
2020-05-01	how many coronavirus cases in sc	False	South Carolina	United States	1
2020-05-01	nuova autocertificazione coronavirus	False	Piedmont	Italy	43
2020-05-01	slimming world	True	Leicester City	United Kingdom	7
2020-05-01	coronavirus uk	False	Kingston Upon Hull	United Kingdom	10
2020-05-01	tesco credit card	True	Kent	United Kingdom	7
2020-05-01	how many coronavirus cases	False	South Carolina	United States	1
2020-05-01	screwfix	True	Leicester City	United Kingdom	100
2020-05-01	coronavirus	False	Kingston Upon Hull	United Kingdom	26
2020-05-01	superdrug	True	Kent	United Kingdom	21
2020-05-01	how many cases of coronavirus	False	South Carolina	United States	1
2020-05-01	sainsburys groceries	True	Leicester City	United Kingdom	52
2020-05-01	companies house beta	True	Kingston Upon Hull	United Kingdom	10
2020-05-01	student finance login	True	Kent	United Kingdom	14
2020-05-01	how long does coronavirus live on surfaces	False	South Carolina	United States	1
2020-05-01	nuova autocertificazione	True	Piedmont	Italy	81
2020-05-01	sainsburys	True	Leicester City	United Kingdom	38
2020-05-01	companies house	True	Kingston Upon Hull	United Kingdom	34
2020-05-01	student finance	True	Kent	United Kingdom	11
2020-05-01	horry county	True	South Carolina	United States	3
2020-05-01	news coronavirus	False	Piedmont	Italy	2
2020-05-01	phonics play	True	Leicester City	United Kingdom	12
2020-05-01	b&q	True	Kingston Upon Hull	United Kingdom	71
2020-05-01	spain coronavirus update	False	Kent	United Kingdom	3
2020-05-01	hand sanitizer	True	South Carolina	United States	3
2020-05-01	ocado	True	Leicester City	United Kingdom	7
2020-05-01	slimming world	True	Kent	United Kingdom	3
2020-05-01	gretchen whitmer	True	South Carolina	United States	2
2020-05-01	nationwide building society	True	Leicester City	United Kingdom	17
2020-05-01	screwfix	True	Kent	United Kingdom	100
2020-05-01	governor cuomo	True	South Carolina	United States	1
2020-05-01	mot check	True	Leicester City	United Kingdom	10
2020-05-01	sainsburys groceries	True	Kent	United Kingdom	94
2020-05-01	news biella	True	Piedmont	Italy	12
2020-05-01	georgia coronavirus update	False	South Carolina	United States	1
2020-05-01	morrisons	True	Leicester City	United Kingdom	54
2020-05-01	sainsburys	True	Kent	United Kingdom	41
2020-05-01	georgia coronavirus	False	South Carolina	United States	2
2020-05-01	modulo autocertificazione coronavirus	False	Piedmont	Italy	20
2020-05-01	jet2holidays	True	Leicester City	United Kingdom	7
2020-05-01	rics	True	Kent	United Kingdom	3
2020-05-01	free crocs for healthcare workers	True	South Carolina	United States	5
2020-05-01	jet2	True	Leicester City	United Kingdom	5
2020-05-01	rainbow pictures	True	Kent	United Kingdom	2
2020-05-01	free crocs	True	South Carolina	United States	5
2020-05-01	home bargains	True	Leicester City	United Kingdom	7
2020-05-01	public health england	True	Kent	United Kingdom	6
2020-05-01	florida coronavirus update	False	South Carolina	United States	1
2020-05-01	hmrc login	True	Leicester City	United Kingdom	75
