Date	Query	IsImplicitIntent	Country	PopularityScore
2020-02-01	coronavirus in humans	False	Australia	2
2020-02-01	coronavirus bat soup	False	United States	1
2020-02-01	coronavirus italia	False	Italy	7
2020-02-01	how deadly is coronavirus	False	United States	1
2020-02-01	coronavirus news	False	Spain	1
2020-02-01	corona virus update	False	Bangladesh	36
2020-02-01	expressen	True	Sweden	100
2020-02-01	uk corona virus	False	United Kingdom	1
2020-02-01	corona virus in usa	False	United States	1
2020-02-01	coronavirus death toll	False	Nepal	1
2020-02-01	coronavirus	False	Botswana	100
2020-02-01	how did the coronavirus start	False	United Kingdom	1
2020-02-01	corona virus china	False	United States	1
2020-02-01	coronavirus in italia	False	Italy	2
2020-02-01	coronavirus	False	Bangladesh	100
2020-02-01	folkhälsomyndigheten se	True	Sweden	2
2020-02-01	how dangerous is the coronavirus	False	United States	1
2020-02-01	coronavirus noticias	False	Spain	2
2020-02-01	uk coronavirus	False	United Kingdom	3
2020-02-01	corona virus update	False	Jamaica	1
2020-02-01	corona virus in vietnam	False	United States	1
2020-02-01	coronavirus bat	False	United States	1
2020-02-01	coronavirus death toll	False	Bangladesh	1
2020-02-01	symtom coronavirus	False	Sweden	1
2020-02-01	coronavirus gatto	False	Italy	1
2020-02-01	coronavirus	False	Pakistan	100
2020-02-01	how dangerous is coronavirus	False	United States	1
2020-02-01	korona virus	False	Croatia	100
2020-02-01	corona virus update	False	Botswana	34
2020-02-01	coronavirus	False	Jamaica	100
2020-02-01	korona virus'	False	Bangladesh	1
2020-02-01	coronavirus perros	False	Spain	1
2020-02-01	uk coronavirus cases	False	United Kingdom	1
2020-02-01	coronavirus gatti	False	Italy	2
2020-02-01	how coronavirus is caused	False	United States	1
2020-02-01	corona virus india	False	United States	1
2020-02-01	sintomas del coronavirus	False	Colombia	2
2020-02-01	massachusetts man coronavirus	False	Puerto Rico	1
2020-02-01	coronavirus death toll	False	Jamaica	30
2020-02-01	coronavirus bangkok	False	United States	1
2020-02-01	coronavirus frosinone	False	Italy	1
2020-02-01	how bad is the coronavirus	False	United States	1
2020-02-01	corona virus	False	Botswana	1
2020-02-01	coronavirus sintomas	False	Spain	3
2020-02-01	virus corona	False	United Kingdom	1
2020-02-01	coronavirus death toll	False	Puerto Rico	12
2020-02-01	corona virus information	False	United States	1
2020-02-01	coronavirus death to	False	United States	1
2020-02-01	coronavirus latest	False	South Africa	1
2020-02-01	coronavirus europa	False	Italy	1
2020-02-01	how bad is the corona virus	False	United States	1
2020-02-01	coronavirus australia	False	United States	1
2020-02-01	coronavirus	False	Puerto Rico	100
2020-02-01	coronavirus	False	Mauritius	1
2020-02-01	coronavirus ultima hora	False	Spain	1
2020-02-01	what are the symptoms of corona virus	False	United Kingdom	1
2020-02-01	coronavirus cura	False	Italy	1
2020-02-01	corona virus japan	False	United States	1
2020-02-01	how bad is coronavirus	False	United States	1
2020-02-01	corona virus update	False	Puerto Rico	23
2020-02-01	coronavirus	False	Uganda	100
2020-02-01	coronavirus	False	Luxembourg	1
2020-02-01	coronavirus contagio	False	Italy	1
2020-02-01	hong kong coronavirus	False	United States	1
2020-02-01	coronavirus	False	Costa Rica	100
2020-02-01	coronavirus	False	Bahamas	1
2020-02-01	coronavirus ultimas noticias	False	Spain	1
2020-02-01	what are the symptoms of coronavirus	False	United Kingdom	1
2020-02-01	corona virus las vegas	False	United States	1
2020-02-01	coronavirus asia	False	United States	1
2020-02-01	coronavirus come si trasmette	False	Italy	1
2020-02-01	hong kong corona virus	False	United States	1
2020-02-01	corona virus update	False	Bahamas	100
2020-02-01	コロナウィルス　英語	False	Japan	1
2020-02-01	corona virus update	False	Uganda	1
2020-02-01	coronavirus cinese	False	Italy	1
2020-02-01	hku1 coronavirus	False	United States	1
2020-02-01	massachusetts man coronavirus	False	Costa Rica	1
2020-02-01	coronavirus wuhan	False	Spain	1
2020-02-01	what are the symptoms of the coronavirus	False	United Kingdom	1
2020-02-01	corona virus latest	False	United States	1
2020-02-01	coronavirus cina	False	Italy	2
2020-02-01	hiv in coronavirus	False	United States	1
2020-02-01	coronavirus articles	False	United States	1
2020-02-01	coronavirus	False	Qatar	100
2020-02-01	coronavirus cane	False	Italy	1
2020-02-01	hiv coronavirus	False	United States	1
2020-02-01	koronavirus oireet	True	Finland	1
2020-02-01	el coronavirus	False	Spain	1
2020-02-01	what caused the coronavirus	False	United Kingdom	1
2020-02-01	corona virus latest news	False	United States	1
2020-02-01	coronavirus canarie	False	Italy	1
2020-02-01	health emergency over coronavirus	False	United States	1
2020-02-01	coronavirus arkansas	False	United States	1
2020-02-01	coronavirus alle canarie	False	Italy	1
2020-02-01	hawaii coronavirus	False	United States	1
2020-02-01	mapa coronavirus	False	Spain	3
2020-02-01	coronavirus aggiornamenti	False	Italy	1
2020-02-01	has anyone recovered from caronavirus	False	United States	1
2020-02-01	what causes coronavirus	False	United Kingdom	1
2020-02-01	corona virus latest update	False	United States	1
2020-02-01	koronavirus	False	Finland	100
2020-02-01	冠状病毒	False	United States	1
2020-02-01	coronavirus	False	Italy	100
2020-02-01	harvard professor arrested	True	United States	1
2020-02-01	コロナウイルス	False	United States	1
2020-02-01	wuhan virus	True	United States	2
2020-02-01	corona virus update	False	Italy	1
2020-02-01	wuhan hospital	True	United States	1
2020-02-01	gis coronavirus	False	United States	1
2020-02-01	coronavirus arizona	False	United States	1
2020-02-01	wuhan coronavirus update	False	United States	1
2020-02-01	corona virus sintomi	False	Italy	1
2020-02-01	gilead coronavirus	False	United States	1
2020-02-01	ministerio de sanidad	True	Spain	3
2020-02-01	wuhan coronavirus symptoms	False	United States	1
2020-02-01	what is a coronavirus	False	United Kingdom	1
2020-02-01	corona virus live map	False	United States	1
2020-02-01	wuhan coronavirus sequence	False	United States	1
2020-02-01	coronavirus death t	False	United States	1
2020-02-01	corona virus roma	False	Italy	1
2020-02-01	germany coronavirus	False	United States	1
2020-02-01	wuhan coronavirus map	False	United States	1
2020-02-01	korona virus	False	Finland	22
2020-02-01	wuhan coronavirus	False	United States	4
2020-02-01	corona virus notizie	False	Italy	1
2020-02-01	fox news corona virus	False	United States	1
2020-02-01	wuhan corona virus	False	United States	1
2020-02-01	wuhan coronavirus	False	Canada	4
2020-02-01	coronavirus en mexico	False	Mexico	4
2020-02-01	wuhan china	True	United States	6
2020-02-01	how does coronavirus spread	False	United Kingdom	1
2020-02-01	wuhan	True	United States	4
2020-02-01	corona virus news	False	Italy	1
2020-02-01	flu vs coronavirus	False	United States	1
2020-02-01	corona virus conspiracy	False	United States	1
2020-02-01	world health organization coronavirus	False	United States	1
2020-02-01	coronavirus and hiv	False	United States	1
2020-02-01	conavirus	False	Mexico	1
2020-02-01	corona virus morti	False	Italy	1
2020-02-01	wikipedia coronavirus	False	United States	1
2020-02-01	flu season	True	United States	1
2020-02-01	muertos coronavirus	False	Spain	1
2020-02-01	why is it called the corona virus	False	United States	1
2020-02-01	what is corona virus	False	United Kingdom	1
2020-02-01	why is it called coronavirus	False	United States	1
2020-02-01	corona virus live update	False	United States	1
2020-02-01	corona virus italia	False	Italy	3
2020-02-01	corona virus update	False	Qatar	1
2020-02-01	why is it called corona virus	False	United States	1
2020-02-01	flu mortality rate	True	United States	1
2020-02-01	why is coronavirus so deadly	False	United States	1
2020-02-01	why is coronavirus deadly	False	United States	1
2020-02-01	corona virus in italia	False	Italy	1
2020-02-01	florida coronavirus	False	United States	1
2020-02-01	expressen	True	Finland	6
2020-02-01	why are people dying from the coronavirus	False	United States	1
2020-02-01	who started the coronavirus	False	United States	1
2020-02-01	wuhan	True	Canada	1
2020-02-01	corona virus cina	False	Italy	1
2020-02-01	first case of coronavirus	False	United States	1
2020-02-01	who coronavirus update	False	United States	1
2020-02-01	coronavirus	False	Fiji	1
2020-02-01	corona virus update	False	Myanmar	1
2020-02-01	who coronavirus	False	United States	3
2020-02-01	corona virus	False	Italy	26
2020-02-01	noticias coronavirus	False	Spain	1
2020-02-01	fatality rate of coronavirus	False	United States	1
2020-02-01	coronavirus	False	Denmark	24
2020-02-01	who corona virus	False	United States	1
2020-02-01	what is coronavirus	False	United Kingdom	5
2020-02-01	corona virus locations	False	United States	1
2020-02-01	where is the coronavirus now	False	United States	1
2020-02-01	corna virus	False	Italy	1
2020-02-01	coronavirus and bats	False	United States	1
2020-02-01	event 201	True	United States	1
2020-02-01	corona virus update	False	Denmark	53
2020-02-01	where is the coronavirus in the us	False	United States	1
2020-02-01	where is the coronavirus found	False	United States	1
2020-02-01	where is the coronavirus	False	United States	1
2020-02-01	burioni	True	Italy	1
2020-02-01	equine coronavirus massachusetts	False	United States	1
2020-02-01	corona virus map	False	Denmark	1
2020-02-01	where is the corona virus	False	United States	1
2020-02-01	coronavirus	False	Finland	1
2020-02-01	coronavirus death rate	False	United States	1
2020-02-01	where is coronavirus most common	False	United States	1
2020-02-01	who coronavirus	False	Canada	7
2020-02-01	ats milano	True	Italy	1
2020-02-01	dr. paul cottrell	True	United States	1
2020-02-01	corona virus	False	Denmark	100
2020-02-01	where is coronavirus	False	United States	1
2020-02-01	noticias del coronavirus	False	Spain	1
2020-02-01	コロナウィルスとは	False	Japan	1
2020-02-01	where in the us is the coronavirus	False	United States	1
2020-02-01	what is the corona virus	False	United Kingdom	1
2020-02-01	corona virus ma	False	United States	1
2020-02-01	where does the corona virus come from	False	United States	1
2020-02-01	ansa ultima ora	True	Italy	8
2020-02-01	dr. charles lieber	True	United States	1
2020-02-01	where does coronavirus come from	False	United States	1
2020-02-01	coronavirus america	False	United States	1
2020-02-01	where did the coronavirus start	False	United States	1
2020-02-01	ansa coronavirus	False	Italy	1
2020-02-01	dr paul cottrell	True	United States	1
2020-02-01	massachusetts man coronavirus	False	Colombia	22
2020-02-01	where did the coronavirus originate	False	United States	1
2020-02-01	where did the coronavirus come from	False	United States	2
2020-02-01	koronavirus	False	Slovak Republic	79
2020-02-01	alto adige	True	Italy	3
2020-02-01	dr charles lieber	True	United States	1
2020-02-01	corona virus adelaide	False	Australia	1
2020-02-01	where did the corona virus come from	False	United States	1
2020-02-01	corona virus	False	Qatar	75
2020-02-01	where did coronavirus start	False	United States	1
2020-02-01	corona virus	False	Finland	16
2020-02-01	aggiornamenti corona virus	False	Italy	1
2020-02-01	doomsday cult	True	United States	1
2020-02-01	where did coronavirus originate	False	United States	1
2020-02-01	coronavirus	False	Turkey	1
2020-02-01	que es el coronavirus	False	Spain	4
2020-02-01	where did coronavirus come from	False	United States	1
2020-02-01	what is the coronavirus	False	United Kingdom	3
2020-02-01	aeroporto bologna	True	Italy	1
2020-02-01	corona virus	False	Kenya	31
2020-02-01	where did corona virus come from	False	United States	1
2020-02-01	does lysol kill coronavirus	False	United States	1
2020-02-01	korona virüsü	False	Turkey	100
2020-02-01	corona virus man made	False	United States	1
2020-02-01	where did the coronavirus come from	False	Canada	1
2020-02-01	when did the coronavirus start	False	United States	1
2020-02-01	when did the corona virus start	False	United States	1
2020-02-01	corona virus update	False	Kenya	47
2020-02-01	does lysol kill corona virus	False	United States	1
2020-02-01	when did coronavirus start	False	United States	1
2020-02-01	when did corona virus start	False	United States	1
2020-02-01	how is coronavirus spread	False	United Kingdom	1
2020-02-01	coronavirus	False	Kenya	100
2020-02-01	whats the corona virus	False	United States	1
2020-02-01	diet coke	True	United States	1
2020-02-01	coronavirus aids	False	United States	1
2020-02-01	what states have the coronavirus	False	United States	1
2020-02-01	coronavirus symptoms	False	Kenya	1
2020-02-01	coronavirus symptoms	False	Pakistan	1
2020-02-01	what states have coronavirus	False	United States	1
2020-02-01	delta coronavirus symptoms in humans	False	United States	1
2020-02-01	what started the coronavirus	False	United States	1
2020-02-01	sintomas coronavirus	False	Spain	3
2020-02-01	what started the corona virus	False	United States	1
2020-02-01	when did the coronavirus start	False	United Kingdom	1
2020-02-01	corona virus map	False	United States	3
2020-02-01	define coronavirus	False	United States	1
2020-02-01	what started coronavirus	False	United States	1
2020-02-01	corona virus count	False	United States	1
2020-02-01	what kills coronavirus	False	United States	1
2020-02-01	what is the coronavirus in humans	False	United States	1
2020-02-01	what is the coronavirus	False	Canada	2
2020-02-01	declares public over coronavirus	False	United States	1
2020-02-01	what is the coronavirus	False	United States	4
2020-02-01	what is the corona virus	False	United States	1
2020-02-01	coronavirus symptoms	False	South Africa	33
2020-02-01	what is the cause of the coronavirus	False	United States	1
2020-02-01	coronavirus africa	False	United States	1
2020-02-01	declares public health coronavirus	False	United States	1
2020-02-01	sintomas del corona virus	False	Spain	1
2020-02-01	what is the cause of coronavirus	False	United States	1
2020-02-01	where did coronavirus come from	False	United Kingdom	1
2020-02-01	what is coronavirus?	False	United States	1
2020-02-01	corona virus mask	False	United States	1
2020-02-01	what is coronavirus	False	United States	6
2020-02-01	corona virus update	False	Namibia	1
2020-02-01	declares public emergency over coronavirus	False	United States	1
2020-02-01	coronavirus fatality rate	False	United States	1
2020-02-01	what is corona virus	False	United States	1
2020-02-01	what is a coronavirus	False	United States	1
2020-02-01	coronavirus mexico	False	Mexico	3
2020-02-01	coronavirus	False	Namibia	100
2020-02-01	declares health over coronavirus	False	United States	1
2020-02-01	what is a corona virus	False	United States	1
2020-02-01	what does the coronavirus do	False	United States	1
2020-02-01	what does the corona virus do	False	United States	1
2020-02-01	declares health emergency over coronavirus	False	United States	1
2020-02-01	what does coronavirus mean	False	United States	1
2020-02-01	what is coronavirus	False	Canada	3
2020-02-01	what does coronavirus do	False	United States	1
2020-02-01	sintomas del coronavirus	False	Spain	3
2020-02-01	declares health emergency coronavirus	False	United States	1
2020-02-01	what countries have the coronavirus	False	United States	1
2020-02-01	corona virus	False	United Arab Emirates	54
2020-02-01	where did the coronavirus come from	False	United Kingdom	1
2020-02-01	what causes the coronavirus 0c43	False	United States	1
2020-02-01	corona virus masks	False	United States	1
2020-02-01	coronavirus	False	Guadeloupe	1
2020-02-01	what causes the coronavirus	False	United States	1
2020-02-01	coronavirus	False	Czech Republic	89
2020-02-01	declares emergency over coronavirus	False	United States	1
2020-02-01	coronavirus	False	Honduras	1
2020-02-01	what causes coronavirus	False	United States	1
2020-02-01	corona virus update	False	United Arab Emirates	20
2020-02-01	deaths from coronavirus	False	United States	1
2020-02-01	canada coronavirus	False	Canada	2
2020-02-01	what caused the coronavirus	False	United States	1
2020-02-01	what caused the corona virus	False	United States	1
2020-02-01	coronavirus death in us	False	United States	1
2020-02-01	what caused coronavirus	False	United States	1
2020-02-01	冠状病毒	False	China	66
2020-02-01	coronavirus	False	United Arab Emirates	100
2020-02-01	death toll of coronavirus	False	United States	1
2020-02-01	coronavirus 229e	False	United States	1
2020-02-01	coronavirus	False	Martinique	1
2020-02-01	what caused corona virus	False	United States	1
2020-02-01	wuhan virus	True	China	11
2020-02-01	death toll coronavirus	False	United States	1
2020-02-01	coronavirus symptoms	False	United Arab Emirates	9
2020-02-01	what are the symptoms of the coronavirus	False	United States	2
2020-02-01	wuhan hospital	True	China	1
2020-02-01	corona virus in australia	False	Australia	1
2020-02-01	what are the symptoms of coronavirus diseases	False	United States	1
2020-02-01	death toll corona virus	False	United States	1
2020-02-01	wuhan coronavirus compared to other major viruses	False	China	3
2020-02-01	coronovirus	False	United Arab Emirates	1
2020-02-01	ultima hora coronavirus	False	Spain	2
2020-02-01	what are the symptoms of coronavirus	False	United States	1
2020-02-01	where is the corona virus	False	United Kingdom	1
2020-02-01	wuhan coronavirus	False	China	25
2020-02-01	corona virus massachusetts	False	United States	1
2020-02-01	what are symptoms of the coronavirus	False	United States	1
2020-02-01	death rate of coronavirus	False	United States	1
2020-02-01	wuhan china	True	China	4
2020-02-01	n95 mask	True	United Arab Emirates	2
2020-02-01	carona virus	False	Canada	1
2020-02-01	what are symptoms of coronavirus	False	United States	1
2020-02-01	wuhan	True	China	20
2020-02-01	dallas coronavirus	False	United States	1
2020-02-01	what causes coronavirus	False	Canada	1
2020-02-01	first death from coronavirus outside china	False	United Kingdom	1
2020-02-01	virus coronavirus	False	United States	1
2020-02-01	who coronavirus	False	China	5
2020-02-01	symptoms of coronavirus	False	United Arab Emirates	5
2020-02-01	cwu coronavirus	False	United States	1
2020-02-01	coronavirus 2020 update	False	United States	1
2020-02-01	virus corona	False	United States	1
2020-02-01	who china coronavirus	False	China	1
2020-02-01	ultimas noticias coronavirus	False	Spain	1
2020-02-01	コロナウィルスの分類	False	Japan	1
2020-02-01	what is corona virus	False	United Arab Emirates	2
2020-02-01	current coronavirus status	False	United States	1
2020-02-01	virginia coronavirus	False	United States	1
2020-02-01	vietnam coronavirus	False	China	1
2020-02-01	where is the coronavirus	False	United Kingdom	1
2020-02-01	vietnam coronavirus	False	United States	1
2020-02-01	us coronavirus	False	China	1
2020-02-01	what is coronavirus	False	United Arab Emirates	1
2020-02-01	cure for coronavirus	False	United States	1
2020-02-01	corona virus meme	False	United States	1
2020-02-01	coronavirus	False	Mexico	100
2020-02-01	koronavirus	False	Hungary	40
2020-02-01	vaccine for coronavirus	False	United States	1
2020-02-01	the 2019-new coronavirus epidemic: evidence for virus evolution	False	China	1
2020-02-01	cdc coronavirus	False	Canada	1
2020-02-01	who coronavirus	False	United Arab Emirates	1
2020-02-01	cruise ship quarantine	True	United States	1
2020-02-01	utah coronavirus	False	United States	1
2020-02-01	thailand coronavirus	False	China	1
2020-02-01	usa coronavirus	False	United States	1
2020-02-01	symptoms of coronavirus	False	China	1
2020-02-01	cruise ship coronavirus	False	United States	1
2020-02-01	what are the symptoms of the coronavirus	False	Canada	1
2020-02-01	usa corona virus	False	United States	1
2020-02-01	sars virus	True	China	3
2020-02-01	us wuhan quarantine	True	United States	1
2020-02-01	coronavirus 2020	False	United States	1
2020-02-01	remdesivir coronavirus	False	China	2
2020-02-01	cronovirus update	False	United States	1
2020-02-01	ultimas noticias del coronavirus	False	Spain	1
2020-02-01	us coronavirus map	False	United States	1
2020-02-01	remdesivir	True	China	34
2020-02-01	where is the coronavirus found	False	United Kingdom	1
2020-02-01	us coronavirus cases	False	United States	1
2020-02-01	corona virus memes	False	United States	1
2020-02-01	potential inhibitors for 2019-ncov coronavirus m protease from clinically approved medicines	False	China	1
2020-02-01	corona virus boston	False	United States	1
2020-02-01	cronovirus	False	United States	1
2020-02-01	china coronavirus	False	Canada	5
2020-02-01	us coronavirus	False	United States	1
2020-02-01	our early thinking on the coronavirus and pandemics	False	China	1
2020-02-01	us corona virus cases	False	United States	1
2020-02-01	novel coronavirus china	False	China	1
2020-02-01	how many people have coronavirus	False	United Kingdom	1
2020-02-01	corona virus cure	False	United States	1
2020-02-01	crono virus	False	United States	1
2020-02-01	us corona virus	False	United States	1
2020-02-01	novel coronavirus 2019-ncov: early estimation of epidemiological parameters and epidemic predictions	False	China	1
2020-02-01	what are the symptoms of coronavirus	False	Canada	1
2020-02-01	us cases of coronavirus	False	United States	1
2020-02-01	novel coronavirus	False	China	15
2020-02-01	us cases of corona virus	False	United States	1
2020-02-01	coronavirus pdf	False	Mexico	1
2020-02-01	cronavirus	False	United States	1
2020-02-01	new zealand coronavirus	False	China	1
2020-02-01	who coronavirus	False	Spain	1
2020-02-01	us cases coronavirus	False	United States	1
2020-02-01	new coronavirus china	False	China	1
2020-02-01	where is the coronavirus in the uk	False	United Kingdom	1
2020-02-01	update on coronavirus in china	False	United States	1
2020-02-01	new coronavirus	False	China	3
2020-02-01	crona virus	False	United States	1
2020-02-01	corona virus mexico	False	United States	1
2020-02-01	corona virus update	False	Israel	1
2020-02-01	corona virus	False	Norway	9
2020-02-01	update on coronavirus	False	United States	1
2020-02-01	n95 mask	True	China	5
2020-02-01	corona virus	False	Korea (South)	10
2020-02-01	countries with coronavirus	False	United States	1
2020-02-01	update on corona virus	False	United States	1
2020-02-01	massachusetts man coronavirus	False	China	25
2020-02-01	update coronavirus	False	United States	1
2020-02-01	corona viruset	False	Norway	1
2020-02-01	lancet coronavirus	False	China	1
2020-02-01	cornavirus	False	Canada	1
2020-02-01	countries with corona virus	False	United States	1
2020-02-01	update corona virus	False	United States	1
2020-02-01	lab-made coronavirus triggers debate	False	China	3
2020-02-01	coronavirus 2019	False	United States	1
2020-02-01	united states coronavirus	False	United States	1
2020-02-01	lab-made coronavirus	False	China	1
2020-02-01	corona virus	False	Kuwait	37
2020-02-01	coronavirus	False	Norway	100
2020-02-01	could the coronavirus have been prevented	False	United States	1
2020-02-01	united states corona virus	False	United States	1
2020-02-01	lab made coronavirus triggers debate	False	China	1
2020-02-01	umass boston coronavirus	False	United States	1
2020-02-01	lab made coronavirus	False	China	1
2020-02-01	coronavirus death count	False	United States	1
2020-02-01	virus corona	False	Canada	1
2020-02-01	corrona virus	False	United States	1
2020-02-01	which countries have coronavirus	False	United Kingdom	1
2020-02-01	umass boston corona virus	False	United States	1
2020-02-01	italy coronavirus	False	China	1
2020-02-01	corona virus michigan	False	United States	1
2020-02-01	uc davis medical center	True	United States	1
2020-02-01	host and infectivity prediction of wuhan 2019 novel coronavirus using deep learning algorithm	False	China	1
2020-02-01	corona virus update	False	Korea (South)	1
2020-02-01	corovirus	False	United States	1
2020-02-01	types of coronavirus	False	United States	1
2020-02-01	coronavirus	False	Cameroon	1
2020-02-01	corona virus	False	Canada	17
2020-02-01	gilead coronavirus	False	China	1
2020-02-01	twitter coronavirus	False	United States	1
2020-02-01	germany coronavirus	False	China	1
2020-02-01	coronvirus update	False	United States	1
2020-02-01	tucker carlson tonight	True	United States	1
2020-02-01	coronavirus 2/1/2020	False	United States	1
2020-02-01	genomic characterisation and epidemiology of 2019 novel coronavirus: implications for virus origins and receptor binding	False	China	1
2020-02-01	コロナウイルス	False	Japan	100
2020-02-01	coronvirus	False	United States	1
2020-02-01	tucker carlson	True	United States	2
2020-02-01	genomic characterisation and epidemiology of 2019 novel coronavirus: implications for virus origins	False	China	1
2020-02-01	truth about coronavirus	False	United States	1
2020-02-01	first case of 2019 novel coronavirus in the united states	False	China	9
2020-02-01	who coronavirus	False	United Kingdom	2
2020-02-01	coronovirus update	False	United States	1
2020-02-01	corona virus mortality	False	United States	1
2020-02-01	coronavirus	False	Korea (South)	5
2020-02-01	trump coronavirus	False	United States	1
2020-02-01	first case of 2019 novel coronavirus	False	China	2
2020-02-01	coronavirus	False	Cuba	1
2020-02-01	coronavirus	False	Malta	100
2020-02-01	coronovirus symptoms	False	United States	1
2020-02-01	treatment for coronavirus	False	United States	1
2020-02-01	evolution of the novel coronavirus from the ongoing wuhan outbreak and modeling of its spike protein for risk of human transmission	False	China	2
2020-02-01	corona virus canada	False	Canada	2
2020-02-01	treatment for corona virus	False	United States	1
2020-02-01	corona virus update	False	Malta	1
2020-02-01	coronovirus news	False	United States	1
2020-02-01	evolution of the novel coronavirus from the ongoing wuhan outbreak and modeling of its spike protein	False	China	1
2020-02-01	toronto coronavirus	False	Canada	1
2020-02-01	korona virus	False	Hungary	1
2020-02-01	travis air force base	True	United States	1
2020-02-01	event 201	True	China	1
2020-02-01	coronovirus map	False	United States	1
2020-02-01	travel insurance coronavirus	False	United States	1
2020-02-01	coronavirus	False	Burkina Faso	1
2020-02-01	coronavirus 2/1	False	United States	1
2020-02-01	emerging coronaviruses: genome structure, replication, and pathogenesis	False	China	1
2020-02-01	coronovirus in us	False	United States	1
2020-02-01	why do we need to know about the coronavirus	False	United Kingdom	1
2020-02-01	tracking coronavirus	False	United States	1
2020-02-01	early transmission dynamics in wuhan, china, of novel coronavirus–infected pneumonia	False	China	3
2020-02-01	coronavirus	False	Bolivia	1
2020-02-01	coronovirus in the us	False	United States	1
2020-02-01	corona virus mortality rate	False	United States	1
2020-02-01	the truth about coronavirus	False	United States	1
2020-02-01	early transmission dynamics in wuhan, china, of novel coronavirus-infected pneumonia	False	China	1
2020-02-01	coronavirus sintomas	False	Mexico	3
2020-02-01	코로나 바이러스	False	Korea (South)	100
2020-02-01	coronovirus in boston	False	United States	1
2020-02-01	corona virus update	False	Colombia	2
2020-02-01	the coronavirus	False	United States	1
2020-02-01	early transmission dynamics in wuhan	True	China	2
2020-02-01	coronovirus deaths	False	United States	1
2020-02-01	corona virus china	False	Canada	1
2020-02-01	the corona virus	False	United States	1
2020-02-01	discovery of a novel coronavirus associated with the recent pneumonia outbreak in humans and its potential bat origin	False	China	1
2020-02-01	coronovirus	False	United States	2
2020-02-01	thailand coronavirus	False	United States	1
2020-02-01	symptoms of coronavirus	False	Canada	6
2020-02-01	cronovirus	False	China	1
2020-02-01	coronavirus	False	United States	100
2020-02-01	coronoviris	False	United States	1
2020-02-01	texas coronavirus	False	United States	1
2020-02-01	corovirus	False	China	1
2020-02-01	test for coronavirus	False	United States	1
2020-02-01	coronoavirus	False	United States	1
2020-02-01	worthing hospital	True	United Kingdom	1
2020-02-01	coronvirus	False	China	1
2020-02-01	corona virus motality rate	False	United States	1
2020-02-01	coronoa virus	False	United States	1
2020-02-01	taiwan coronavirus	False	United States	1
2020-02-01	coronovirus	False	China	1
2020-02-01	コロナウイルス　生物兵器	False	Japan	1
2020-02-01	taiwan corona virus	False	United States	1
2020-02-01	corono virus	False	United States	1
2020-02-01	coronaviruses	False	China	1
2020-02-01	corona virus death toll	False	Canada	1
2020-02-01	symtoms of corona virus	False	United States	1
2020-02-01	coronavirus wuhan	False	China	3
2020-02-01	how many people have died from coronavirus	False	United Kingdom	4
2020-02-01	corona virus dashboard	False	United States	1
2020-02-01	coronivirus	False	United States	1
2020-02-01	coronavirus	False	Maldives	100
2020-02-01	symptons of corona virus	False	United States	1
2020-02-01	ryerson coronavirus	False	Canada	4
2020-02-01	coronavrius	False	United States	1
2020-02-01	coronavirus who	False	China	1
2020-02-01	symptoms of the coronavirus	False	United States	1
2020-02-01	coronavirus vaccine	False	China	1
2020-02-01	coronavius	False	United States	1
2020-02-01	wuhan coronavirus	False	United Kingdom	2
2020-02-01	symptoms of the corona virus	False	United States	1
2020-02-01	corona virus new york	False	United States	1
2020-02-01	coronaviruses china	False	United States	1
2020-02-01	coronavirus usa	False	China	1
2020-02-01	koronavirus	False	Czech Republic	100
2020-02-01	coronavirus death 2020	False	United States	1
2020-02-01	coronaviruses	False	United States	1
2020-02-01	symptoms of coronaviruses	False	United States	1
2020-02-01	coronavirus update	False	China	6
2020-02-01	symptoms of coronavirus in humans	False	United States	1
2020-02-01	coronavirus/influenza	False	United States	1
2020-02-01	coronavirus symptoms	False	China	2
2020-02-01	corona virus deaths	False	Canada	1
2020-02-01	coronavirus síntomas	False	Mexico	1
2020-02-01	coronavirus zombies	False	United States	1
2020-02-01	corona virus update	False	Belize	1
2020-02-01	symptoms of coronavirus 2020	False	United States	1
2020-02-01	coronavirus pneumonia	False	China	1
2020-02-01	coronavirus zombie	False	United States	1
2020-02-01	coronavirus georgia	False	United States	1
2020-02-01	symptoms of coronavirus	False	United States	5
2020-02-01	coronavirus philippines	False	China	1
2020-02-01	coronaviru	False	United States	1
2020-02-01	coronavirus wuhan	False	United States	1
2020-02-01	symptoms of corona virus	False	United States	1
2020-02-01	coronavirus outbreak	False	China	2
2020-02-01	coronavirus worldometer	False	United States	1
2020-02-01	death toll coronavirus	False	United Kingdom	1
2020-02-01	coronavirus world map	False	United States	1
2020-02-01	symptoms for coronavirus	False	United States	1
2020-02-01	coronavirus news	False	China	3
2020-02-01	coronavirus world	False	United States	1
2020-02-01	york corona virus	False	United Kingdom	1
2020-02-01	symptoms coronavirus	False	United States	1
2020-02-01	coronavirus map	False	China	1
2020-02-01	corona virus news	False	United States	2
2020-02-01	coronavirus wisconsin	False	United States	1
2020-02-01	symptome coronavirus	False	United States	1
2020-02-01	coronavirus wikipedia	False	United States	1
2020-02-01	coronavirus live updates	False	China	1
2020-02-01	corona virus in canada	False	Canada	1
2020-02-01	corona virus update	False	Maldives	1
2020-02-01	coronavirus wiki	False	United States	1
2020-02-01	summer olympics 2020	True	United States	1
2020-02-01	coronavirus infection	False	China	1
2020-02-01	coronavirus why name	False	United States	1
2020-02-01	status of coronavirus	False	United States	1
2020-02-01	コロナウイルス　英語	False	Japan	1
2020-02-01	coronavirus in china	False	China	1
2020-02-01	novel coronavirus	False	Canada	2
2020-02-01	coronavirsu	False	United States	1
2020-02-01	coronavirus who	False	United States	1
2020-02-01	states with corona virus	False	United States	1
2020-02-01	coronavirus hiv	False	China	2
2020-02-01	coronavirus where it come from	False	United States	1
2020-02-01	york coronavirus	False	United Kingdom	1
2020-02-01	spread of corona virus	False	United States	1
2020-02-01	coronavirus genome	False	China	1
2020-02-01	corona virus numbers	False	United States	1
2020-02-01	coronavirus what is it	False	United States	1
2020-02-01	spanish flu vs corona virus	False	United States	1
2020-02-01	coronavirus	False	Ghana	1
2020-02-01	coronavirus epidemic	False	China	1
2020-02-01	coronavirus washington state	False	United States	1
2020-02-01	coronavirus update	False	South Africa	6
2020-02-01	source of coronavirus	False	United States	1
2020-02-01	coronavirus death toll	False	China	10
2020-02-01	coronavirus vs sars	False	United States	1
2020-02-01	corona virus live map	False	Canada	1
2020-02-01	source of corona virus	False	United States	1
2020-02-01	coronavirus china	False	China	5
2020-02-01	corona virus	False	Australia	20
2020-02-01	coronavirus vs influenza	False	United States	1
2020-02-01	solano county	True	United States	1
2020-02-01	coronavirus update	False	Mexico	1
2020-02-01	corona virus news	False	Austria	1
2020-02-01	coronavirus bbc	False	China	1
2020-02-01	coronavirus vs flu	False	United States	1
2020-02-01	coronavirus	False	Hungary	100
2020-02-01	corona virus	False	Japan	1
2020-02-01	sintomas del coronavirus	False	United States	1
2020-02-01	coronavirus 2019	False	China	1
2020-02-01	coronavirus virus news	False	United States	1
2020-02-01	corona virus	False	Maldives	1
2020-02-01	singapore coronavirus	False	United States	1
2020-02-01	coronavirus	False	China	100
2020-02-01	massachusetts man coronavirus	False	Canada	3
2020-02-01	coronavirus virus	False	United States	1
2020-02-01	singapore and coronavirus	False	United States	1
2020-02-01	corona virus wuhan	False	China	1
2020-02-01	coronavirus	False	Chile	100
2020-02-01	coronavirus virginia	False	United States	1
2020-02-01	york university corona virus	False	United Kingdom	1
2020-02-01	coronavirus	False	Iraq	100
2020-02-01	corona virus ny	False	United States	1
2020-02-01	corona virus	False	Chile	1
2020-02-01	simpsons predict corona virus	False	United States	1
2020-02-01	coronavirus vietnam	False	United States	1
2020-02-01	corona virus update	False	China	18
2020-02-01	corona virus update	False	Iraq	1
2020-02-01	simpsons coronavirus	False	United States	1
2020-02-01	coronavirus videos	False	United States	1
2020-02-01	corona virus	False	Iraq	34
2020-02-01	corona virus outbreak	False	China	1
2020-02-01	coronavirus video	False	United States	1
2020-02-01	corona virus map	False	Canada	4
2020-02-01	wuhan coronavirus	False	Germany	1
2020-02-01	simpsons corona virus	False	United States	1
2020-02-01	corona virus news	False	China	1
2020-02-01	coronavirus ventura county	False	United States	1
2020-02-01	who coronavirus	False	Germany	1
2020-02-01	コロナウイルスとは	False	Japan	11
2020-02-01	signs of the corona virus	False	United States	1
2020-02-01	coronavirus vacine	False	United States	1
2020-02-01	corona virus map	False	China	1
2020-02-01	coronavirs	False	United States	1
2020-02-01	webasto coronavirus	False	Germany	1
2020-02-01	signs of coronavirus	False	United States	1
2020-02-01	corona virus	False	China	12
2020-02-01	coronavirus vaccine	False	United States	2
2020-02-01	coronavirus facts	False	United States	1
2020-02-01	webasto	True	Germany	7
2020-02-01	coronavirus	False	Venezuela	100
2020-02-01	signs and symptoms of coronavirus	False	United States	1
2020-02-01	coronavirus vaccination	False	United States	1
2020-02-01	corona beer virus	False	China	1
2020-02-01	virus coronavirus	False	Germany	1
2020-02-01	corona virus nyc	False	United States	1
2020-02-01	coronavirus usa map	False	United States	1
2020-02-01	shanghai coronavirus	False	United States	1
2020-02-01	virus corona	False	Germany	1
2020-02-01	conoravirus	False	China	1
2020-02-01	coronavirus	False	Algeria	1
2020-02-01	seattle coronavirus	False	United States	1
2020-02-01	coronavirus usa cases	False	United States	1
2020-02-01	virus china	True	Germany	2
2020-02-01	clinical features of patients infected with 2019 novel coronavirus in wuhan, china.	False	China	1
2020-02-01	coronavirus usa	False	United States	2
2020-02-01	vietnam coronavirus	False	Germany	1
2020-02-01	corona virus news	False	Canada	2
2020-02-01	sars vs the corona virus	False	United States	1
2020-02-01	clinical features of patients infected with 2019 novel coronavirus in wuhan, china	False	China	1
2020-02-01	coronavirus us map	False	United States	1
2020-02-01	london ontario coronavirus	False	Canada	1
2020-02-01	coronavirus death	False	United States	1
2020-02-01	verbreitung coronavirus	False	Germany	1
2020-02-01	corona virus	False	Viet Nam	6
2020-02-01	sars vs coronavirus	False	United States	1
2020-02-01	coronavirus us cases	False	United States	1
2020-02-01	chinese villages walled off against outsiders as coronavirus toll mounts	False	China	1
2020-02-01	twitter coronavirus	False	Germany	1
2020-02-01	sars virus	True	United States	2
2020-02-01	coronavirus us	False	United States	2
2020-02-01	chinese coronavirus	False	China	1
2020-02-01	coronavirius	False	United States	1
2020-02-01	thailand coronavirus	False	Germany	1
2020-02-01	coronavirus wuhan	False	Mexico	1
2020-02-01	sars coronavirus	False	United States	1
2020-02-01	china virus	True	China	9
2020-02-01	coronavirus updates	False	United States	1
2020-02-01	symtome coronavirus	False	Germany	1
2020-02-01	sars and coronavirus	False	United States	1
2020-02-01	corona virus update	False	Viet Nam	21
2020-02-01	china coronavirus spreads	False	China	1
2020-02-01	coronavirus update usa	False	United States	1
2020-02-01	symptoms coronavirus	False	Germany	1
2020-02-01	santa clara county coronavirus	False	United States	1
2020-02-01	china coronavirus	False	China	12
2020-02-01	corona virus ohio	False	United States	1
2020-02-01	coronavirus update today	False	United States	1
2020-02-01	santa clara coronavirus	False	United States	1
2020-02-01	symptome coronavirus	False	Germany	1
2020-02-01	cdc coronavirus	False	China	3
2020-02-01	san jose coronavirus	False	United States	1
2020-02-01	coronavirus update map	False	United States	1
2020-02-01	symptome corona virus	False	Germany	1
2020-02-01	coronavirus	False	Viet Nam	100
2020-02-01	canada coronavirus	False	China	1
2020-02-01	corona virus protection	False	Canada	1
2020-02-01	coronavirus update cnn	False	United States	1
2020-02-01	san diego coronavirus	False	United States	1
2020-02-01	rki coronavirus	False	Germany	1
2020-02-01	broad-spectrum antiviral gs-5734 inhibits both epidemic and zoonotic coronaviruses	False	China	1
2020-02-01	how many people have the corona virus	False	United Kingdom	1
2020-02-01	corona virus death	False	United States	1
2020-02-01	latest on coronavirus	False	Canada	1
2020-02-01	coronavirus update cdc	False	United States	1
2020-02-01	russia coronavirus	False	United States	1
2020-02-01	rki coronaviren	False	Germany	1
2020-02-01	australia coronavirus	False	China	1
2020-02-01	coronaviris	False	United States	1
2020-02-01	remdesivir coronavirus	False	United States	1
2020-02-01	coronavirus update 2/1/2020	False	United States	1
2020-02-01	corona virus origin	False	United States	1
2020-02-01	public health over coronavirus	False	Germany	1
2020-02-01	virus corona	False	Viet Nam	11
2020-02-01	a sars-like cluster of circulating bat coronaviruses shows potential for human emergence	False	China	2
2020-02-01	remdesivir	True	United States	1
2020-02-01	coronavirus update	False	United States	10
2020-02-01	public health emergency coronavirus	False	Germany	1
2020-02-01	a novel coronavirus outbreak of global health concern	False	China	1
2020-02-01	coronavirus	False	Madagascar	1
2020-02-01	reddit coronavirus	False	United States	1
2020-02-01	coronavirus united states	False	United States	1
2020-02-01	corona virus symptoms	False	Canada	1
2020-02-01	news coronavirus	False	Germany	1
2020-02-01	コロナウイルスの症状	False	Japan	1
2020-02-01	a novel coronavirus from patients with pneumonia in china, 2019	False	China	1
2020-02-01	coronavirus	False	Mozambique	1
2020-02-01	reddit corona virus	False	United States	1
2020-02-01	coronavirus uk	False	United States	1
2020-02-01	news corona virus	False	Germany	1
2020-02-01	virus coronavirus	False	Viet Nam	1
2020-02-01	a novel coronavirus from patients with pneumonia in china	False	China	1
2020-02-01	caronavirus	False	Netherlands	1
2020-02-01	real coronavirus numbers	False	United States	1
2020-02-01	coronavirus types	False	United States	1
2020-02-01	nachrichten coronavirus	False	Germany	1
2020-02-01	john hopkins coronavirus map	False	Canada	1
2020-02-01	a familial cluster of pneumonia associated with the 2019 novel coronavirus indicating person-to-pers	False	China	1
2020-02-01	que es el coronavirus	False	United States	1
2020-02-01	corona virus	False	Netherlands	19
2020-02-01	coronavirus twitter	False	United States	1
2020-02-01	mundschutz gegen viren und bakterien	True	Germany	2
2020-02-01	corona virus outbreak	False	United States	1
2020-02-01	2019-ncov	True	China	29
2020-02-01	public health emergency over coronavirus	False	United States	1
2020-02-01	corona virus map	False	Netherlands	1
2020-02-01	coronavirus trump	False	United States	1
2020-02-01	la gomera coronavirus	False	Germany	1
2020-02-01	massachusetts man coronavirus	False	Cambodia	1
2020-02-01	2019 novel coronavirus	False	China	4
2020-02-01	public emergency over coronavirus	False	United States	1
2020-02-01	corona virus update	False	Netherlands	4
2020-02-01	corona virus	False	Switzerland	9
2020-02-01	coronavirus treatment human	False	United States	1
2020-02-01	la gomera corona virus	False	Germany	1
2020-02-01	corona virus toronto	False	Canada	1
2020-02-01	coronavirus	False	Netherlands	100
2020-02-01	2019 coronavirus	False	China	2
2020-02-01	coronaviras	False	United States	1
2020-02-01	coronavirus treatment	False	United States	1
2020-02-01	prevent coronavirus	False	United States	1
2020-02-01	koronavirus	False	Germany	1
2020-02-01	coronavirus	False	Bulgaria	1
2020-02-01	coronavirus china	False	Netherlands	2
2020-02-01	philippines first coronavirus death	False	United States	1
2020-02-01	coronavirus travel restrictions	False	United States	1
2020-02-01	philippines first coronavirus deat	False	United States	1
2020-02-01	corona virus schweiz	False	Switzerland	1
2020-02-01	korona virus	False	Germany	1
2020-02-01	coronavirus	False	Cote D'ivoire	1
2020-02-01	john hopkins coronavirus	False	Canada	1
2020-02-01	coronavirus duitsland	False	Netherlands	3
2020-02-01	el coronavirus	False	Mexico	1
2020-02-01	corona virus patent	False	United States	1
2020-02-01	philippines first coronavirus dea	False	United States	1
2020-02-01	coronavirus	False	Tunisia	100
2020-02-01	coronavirus travel ban	False	United States	1
2020-02-01	philippines first coronavirus de	False	United States	1
2020-02-01	coronavirus in nederland	False	Netherlands	7
2020-02-01	jens spahn	True	Germany	1
2020-02-01	philippines first coronavirus d	False	United States	1
2020-02-01	massachusetts man coronavirus	False	Georgia	25
2020-02-01	philippines first coronavirus	False	United States	1
2020-02-01	coronavirus travel	False	United States	1
2020-02-01	corona virus update	False	Switzerland	1
2020-02-01	philippines first coronaviru	False	United States	1
2020-02-01	coronavirus nederland	False	Netherlands	7
2020-02-01	impfstoff gegen coronavirus	False	Germany	1
2020-02-01	corona virus update	False	Canada	54
2020-02-01	foreign office travel advice	True	United Kingdom	2
2020-02-01	philippines coronavirus	False	United States	1
2020-02-01	corona virus california	False	United States	1
2020-02-01	coronavirus nieuws	False	Netherlands	1
2020-02-01	coronavirus transmission	False	United States	1
2020-02-01	hong kong coronavirus	False	Germany	1
2020-02-01	philippines corona virus	False	United States	1
2020-02-01	coronavir	False	United States	1
2020-02-01	coronavirus deat	False	United States	1
2020-02-01	pelosi	True	United States	2
2020-02-01	corona virus philippines	False	United States	1
2020-02-01	coronavirus	False	Switzerland	40
2020-02-01	laatste nieuws coronavirus	False	Netherlands	2
2020-02-01	coronavirus tracking	False	United States	1
2020-02-01	health emergency over coronavirus	False	Germany	1
2020-02-01	coronavirus sintomas	False	Colombia	1
2020-02-01	over the counter medication for coronavirus in cats	False	United States	1
2020-02-01	coronavirus tracker	False	United States	1
2020-02-01	mondkapjes	True	Netherlands	2
2020-02-01	コロナウイルス感染症	False	Japan	4
2020-02-01	germersheim	True	Germany	3
2020-02-01	corona virus update canada	False	Canada	1
2020-02-01	human coronavirus	False	United Kingdom	1
2020-02-01	corona virus	False	Nicaragua	1
2020-02-01	john hopkins corona virus	False	Canada	1
2020-02-01	coronavirus toronto	False	United States	1
2020-02-01	corona virus death count	False	United States	1
2020-02-01	echtzeitkarte coronavirus	False	Germany	1
2020-02-01	oronavirus	False	United States	1
2020-02-01	symptomen corona virus	False	Netherlands	1
2020-02-01	coronairus	False	United States	1
2020-02-01	coronavirus news	False	Switzerland	2
2020-02-01	coronavirus toll	False	United States	1
2020-02-01	coronavirus	False	Nicaragua	100
2020-02-01	declares public over coronavirus	False	Germany	1
2020-02-01	origin of the coronavirus	False	United States	1
2020-02-01	corona virus projections	False	United States	1
2020-02-01	symptomen coronavirus	False	Netherlands	1
2020-02-01	coronavirus today	False	United States	1
2020-02-01	declares public health over coronavirus	False	Germany	1
2020-02-01	origin of coronavirus	False	United States	1
2020-02-01	wat is coronavirus	False	Netherlands	6
2020-02-01	coronavirus timeline	False	United States	1
2020-02-01	coronavirus	False	Ethiopia	100
2020-02-01	declares public health coronavirus	False	Germany	1
2020-02-01	coronavirus schweiz	False	Switzerland	2
2020-02-01	origin of corona virus	False	United States	1
2020-02-01	corona virus updates	False	Canada	1
2020-02-01	wat is het coronavirus	False	Netherlands	7
2020-02-01	coronavirus thailand	False	United States	1
2020-02-01	corona virus	False	Ethiopia	1
2020-02-01	declares health emergency over coronavirus	False	Germany	1
2020-02-01	coronavirus	False	Cambodia	1
2020-02-01	coronavirus canino	False	Mexico	1
2020-02-01	orange county coronavirus	False	United States	1
2020-02-01	coronavirus texas	False	United States	1
2020-02-01	épidémie coronavirus	False	France	1
2020-02-01	how did the coronavirus start	False	Canada	1
2020-02-01	coronavirus-symptome	False	Germany	1
2020-02-01	ohio coronavirus	False	United States	1
2020-02-01	mapa coronavirus	False	Mexico	1
2020-02-01	coronavirus testing	False	United States	1
2020-02-01	nytimes coronavirus	False	United States	1
2020-02-01	virus corona	False	France	2
2020-02-01	coronavirus suisse	False	Switzerland	1
2020-02-01	coronavirus übertragung	False	Germany	1
2020-02-01	coronavirus	False	Zambia	100
2020-02-01	coronacirus	False	United States	1
2020-02-01	corona virus protection	False	United States	1
2020-02-01	coronavirus test	False	United States	1
2020-02-01	vaccin coronavirus	False	France	1
2020-02-01	nyc coronavirus	False	United States	1
2020-02-01	coronavirus	False	Kuwait	100
2020-02-01	coronavirus zahlen	False	Germany	1
2020-02-01	corona virus update	False	Zambia	1
2020-02-01	latest on coronavirus	False	South Africa	3
2020-02-01	coronavirus task force	False	United States	1
2020-02-01	thailande et coronavirus	False	France	1
2020-02-01	nyc corona virus	False	United States	1
2020-02-01	coronavirus wuhan	False	Germany	1
2020-02-01	coronavirus symptoms	False	Romania	1
2020-02-01	coronavirus	False	Canada	100
2020-02-01	coronavirus taiwan	False	United States	1
2020-02-01	coronavirus symptome	False	Switzerland	1
2020-02-01	thailande coronavirus	False	France	1
2020-02-01	coronavirus wirtschaft	False	Germany	1
2020-02-01	how did coronavirus start	False	Canada	1
2020-02-01	coronavirus	False	Romania	100
2020-02-01	ny coronavirus	False	United States	1
2020-02-01	coronavirus symtoms	False	United States	1
2020-02-01	corona virus reddit	False	United States	1
2020-02-01	symptoms coronavirus	False	France	1
2020-02-01	coronavirus wikipedia	False	Germany	1
2020-02-01	corona viruses	False	United States	1
2020-02-01	corona virus	False	Romania	18
2020-02-01	coronavirus symptons	False	United States	1
2020-02-01	symptomes coronavirus	False	France	1
2020-02-01	coronavirus bc	False	Canada	1
2020-02-01	coronavirus who	False	Germany	1
2020-02-01	number of coronavirus cases	False	United States	1
2020-02-01	coronavirus thailand	False	Switzerland	1
2020-02-01	coronavirus deadly for cats deadly	False	United States	1
2020-02-01	coronavirus symptoms wiki	False	United States	1
2020-02-01	symptome coronavirus	False	France	2
2020-02-01	マスク	True	Japan	90
2020-02-01	coronavirus weltweite notlage	False	Germany	1
2020-02-01	coronvirus	False	Canada	1
2020-02-01	coronavirus	False	Angola	1
2020-02-01	corona virus san francisco	False	United States	1
2020-02-01	novel coronavirus wuhan	False	United States	1
2020-02-01	coronavirus	False	Morocco	100
2020-02-01	coronavirus symptoms in humans	False	United States	2
2020-02-01	sras	True	France	2
2020-02-01	coronavirus weltweit	False	Germany	1
2020-02-01	corona virus'	False	United States	1
2020-02-01	coronavirus symptoms in cats	False	United States	1
2020-02-01	santé publique france	True	France	1
2020-02-01	novel coronavirus update	False	United States	1
2020-02-01	virus corona	False	Morocco	1
2020-02-01	coronavirus canada	False	Canada	6
2020-02-01	coronavirus weltkarte	False	Germany	1
2020-02-01	srf	True	Switzerland	100
2020-02-01	coronavirus symptoms humans	False	United States	1
2020-02-01	origine du coronavirus	False	France	1
2020-02-01	dettol	True	United Kingdom	1
2020-02-01	coronavirus welt	False	Germany	1
2020-02-01	coronovirus update	False	Canada	1
2020-02-01	coronavirus	False	Senegal	1
2020-02-01	novel coronavirus symptoms	False	United States	1
2020-02-01	coronavirus symptoms 2020	False	United States	1
2020-02-01	origine coronavirus	False	France	1
2020-02-01	coronavirus vietnam	False	Germany	1
2020-02-01	corona virus san jose	False	United States	1
2020-02-01	corona virus zombie	False	United States	1
2020-02-01	coronavirus symptoms	False	United States	20
2020-02-01	oms coronavirus	False	France	1
2020-02-01	coronavirus verbreitung	False	Germany	1
2020-02-01	novel coronavirus	False	United States	2
2020-02-01	coronavirus cases	False	Canada	1
2020-02-01	coronavirus symptome	False	United States	1
2020-02-01	masque anti virus	True	France	1
2020-02-01	coronavirus update	False	Germany	1
2020-02-01	is coronavirus in uk	False	United Kingdom	1
2020-02-01	corona virus death rate	False	United States	1
2020-02-01	novel corona virus update	False	United States	1
2020-02-01	coronavirus sweden	False	United States	1
2020-02-01	le coronavirus	False	France	2
2020-02-01	coronovirus china	False	Canada	1
2020-02-01	coronavirus tote	False	Germany	1
2020-02-01	mapa de coronavirus	False	Mexico	1
2020-02-01	carona virus	False	India	4
2020-02-01	coronavirus survivors	False	United States	1
2020-02-01	italie	True	France	4
2020-02-01	corona virus santa clara	False	United States	1
2020-02-01	coronavirus todesfälle	False	Germany	1
2020-02-01	novel corona virus	False	United States	1
2020-02-01	coronavirus survival rate	False	United States	1
2020-02-01	info coronavirus	False	France	1
2020-02-01	coronavirus ticker	False	Germany	1
2020-02-01	coronavirus china	False	Canada	2
2020-02-01	coronavirus surgical mask	False	United States	1
2020-02-01	d'ou vient le coronavirus	False	France	1
2020-02-01	corona virus wuhan	False	United States	1
2020-02-01	coronavirus thailand	False	Germany	1
2020-02-01	corona virus arizona	False	United States	1
2020-02-01	coronavirus structure	False	United States	1
2020-02-01	coronavirus épidémie	False	France	1
2020-02-01	news on coronavirus	False	United States	1
2020-02-01	coronavirus symptoms	False	Germany	1
2020-02-01	coronavirus strains	False	United States	1
2020-02-01	coronavirus wuhan	False	France	1
2020-02-01	china corona virus	False	India	1
2020-02-01	coronavirus symptome	False	Germany	6
2020-02-01	corona virus santa clara county	False	United States	1
2020-02-01	coronavirus strain	False	United States	1
2020-02-01	coronavirus wikipedia	False	France	1
2020-02-01	coronavirus spanien	False	Germany	1
2020-02-01	coronavirus deadly	False	United States	1
2020-02-01	news on corona virus	False	United States	1
2020-02-01	coronavirus status	False	United States	1
2020-02-01	coronavirus vietnam	False	France	1
2020-02-01	coronavirus chine	False	Canada	1
2020-02-01	coronavirus siegen	False	Germany	1
2020-02-01	coronovirus	False	Canada	4
2020-02-01	coronavirus stats	False	United States	1
2020-02-01	news coronavirus	False	United States	1
2020-02-01	christmas island	True	Australia	11
2020-02-01	coronavirus twitter	False	France	1
2020-02-01	corona virus wikipedia	False	United States	1
2020-02-01	coronavirus rki	False	Germany	1
