Date	Query	IsImplicitIntent	State	Country	PopularityScore
2020-04-01	harvard professor arrested	True	Missouri	United States	1
2020-04-01	what states are on lockdown	True	Missouri	United States	1
2020-04-01	corona virus in florida 2020	False	Florida	United States	1
2020-04-01	crocs for healthcare workers	True	Connecticut	United States	3
2020-04-01	ny coronavirus	False	Florida	United States	1
2020-04-01	coronavirus	False	Jiangsu	China	43
2020-04-01	coronavirus últimas noticias	False	Catalonia	Spain	3
2020-04-01	brevard county coronavirus	False	Maryland	United States	1
2020-04-01	confinement coronavirus	False	Occitanie	France	1
2020-04-01	coronavirus tracker uk	False	Greater Manchester	United Kingdom	1
2020-04-01	covid 19 tracker	False	Glasgow City	United Kingdom	10
2020-04-01	hazard pay coronavirus	False	Missouri	United States	1
2020-04-01	las vegas coronavirus update	False	California	United States	1
2020-04-01	corona virus update	False	Kampala	Uganda	38
2020-04-01	coronavirus updates	False	Sofiya-Grad	Bulgaria	100
2020-04-01	gov uk coronavirus	False	Wokingham	United Kingdom	7
2020-04-01	john hopkins coronavirus map	False	Worcestershire	United Kingdom	2
2020-04-01	corona virus in florida by county	False	Florida	United States	1
2020-04-01	sainsburys groceries	True	Cardiff	United Kingdom	24
2020-04-01	confinement france	True	Occitanie	France	2
2020-04-01	number of deaths from coronavirus	False	Florida	United States	1
2020-04-01	coronavirus wikipedia	False	Catalonia	Spain	1
2020-04-01	stimulus checks	True	North Carolina	United States	5
2020-04-01	free crocs for healthcare workers	True	Iowa	United States	2
2020-04-01	who will get stimulus checks	True	Pennsylvania	United States	1
2020-04-01	hazard pay during corona virus	False	Missouri	United States	1
2020-04-01	corona virus in italy	False	Florida	United States	1
2020-04-01	東京都	True	Ehime	Japan	4
2020-04-01	job seeker payment 2020	True	Western Australia	Australia	19
2020-04-01	crocs healthcare	True	Connecticut	United States	2
2020-04-01	sams club senior hours	True	Tennessee	United States	1
2020-04-01	coronavirus map	False	Jiangsu	China	1
2020-04-01	job retention scheme	True	Worcestershire	United Kingdom	2
2020-04-01	california coronavirus	False	Maryland	United States	2
2020-04-01	confinement italie	True	Occitanie	France	1
2020-04-01	coronavirus tracker	False	Greater Manchester	United Kingdom	3
2020-04-01	coronavirus worldometer	False	Gujarat	India	3
2020-04-01	hobby lobby closing	True	Missouri	United States	2
2020-04-01	coronavirus stats	False	Nebraska	United States	1
2020-04-01	number of coronavirus cases in us	False	Florida	United States	1
2020-04-01	coronavirus	False	Sofiya-Grad	Bulgaria	1
2020-04-01	furloughed worker uk	True	Wokingham	United Kingdom	12
2020-04-01	coronavirus usa	False	Catalonia	Spain	1
2020-04-01	corona virus in russia	False	Florida	United States	1
2020-04-01	sainsburys	True	Cardiff	United Kingdom	19
2020-04-01	マスク	True	Ehime	Japan	27
2020-04-01	corona virus	False	Occitanie	France	1
2020-04-01	東京都	True	Gifu	Japan	6
2020-04-01	coronavirus in india	False	California	United States	1
2020-04-01	joe wicks	True	Brighton And Hove	United Kingdom	4
2020-04-01	wisconsin coronavirus	False	Pennsylvania	United States	1
2020-04-01	home bargains	True	Worcestershire	United Kingdom	4
2020-04-01	home made face masks for coronavirus	False	Missouri	United States	1
2020-04-01	mascherine antivirus	True	Campania	Italy	3
2020-04-01	corona virus in us	False	Florida	United States	1
2020-04-01	crocs.com	True	Connecticut	United States	1
2020-04-01	number of coronavirus cases in florida	False	Florida	United States	1
2020-04-01	coronavirus united states	False	Jiangsu	China	6
2020-04-01	coronavirus updates	False	Catalonia	Spain	1
2020-04-01	california nursing home coronavirus	False	Maryland	United States	5
2020-04-01	coronavirus	False	Occitanie	France	38
2020-04-01	coronavirus symptoms nhs	False	Greater Manchester	United Kingdom	3
2020-04-01	covid 19 data	False	Ontario	Canada	1
2020-04-01	コロナウイルス	False	Ehime	Japan	41
2020-04-01	n95 masks	True	Colorado	United States	8
2020-04-01	homemade hand sanitizer	True	Missouri	United States	2
2020-04-01	segurança social directa	True	Setubal	Portugal	100
2020-04-01	furlough scheme	True	Wokingham	United Kingdom	10
2020-04-01	coronavirus map	False	Vienna	Austria	10
2020-04-01	hmrc login	True	Worcestershire	United Kingdom	26
2020-04-01	public health wales coronavirus	False	Cardiff	United Kingdom	5
2020-04-01	corona virus updates	False	Indiana	United States	1
2020-04-01	corona virus live updates	False	Florida	United States	1
2020-04-01	florida corona virus map	False	Florida	United States	1
2020-04-01	coronavirus en chile	False	Santiago Metropolitan	Chile	5
2020-04-01	covid 19 antibody test	False	Arizona	United States	1
2020-04-01	world coronavirus numbers	False	Pennsylvania	United States	1
2020-04-01	number of coronavirus cases by state	False	Florida	United States	2
2020-04-01	coronavirus a toulouse	False	Occitanie	France	1
2020-04-01	coronavirus updates map	False	New York	United States	1
2020-04-01	coronavirus update	False	Catalonia	Spain	1
2020-04-01	cruise ship coronavirus	False	Connecticut	United States	1
2020-04-01	covid 19 symptoms	False	Glasgow City	United Kingdom	9
2020-04-01	coronavirus united states update	False	Jiangsu	China	1
2020-04-01	hopkins coronavirus	False	Missouri	United States	1
2020-04-01	can you get coronavirus twice	False	Maryland	United States	1
2020-04-01	コロナ　症状	True	Ehime	Japan	1
2020-04-01	coronavirus symptoms	False	Greater Manchester	United Kingdom	14
2020-04-01	us cases of coronavirus	False	New York	United States	1
2020-04-01	corona virus map	False	Florida	United States	4
2020-04-01	shelter in place states	True	Minnesota	United States	2
2020-04-01	coronavirus.gov	False	Indiana	United States	2
2020-04-01	segurança social	True	Setubal	Portugal	1
2020-04-01	dvla	True	Wokingham	United Kingdom	7
2020-04-01	hmrc furlough	True	Worcestershire	United Kingdom	4
2020-04-01	doh florida coronavirus	False	Florida	United States	1
2020-04-01	public health england	True	Cardiff	United Kingdom	3
2020-04-01	coronavirus actualités	False	Occitanie	France	1
2020-04-01	novel coronavirus	False	Florida	United States	1
2020-04-01	how long does coronavirus last	False	Missouri	United States	2
2020-04-01	free crocs	True	Iowa	United States	1
2020-04-01	coronavirus update	False	Guangxi Zhuang	China	1
2020-04-01	world health organization coronavirus	False	Pennsylvania	United States	1
2020-04-01	coronavirus ultima hora	False	Catalonia	Spain	1
2020-04-01	corona virus memes	False	Florida	United States	1
2020-04-01	コロナ	True	Ehime	Japan	100
2020-04-01	gov.uk/coronavirus	False	Worcestershire	United Kingdom	4
2020-04-01	ct corona virus update	False	Connecticut	United States	2
2020-04-01	coronavirus angleterre	False	Occitanie	France	1
2020-04-01	coronavirus update	False	Jiangsu	China	19
2020-04-01	how long does coronavirus live on paper	False	Missouri	United States	1
2020-04-01	canada coronavirus	False	Maryland	United States	1
2020-04-01	north korea coronavirus	False	Florida	United States	1
2020-04-01	coronavirus stats	False	Greater Manchester	United Kingdom	6
2020-04-01	coronavirus update	False	Gujarat	India	3
2020-04-01	corona virus miami	False	Florida	United States	1
2020-04-01	miur	True	Latium	Italy	22
2020-04-01	coronavirus síntomas	False	Catalonia	Spain	1
2020-04-01	thl korona	True	Pirkanmaa	Finland	100
2020-04-01	currys pc world	True	Wokingham	United Kingdom	14
2020-04-01	coronavirus ariege	False	Occitanie	France	1
2020-04-01	coronavirus updates	False	Donets'ka Oblast'	Ukraine	1
2020-04-01	phonics play	True	Cardiff	United Kingdom	4
2020-04-01	face masks	True	Buckinghamshire	United Kingdom	11
2020-04-01	gov.uk	True	Worcestershire	United Kingdom	14
2020-04-01	how long does coronavirus live on surfaces	False	Missouri	United States	4
2020-04-01	can you get coronavirus twice	False	Minnesota	United States	1
2020-04-01	tui	True	Hesse	Germany	5
2020-04-01	world map of coronavirus	False	Pennsylvania	United States	1
2020-04-01	corona virus new york	False	Florida	United States	1
2020-04-01	north carolina stay at home order	True	Florida	United States	1
2020-04-01	swine flu deaths	True	North Carolina	United States	1
2020-04-01	coronavirus statistics	False	Catalonia	Spain	1
2020-04-01	ct coronavirus	False	Connecticut	United States	41
2020-04-01	losartan coronavirus	False	Minnesota	United States	1
2020-04-01	coronavirus updates	False	Jiangsu	China	100
2020-04-01	coronavirus aude	False	Occitanie	France	1
2020-04-01	cardi b coronavirus	False	Maryland	United States	1
2020-04-01	how long will coronavirus outbreak last	False	Missouri	United States	1
2020-04-01	coronavirus statistics uk	False	Greater Manchester	United Kingdom	1
2020-04-01	uk deaths from coronavirus	False	London	United Kingdom	2
2020-04-01	édouard philippe	True	Brittany	France	2
2020-04-01	san bernardino county coronavirus	False	California	United States	7
2020-04-01	gov uk coronavirus	False	Worcestershire	United Kingdom	7
2020-04-01	koronavirus	True	Pirkanmaa	Finland	1
2020-04-01	covid 19	False	Wokingham	United Kingdom	14
2020-04-01	corona virus news	False	Florida	United States	1
2020-04-01	coronavirus aveyron	False	Occitanie	France	1
2020-04-01	pets at home	True	Cardiff	United Kingdom	17
2020-04-01	north carolina coronavirus	False	Florida	United States	1
2020-04-01	coronavirus noticias última hora	False	Catalonia	Spain	1
2020-04-01	how many cases of coronavirus	False	Missouri	United States	1
2020-04-01	latest on coronavirus	False	California	United States	1
2020-04-01	latest corona virus news	False	California	United States	1
2020-04-01	world meter coronavirus	False	Pennsylvania	United States	1
2020-04-01	corona virus numbers	False	Florida	United States	1
2020-04-01	www.gouvernement.fr	True	Brittany	France	2
2020-04-01	furloughed worker uk	True	Worcestershire	United Kingdom	16
2020-04-01	coronavirus chine	False	Occitanie	France	2
2020-04-01	ct coronavirus by town	False	Connecticut	United States	3
2020-04-01	coronavirus worldometer	False	Florida	United States	2
2020-04-01	coronavirus usa	False	Jiangsu	China	2
2020-04-01	jobseeker payment	True	Western Australia	Australia	17
2020-04-01	care act	True	Maryland	United States	4
2020-04-01	how many cases of coronavirus in missouri	False	Missouri	United States	2
2020-04-01	coronavirus statistics	False	Greater Manchester	United Kingdom	5
2020-04-01	stimulus package	True	North Carolina	United States	6
2020-04-01	nj coronavirus update	False	Florida	United States	1
2020-04-01	coronavirus in hawaii update	False	California	United States	1
2020-04-01	coronavirus noticias	False	Catalonia	Spain	1
2020-04-01	coronavirus updates	False	Ouest	Haiti	25
2020-04-01	coronavirus uk	False	Wokingham	United Kingdom	24
2020-04-01	corona virus statistics	False	Florida	United States	2
2020-04-01	volotea	True	Brittany	France	2
2020-04-01	ocado	True	Cardiff	United Kingdom	10
2020-04-01	coronavirus conseils	False	Occitanie	France	1
2020-04-01	山中伸弥	True	Gifu	Japan	3
2020-04-01	furlough scheme	True	Worcestershire	United Kingdom	11
2020-04-01	mascherine	True	Campania	Italy	2
2020-04-01	n95 mask	True	Colorado	United States	4
2020-04-01	worldometer	True	Pennsylvania	United States	6
2020-04-01	how many coronavirus cases	False	Missouri	United States	4
2020-04-01	corona virus stats	False	Florida	United States	1
2020-04-01	face mask pattern free	True	Florida	United States	4
2020-04-01	new york coronavirus update	False	Florida	United States	2
2020-04-01	ct coronavirus cases	False	Connecticut	United States	2
2020-04-01	carte coronavirus	False	Burgundy-Franche-Comte	France	2
2020-04-01	covid 19	False	Jiangsu	China	10
2020-04-01	coronavirus navarra	False	Catalonia	Spain	1
2020-04-01	cares act	True	Maryland	United States	6
2020-04-01	coronavirus dans le monde	False	Occitanie	France	1
2020-04-01	coronavirus spain	False	Greater Manchester	United Kingdom	2
2020-04-01	uk government coronavirus update	False	London	United Kingdom	1
2020-04-01	urssaf	True	Brittany	France	14
2020-04-01	malaria drug for coronavirus	False	Minnesota	United States	1
2020-04-01	how many coronavirus cases in missouri	False	Missouri	United States	2
2020-04-01	coronavirus update	False	Ouest	Haiti	1
2020-04-01	coronavirus	False	Wokingham	United Kingdom	59
2020-04-01	dvla	True	Worcestershire	United Kingdom	8
2020-04-01	svt nyheter	True	Varmland County	Sweden	42
2020-04-01	nhs 111	True	Cardiff	United Kingdom	4
2020-04-01	corona virus stimulus check	False	Florida	United States	1
2020-04-01	casos de coronavirus en argentina	False	Buenos Aires	Argentina	2
2020-04-01	florida corona virus cases	False	Florida	United States	1
2020-04-01	cases of coronavirus in us	False	Illinois	United States	1
2020-04-01	ontario covid19	False	Ontario	Canada	3
2020-04-01	worldometer coronavirus	False	Pennsylvania	United States	12
2020-04-01	casos de coronavirus en el mundo	False	Buenos Aires	Argentina	2
2020-04-01	new york coronavirus cases	False	Florida	United States	1
2020-04-01	covid 19 canada	False	Prince Edward Island	Canada	22
2020-04-01	certificado de circulacion covid 19	False	Buenos Aires	Argentina	2
2020-04-01	ct coronavirus confirmed cases	False	Connecticut	United States	7
2020-04-01	coronavirus dans le tarn 81	False	Occitanie	France	1
2020-04-01	covid19	False	Jiangsu	China	4
2020-04-01	coronavirus mundo	False	Catalonia	Spain	1
2020-04-01	cares act 2020	True	Maryland	United States	18
2020-04-01	certificado unico habilitante para circulacion	True	Buenos Aires	Argentina	33
2020-04-01	coronavirus numbers	False	Greater Manchester	United Kingdom	2
2020-04-01	covid 19 death toll	False	Ontario	Canada	1
2020-04-01	how many deaths from coronavirus	False	Missouri	United States	1
2020-04-01	jyllandsposten	True	Central Jutland	Denmark	100
2020-04-01	certificado único habilitante para circulación	True	Buenos Aires	Argentina	19
2020-04-01	coronavirus	False	Ouest	Haiti	100
2020-04-01	companies house beta	True	Wokingham	United Kingdom	24
2020-04-01	symptôme coronavirus	False	Brittany	France	3
2020-04-01	coronavirus worldometer	False	Indiana	United States	1
2020-04-01	nationwide building society	True	Cardiff	United Kingdom	8
2020-04-01	corona virus	False	Buenos Aires	Argentina	7
2020-04-01	coronavirus news	False	Vienna	Austria	9
2020-04-01	coronavirus	False	Al Fujayrah	United Arab Emirates	100
2020-04-01	covid 19	False	Arizona	United States	11
2020-04-01	coronavirus updates italy	False	New York	United States	1
2020-04-01	worldometer coronavirus usa	False	Pennsylvania	United States	1
2020-04-01	debenhams uk	True	Worcestershire	United Kingdom	3
2020-04-01	coronavirus	False	Buenos Aires	Argentina	58
2020-04-01	nyheter idag	True	Varmland County	Sweden	1
2020-04-01	corona virus symptoms	False	Florida	United States	3
2020-04-01	ct coronavirus deaths	False	Connecticut	United States	1
2020-04-01	indiana coronavirus count	False	Indiana	United States	1
2020-04-01	how coronavirus could affect donald trump’s re-election	False	Jiangsu	China	2
2020-04-01	coronavirus update	False	Al Fujayrah	United Arab Emirates	100
2020-04-01	cases of coronavirus in maryland	False	Maryland	United States	1
2020-04-01	coronavirus argentina	False	Buenos Aires	Argentina	24
2020-04-01	coronavirus news	False	Greater Manchester	United Kingdom	2
2020-04-01	covid 19 scotland	False	Glasgow City	United Kingdom	6
2020-04-01	coronavirus	False	Indiana	United States	59
2020-04-01	flu deaths 2020	True	Iowa	United States	1
2020-04-01	coronavirus updates	False	Al Fujayrah	United Arab Emirates	1
2020-04-01	covid-19	False	Kolamba	Sri Lanka	1
2020-04-01	companies house	True	Wokingham	United Kingdom	100
2020-04-01	coronavirus eeuu	False	Buenos Aires	Argentina	1
2020-04-01	coronavirus direct	False	Occitanie	France	1
2020-04-01	morrisons	True	Cardiff	United Kingdom	64
2020-04-01	new york coronavirus	False	Florida	United States	3
2020-04-01	corona virus	False	Delhi	India	8
2020-04-01	coronavirus en argentina	False	Buenos Aires	Argentina	4
2020-04-01	us chamber of commerce	True	New York	United States	1
2020-04-01	companies house	True	Staffordshire	United Kingdom	63
2020-04-01	worldometers coronavirus	False	Pennsylvania	United States	1
2020-04-01	corona virus cases in india	False	Delhi	India	2
2020-04-01	coronavirus mapa	False	Catalonia	Spain	1
2020-04-01	governor desantis	True	Florida	United States	41
2020-04-01	how many people have died from coronavirus	False	Missouri	United States	3
2020-04-01	ct coronavirus map	False	Connecticut	United States	1
2020-04-01	coronavirus prevention	False	Gujarat	India	4
2020-04-01	johns hopkins coronavirus	False	Jiangsu	China	2
2020-04-01	coronavirus en ecuador	False	Buenos Aires	Argentina	3
2020-04-01	cdc coronavirus	False	Maryland	United States	5
2020-04-01	corona virus testing	False	Florida	United States	1
2020-04-01	coronavirus map uk	False	Greater Manchester	United Kingdom	2
2020-04-01	coronavirus updates	False	Guangxi Zhuang	China	100
2020-04-01	corona virus in india	False	Delhi	India	2
2020-04-01	coronavirus in california update	False	California	United States	1
2020-04-01	coronavirus en eeuu	False	Buenos Aires	Argentina	2
2020-04-01	coronavirus updates	False	Kolamba	Sri Lanka	100
2020-04-01	b&q	True	Wokingham	United Kingdom	28
2020-04-01	statistiques coronavirus	False	Brittany	France	1
2020-04-01	corona virus india	False	Delhi	India	3
2020-04-01	martin lewis money saving expert	True	Cardiff	United Kingdom	4
2020-04-01	domestic flights	True	Florida	United States	1
2020-04-01	coronavirus en el mundo	False	Buenos Aires	Argentina	5
2020-04-01	currys pc world	True	Worcestershire	United Kingdom	29
2020-04-01	covid 19 update	False	London	United Kingdom	1
2020-04-01	covid 19 symptoms	False	Maine	United States	1
2020-04-01	worldometers.info/coronavirus	False	Pennsylvania	United States	1
2020-04-01	corona virus update	False	Delhi	India	35
2020-04-01	coronavirus hoy	False	Buenos Aires	Argentina	2
2020-04-01	john hopkins coronavírus	False	Sao Paulo	Brazil	3
2020-04-01	folkhälsomyndigheten se	True	Varmland County	Sweden	64
2020-04-01	ct coronavirus update	False	Connecticut	United States	2
2020-04-01	österreich coronavirus	False	Vienna	Austria	5
2020-04-01	us coronavirus cases	False	Jiangsu	China	2
2020-04-01	corona virus update in india	False	Delhi	India	11
2020-04-01	cdc coronavirus map	False	Maryland	United States	1
2020-04-01	coronavirus italia	False	Buenos Aires	Argentina	3
2020-04-01	coronavirus map	False	Greater Manchester	United Kingdom	2
2020-04-01	worldometer coronavirus	False	Eastern Province	Saudi Arabia	1
2020-04-01	coronavirus en espagne	False	Occitanie	France	1
2020-04-01	mappa coronavirus	False	Campania	Italy	4
2020-04-01	coronavirus map update	False	Indiana	United States	1
2020-04-01	coronavirus update	False	Kolamba	Sri Lanka	36
2020-04-01	coronavirus updates	False	Sabah	Malaysia	1
2020-04-01	coronavirus	False	Delhi	India	77
2020-04-01	coronavirus mapa	False	Buenos Aires	Argentina	2
2020-04-01	martin lewis	True	Cardiff	United Kingdom	4
2020-04-01	coronavirus cases	False	Delhi	India	2
2020-04-01	new york city coronavirus	False	Florida	United States	1
2020-04-01	covid19	False	Buenos Aires	Argentina	4
2020-04-01	pink eye and coronavirus	False	Arizona	United States	1
2020-04-01	louisiana coronavirus	False	Minnesota	United States	1
2020-04-01	worldometers/info/coronavirus	False	Pennsylvania	United States	1
2020-04-01	how to apply for unemployment	True	Missouri	United States	1
2020-04-01	coronavirus cases in delhi	False	Delhi	India	1
2020-04-01	uk deaths from coronavirus today	False	London	United Kingdom	1
2020-04-01	declaración jurada familiar a cargo	True	Buenos Aires	Argentina	1
2020-04-01	ct coronavirus updates	False	Connecticut	United States	5
2020-04-01	how does coronavirus spread	False	New York	United States	1
2020-04-01	冠状病毒	False	Jiangsu	China	19
2020-04-01	coronavirus map	False	Catalonia	Spain	1
2020-04-01	cdc coronavirus update	False	Maryland	United States	24
2020-04-01	coronavirus cases in india	False	Delhi	India	3
2020-04-01	coronavirus manchester	False	Greater Manchester	United Kingdom	2
2020-04-01	coronavirus update	False	Eastern Province	Saudi Arabia	100
2020-04-01	corona virus tracker	False	Florida	United States	1
2020-04-01	antonio guterres coronavirus	False	Idaho	United States	1
2020-04-01	what does covid 19 stand for	False	Missouri	United States	1
2020-04-01	coronavirus	False	Kolamba	Sri Lanka	33
2020-04-01	冠状病毒	False	Liaoning	China	9
2020-04-01	ecuador coronavirus	False	Buenos Aires	Argentina	2
2020-04-01	sfr tv	True	Brittany	France	2
2020-04-01	marks and spencer food delivery	True	Cardiff	United Kingdom	3
2020-04-01	coronavirus delhi update	False	Delhi	India	1
2020-04-01	formulario para circular	True	Buenos Aires	Argentina	1
2020-04-01	coronavirus disease 2019	False	Delhi	India	1
2020-04-01	latest coronavirus map	False	California	United States	1
2020-04-01	stimulus package 2020	True	North Carolina	United States	2
2020-04-01	worldwide coronavirus cases	False	Pennsylvania	United States	1
2020-04-01	imagenes del coronavirus	False	Buenos Aires	Argentina	3
2020-04-01	covid 19	False	Worcestershire	United Kingdom	4
2020-04-01	coronavirus in india	False	Delhi	India	3
2020-04-01	italia coronavirus	False	Buenos Aires	Argentina	1
2020-04-01	ct dph	True	Connecticut	United States	8
2020-04-01	mike dewine	True	Colorado	United States	1
2020-04-01	covid 19 worldometer	False	New South Wales	Australia	5
2020-04-01	folkhälsomyndigheten coronavirus	False	Varmland County	Sweden	5
2020-04-01	cdc covid 19	False	Maryland	United States	1
2020-04-01	coronavirus india	False	Delhi	India	24
2020-04-01	coronavirus live	False	Greater Manchester	United Kingdom	3
2020-04-01	corona virus update	False	Eastern Province	Saudi Arabia	5
2020-04-01	coronavirus en france	False	Occitanie	France	3
2020-04-01	coronavirus stimulus checks	False	Nebraska	United States	2
2020-04-01	mapa coronavirus	False	Buenos Aires	Argentina	7
2020-04-01	covid-19	False	Hawke's Bay	New Zealand	100
2020-04-01	coronavirus updates	False	Liaoning	China	100
2020-04-01	coronavirus india update	False	Delhi	India	2
2020-04-01	mapa de coronavirus	False	Buenos Aires	Argentina	2
2020-04-01	italy coronavirus update	False	Cardiff	United Kingdom	4
2020-04-01	how to file for unemployment	True	Missouri	United States	2
2020-04-01	coronavirus latest news	False	Delhi	India	6
2020-04-01	new orleans coronavirus	False	Florida	United States	1
2020-04-01	joe wicks pe lesson	True	Brighton And Hove	United Kingdom	7
2020-04-01	does alcohol kill coronavirus	False	California	United States	1
2020-04-01	wrestlemania 36	True	Pennsylvania	United States	1
2020-04-01	mapa del coronavirus	False	Buenos Aires	Argentina	3
2020-04-01	coronavirus latest news in india	False	Delhi	India	52
2020-04-01	ministerio de salud	True	Buenos Aires	Argentina	6
2020-04-01	coronavirus lleida	False	Catalonia	Spain	1
2020-04-01	ct dph coronavirus	False	Connecticut	United States	1
2020-04-01	costco senior hours	True	Arizona	United States	8
2020-04-01	coronavirus updates cuomo live	False	New York	United States	1
2020-04-01	corona virus update	False	Florida	United States	10
2020-04-01	cdc guidelines for coronavirus	False	Maryland	United States	2
2020-04-01	coronavirus prevention	False	Delhi	India	5
2020-04-01	coronavirus latest news	False	Greater Manchester	United Kingdom	1
2020-04-01	worldometer coronavirus	False	Belgrade	Serbia	15
2020-04-01	ministerio de salud de la nación	True	Buenos Aires	Argentina	3
2020-04-01	covid 19 deaths	False	Ontario	Canada	1
2020-04-01	mascarillas ffp2	True	Andalusia	Spain	1
2020-04-01	coronavirus updates	False	Hawke's Bay	New Zealand	55
2020-04-01	coronavirus update	False	Liaoning	China	24
2020-04-01	sfr mon compte	True	Brittany	France	14
2020-04-01	coronavirus statistics	False	Delhi	India	1
2020-04-01	how many cases of coronavirus in my area	False	Cardiff	United Kingdom	2
2020-04-01	oms coronavirus	False	Buenos Aires	Argentina	1
2020-04-01	face masks uk	True	Buckinghamshire	United Kingdom	4
2020-04-01	coronavirus update	False	Delhi	India	10
2020-04-01	covid 19 latest	False	Glasgow City	United Kingdom	3
2020-04-01	wuhan	True	Pennsylvania	United States	1
2020-04-01	florida coronavirus update	False	Iowa	United States	4
2020-04-01	coventry building society	True	Worcestershire	United Kingdom	12
2020-04-01	coronavirus latest news in india today	False	Gujarat	India	1
2020-04-01	permiso de circulacion coronavirus	False	Buenos Aires	Argentina	1
2020-04-01	ct unemployment	True	Connecticut	United States	67
2020-04-01	folkhälsomyndigheten	True	Varmland County	Sweden	13
2020-04-01	trump twitter	True	Tennessee	United States	1
2020-04-01	coronavirus update india	False	Delhi	India	2
2020-04-01	cdc guidelines for coronavirus 2020	False	Maryland	United States	1
2020-04-01	permiso de circulación coronavirus	False	Buenos Aires	Argentina	1
2020-04-01	coronavirus en haute garonne	False	Occitanie	France	1
2020-04-01	coronavirus latest	False	Greater Manchester	United Kingdom	10
2020-04-01	coronavirus worldometer	False	Delhi	India	9
2020-04-01	us coronavirus	False	New York	United States	1
2020-04-01	coronavirus ohio	False	Indiana	United States	1
2020-04-01	covid19.rs	False	Belgrade	Serbia	29
2020-04-01	coronavirus update	False	Hawke's Bay	New Zealand	1
2020-04-01	coronavirus wikipedia	False	Florida	United States	1
2020-04-01	coronavirus united states	False	Liaoning	China	1
2020-04-01	how to make a face mask	True	Missouri	United States	6
2020-04-01	マスク	True	Gifu	Japan	70
2020-04-01	permiso de transito provincia de buenos aires	True	Buenos Aires	Argentina	2
2020-04-01	home bargains	True	Cardiff	United Kingdom	8
2020-04-01	covid19 in nc	False	North Carolina	United States	1
2020-04-01	wuhan china	True	Pennsylvania	United States	1
2020-04-01	covid 19	False	Delhi	India	13
2020-04-01	coronavirus últimas noticias	False	Santiago Metropolitan	Chile	17
2020-04-01	covid 19 pei	False	Prince Edward Island	Canada	15
2020-04-01	permiso para circular	True	Buenos Aires	Argentina	100
2020-04-01	ct.gov coronavirus	False	Connecticut	United States	1
2020-04-01	new jersey coronavirus	False	Florida	United States	1
2020-04-01	covid 19	False	Guangxi Zhuang	China	1
2020-04-01	covid 19 cases in india	False	Delhi	India	2
2020-04-01	cdc recommendations coronavirus	False	Maryland	United States	1
2020-04-01	corona virus update florida	False	Florida	United States	1
2020-04-01	permiso para circular corona virus	False	Buenos Aires	Argentina	1
2020-04-01	coronavirus live	False	Catalonia	Spain	1
2020-04-01	covid 19 india	False	Delhi	India	31
2020-04-01	us coronavirus map	False	New York	United States	1
2020-04-01	blanquer	True	Burgundy-Franche-Comte	France	1
2020-04-01	coronavirus job retention scheme	False	Greater Manchester	United Kingdom	3
2020-04-01	coronavirus updates	False	Belgrade	Serbia	100
2020-04-01	indiana coronavirus deaths	False	Indiana	United States	1
2020-04-01	coronavirus	False	Entre Rios	Argentina	1
2020-04-01	coronavirus	False	Liaoning	China	33
2020-04-01	permiso para circular coronavirus	False	Buenos Aires	Argentina	4
2020-04-01	governor desantis coronavirus	False	Florida	United States	2
2020-04-01	covid 19 tracker	False	Delhi	India	10
2020-04-01	johns hopkins coronavirus	False	Maine	United States	3
2020-04-01	wv coronavirus	False	Pennsylvania	United States	1
2020-04-01	hmrc login	True	Cardiff	United Kingdom	30
2020-04-01	coronavirus en italie	False	Occitanie	France	1
2020-04-01	santé publique france coronavirus	False	Brittany	France	1
2020-04-01	permiso para circular covid 19	False	Buenos Aires	Argentina	5
2020-04-01	ct.gov/coronavirus	False	Connecticut	United States	3
2020-04-01	mot check	True	Norfolk	United Kingdom	2
2020-04-01	coronavirus in california	False	California	United States	2
2020-04-01	mappa contagio coronavirus	False	Campania	Italy	3
2020-04-01	cdc.gov corona virus	False	Maryland	United States	1
2020-04-01	covid 19 tracker india	False	Delhi	India	100
2020-04-01	permiso para circular covid19	False	Buenos Aires	Argentina	1
2020-04-01	covid 19 tracker world	False	Delhi	India	11
2020-04-01	coronavirus update	False	Worcestershire	United Kingdom	12
2020-04-01	lysol	True	Minnesota	United States	1
2020-04-01	fauci	True	Florida	United States	1
2020-04-01	permiso para circular por el coronavirus	False	Buenos Aires	Argentina	1
2020-04-01	coronavirus italy	False	Greater Manchester	United Kingdom	3
2020-04-01	sozialministerium coronavirus	False	Vienna	Austria	12
2020-04-01	coronavirus update	False	Belgrade	Serbia	1
2020-04-01	coronavirus updates	False	Bratislava	Slovak Republic	67
2020-04-01	expressen	True	Varmland County	Sweden	100
2020-04-01	uk gov coronavirus	False	London	United Kingdom	1
2020-04-01	covid 19	False	Jiangxi	China	1
2020-04-01	clorox disinfecting wipes	True	North Dakota	United States	1
2020-04-01	www.cdc.gov/coronavirus/2019	False	Pennsylvania	United States	1
2020-04-01	covid19	False	Delhi	India	14
2020-04-01	hmrc furlough	True	Cardiff	United Kingdom	4
2020-04-01	microban 24	True	Colorado	United States	1
2020-04-01	permiso unico para circular	True	Buenos Aires	Argentina	23
2020-04-01	cuomo	True	Connecticut	United States	3
2020-04-01	itália coronavírus	False	Sao Paulo	Brazil	4
2020-04-01	latest coronavirus news	False	California	United States	2
2020-04-01	how to make a mask for coronavirus	False	Missouri	United States	2
2020-04-01	cecil county health department	True	Maryland	United States	1
2020-04-01	covid19 india	False	Delhi	India	9
2020-04-01	student loans coronavirus	False	North Carolina	United States	1
2020-04-01	john hopkins coronavirus map	False	Western Australia	Australia	16
2020-04-01	que es el coronavirus	False	Buenos Aires	Argentina	6
2020-04-01	tui cruises	True	Hesse	Germany	2
2020-04-01	what counties in missouri have coronavirus	False	Missouri	United States	1
2020-04-01	corona virus updates	False	Florida	United States	1
2020-04-01	covid19india	False	Delhi	India	3
2020-04-01	solicitud de certificado unico habilitante para circulacion	True	Buenos Aires	Argentina	4
2020-04-01	coronavirus in your area	False	Greater Manchester	United Kingdom	1
2020-04-01	coronavirus	False	Belgrade	Serbia	29
2020-04-01	nevada coronavirus	False	Florida	United States	1
2020-04-01	covid19india.org	False	Delhi	India	22
2020-04-01	coronavirus map	False	Bratislava	Slovak Republic	17
2020-04-01	rz mask	True	Tennessee	United States	1
2020-04-01	www.covid19.healthdata.org	False	Pennsylvania	United States	1
2020-04-01	coronavirus updates	False	Jiangxi	China	100
2020-04-01	solicitud de permisos de tránsito	True	Buenos Aires	Argentina	15
2020-04-01	coronavirus la vanguardia	False	Catalonia	Spain	1
2020-04-01	india corona virus update	False	Delhi	India	5
2020-04-01	cuomo coronavirus	False	Connecticut	United States	1
2020-04-01	san bernardino county coronavirus by city	False	California	United States	1
2020-04-01	coronavirusnow.com	False	Arizona	United States	1
2020-04-01	gov.uk/coronavirus	False	Cardiff	United Kingdom	4
2020-04-01	celebrities with coronavirus	False	Maryland	United States	1
2020-04-01	síntomas del coronavirus	False	Buenos Aires	Argentina	4
2020-04-01	coronavirus en occitanie	False	Occitanie	France	2
2020-04-01	coronavirus updates cnn	False	New York	United States	1
2020-04-01	india coronavirus	False	Delhi	India	2
2020-04-01	covid 19	False	Glasgow City	United Kingdom	20
2020-04-01	ffcra	True	Iowa	United States	3
2020-04-01	santé publique france	True	Brittany	France	4
2020-04-01	coronavirus	False	Demerara-Mahaica	Guyana	35
2020-04-01	covid 19 deaths in canada	False	Ontario	Canada	1
2020-04-01	florida corona virus	False	Florida	United States	3
2020-04-01	coronavirus in my area	False	Greater Manchester	United Kingdom	2
2020-04-01	italy coronavirus news	False	Delhi	India	3
2020-04-01	christophe	True	Normandy	France	6
2020-04-01	work and income nz govt	True	Auckland	New Zealand	2
2020-04-01	coronavirus latest news in india	False	Gujarat	India	74
2020-04-01	www.irs.gov/coronavirus	False	Pennsylvania	United States	1
2020-04-01	coronavirus	False	Bratislava	Slovak Republic	100
2020-04-01	coronavirus	False	Jiangxi	China	13
2020-04-01	coronavirus update	False	Demerara-Mahaica	Guyana	5
2020-04-01	coronavirus world meter	False	Indiana	United States	1
2020-04-01	dr birx	True	Connecticut	United States	1
2020-04-01	coronavirus uk	False	Worcestershire	United Kingdom	38
2020-04-01	cdc coronavirus	False	Illinois	United States	4
2020-04-01	john hopkins coronavirus tracker	False	Delhi	India	3
2020-04-01	cepheid	True	Maryland	United States	1
2020-04-01	coronavirus	False	Varmland County	Sweden	4
2020-04-01	gov.uk	True	Cardiff	United Kingdom	28
2020-04-01	coronavirus updates	False	Demerara-Mahaica	Guyana	100
2020-04-01	how to make hand sanitizer	True	Missouri	United States	5
2020-04-01	coronavirus in arizona	False	California	United States	1
2020-04-01	covid 19 update	False	Prince Edward Island	Canada	65
2020-04-01	ontario government coronavirus	False	Ontario	Canada	1
2020-04-01	kanika kapoor	True	Delhi	India	3
2020-04-01	who coronavirus update	False	Demerara-Mahaica	Guyana	1
2020-04-01	corona virus usa	False	Florida	United States	1
2020-04-01	latest update on coronavirus in india	False	Delhi	India	6
2020-04-01	coronavirus updates	False	Dnipropetrovsk	Ukraine	1
2020-04-01	coronavirus vaccine	False	Florida	United States	1
2020-04-01	coronavirus figures	False	Greater Manchester	United Kingdom	1
2020-04-01	us coronavirus cases	False	New York	United States	3
2020-04-01	covid 19 worldwide	False	Ontario	Canada	1
2020-04-01	wage subsidy	True	Auckland	New Zealand	10
2020-04-01	corona virus map	False	Bratislava	Slovak Republic	1
2020-04-01	indiana coronavirus map	False	Indiana	United States	8
2020-04-01	ministry of health and family welfare india	True	Delhi	India	3
2020-04-01	dr fauci	True	Connecticut	United States	3
2020-04-01	governor desantis coronavirus update	False	Florida	United States	1
2020-04-01	istituto superiore di sanità	True	Campania	Italy	2
2020-04-01	冠状病毒	False	Beijing	China	3
2020-04-01	china coronavirus	False	Maryland	United States	1
2020-04-01	corona virus update	False	Kingston	Jamaica	6
2020-04-01	netherlands coronavirus	False	Florida	United States	1
2020-04-01	gov uk coronavirus	False	Cardiff	United Kingdom	5
2020-04-01	mohfw	True	Delhi	India	11
2020-04-01	冠状病毒	False	Guangxi Zhuang	China	58
2020-04-01	bilan coronavirus	False	Burgundy-Franche-Comte	France	1
2020-04-01	coronavirus espagne	False	Occitanie	France	3
2020-04-01	covid 19 deaths per country	False	Ontario	Canada	1
2020-04-01	coronavirus	False	Kingston	Jamaica	34
2020-04-01	coronavirus italia última hora	False	Catalonia	Spain	1
2020-04-01	pakistan coronavirus	False	Delhi	India	1
2020-04-01	coronavirus statistics	False	Kingston	Jamaica	1
2020-04-01	how to recover from coronavirus spread	False	Missouri	United States	1
2020-04-01	sensex	True	Delhi	India	16
2020-04-01	south australia coronavirus update	False	South Australia	Australia	3
2020-04-01	treatment for coronavirus	False	Florida	United States	1
2020-04-01	coronavirus deaths uk	False	Greater Manchester	United Kingdom	3
2020-04-01	john hopkins coronavirus map	False	Auckland	New Zealand	3
2020-04-01	michigan coronavirus update	False	Colorado	United States	1
2020-04-01	pape diouf	True	Brittany	France	15
2020-04-01	drudge report 2020	True	Connecticut	United States	4
2020-04-01	coronavirusnow	False	Arizona	United States	1
2020-04-01	lysol spray	True	Minnesota	United States	1
2020-04-01	wuhan	True	Beijing	China	2
2020-04-01	china coronavirus update	False	Maryland	United States	2
2020-04-01	coronavirus update	False	Kingston	Jamaica	52
2020-04-01	total coronavirus cases in india	False	Delhi	India	4
2020-04-01	furloughed worker uk	True	Cardiff	United Kingdom	10
2020-04-01	coronavirus updates	False	Kingston	Jamaica	100
2020-04-01	uk government coronavirus	False	London	United Kingdom	1
2020-04-01	coronavirus nyheter	False	Stockholm County	Sweden	1
2020-04-01	coronavirus schweden	False	Vienna	Austria	2
2020-04-01	coronavirus updates by state	False	New York	United States	1
2020-04-01	gráfico coronavírus	False	Sao Paulo	Brazil	2
2020-04-01	coronavirus symptoms	False	Worcestershire	United Kingdom	6
2020-04-01	usa coronavirus	False	Delhi	India	3
2020-04-01	aftonbladet senaste nytt	True	Varmland County	Sweden	55
2020-04-01	what are the symptoms of the coronavirus	False	Missouri	United States	2
2020-04-01	coronavirus updates today	False	Kingston	Jamaica	1
2020-04-01	latest coronavirus numbers	False	California	United States	1
2020-04-01	surgeon general	True	North Carolina	United States	1
2020-04-01	coronavirus deaths	False	Greater Manchester	United Kingdom	2
2020-04-01	covid-19	False	Auckland	New Zealand	87
2020-04-01	coronavirus	False	Florida	United States	65
2020-04-01	worldometer coronavirus	False	Delhi	India	2
2020-04-01	easter 2020	True	Connecticut	United States	9
2020-04-01	covid 19	False	Kingston	Jamaica	5
2020-04-01	coventry building society	True	Glasgow City	United Kingdom	6
2020-04-01	worldometer coronavirus	False	Beijing	China	2
2020-04-01	chloroquine coronavirus	False	Maryland	United States	1
2020-04-01	coronavirus by country	False	Indiana	United States	1
2020-04-01	worldometers corona virus	False	Delhi	India	71
2020-04-01	dvla	True	Cardiff	United Kingdom	10
2020-04-01	jamaica coronavirus update	False	Kingston	Jamaica	2
2020-04-01	stimulus package	True	Arizona	United States	8
2020-04-01	coronavirus etats unis	False	Occitanie	France	1
2020-04-01	fauci	True	Iowa	United States	1
2020-04-01	coronavirus latest news	False	Gujarat	India	8
2020-04-01	corona virus missouri	False	Missouri	United States	2
2020-04-01	www.covid19india.org	False	Delhi	India	2
2020-04-01	symptoms of coronavirus	False	Kingston	Jamaica	3
2020-04-01	ncov2019.live	True	Florida	United States	1
2020-04-01	b&q	True	Flintshire	United Kingdom	24
2020-04-01	coronavirus death toll	False	Greater Manchester	United Kingdom	5
2020-04-01	coronavirus symptoms	False	Nebraska	United States	9
2020-04-01	coronavirus image	False	California	United States	1
2020-04-01	coronavirus updates	False	Auckland	New Zealand	100
2020-04-01	who coronavirus update	False	Beijing	China	3
2020-04-01	covid 19 deaths in ontario	False	Ontario	Canada	1
2020-04-01	hydroxychloroquine coronavirus	False	Missouri	United States	1
2020-04-01	face mask pattern free	True	Connecticut	United States	3
2020-04-01	inps covid19	False	Campania	Italy	3
2020-04-01	michael osterholm	True	Colorado	United States	1
2020-04-01	worldometer coronavirus	False	Kingston	Jamaica	3
2020-04-01	chris cuomo coronavirus	False	Maryland	United States	3
2020-04-01	coronavirus italia	False	Catalonia	Spain	2
2020-04-01	currys pc world	True	Cardiff	United Kingdom	17
2020-04-01	lloyds business banking	True	Brighton And Hove	United Kingdom	3
2020-04-01	companies house	True	Flintshire	United Kingdom	16
2020-04-01	covid19	False	Santiago Metropolitan	Chile	29
2020-04-01	coronavirus.gov	False	Arizona	United States	1
2020-04-01	us coronavirus deaths	False	New York	United States	1
2020-04-01	companies house beta	True	Moray	United Kingdom	1
2020-04-01	mapa coronavirus	False	Guanajuato	Mexico	2
2020-04-01	coronavirus airborne	False	Florida	United States	1
2020-04-01	coronavirus	False	Flintshire	United Kingdom	24
2020-04-01	pajemploi assistante maternelle	True	Brittany	France	6
2020-04-01	coronavirus data	False	Greater Manchester	United Kingdom	1
2020-04-01	coronavirus update	False	Auckland	New Zealand	29
2020-04-01	coronavirus updates	False	New York	United States	100
2020-04-01	abc mouse free subscription	True	Idaho	United States	3
2020-04-01	what is coronavirus	False	Beijing	China	2
2020-04-01	tesco home delivery	True	Moray	United Kingdom	100
2020-04-01	dominican republic coronavirus	False	Florida	United States	1
2020-04-01	currys pc world	True	Flintshire	United Kingdom	1
2020-04-01	face masks	True	Connecticut	United States	7
2020-04-01	john hopkins coronavirus map	False	Prince Edward Island	Canada	15
2020-04-01	sweden coronavirus	False	North Carolina	United States	2
2020-04-01	covid 19 tracker	False	Cardiff	United Kingdom	3
2020-04-01	clorox disinfecting wipes	True	Maryland	United States	2
2020-04-01	coronavirus latest	False	Worcestershire	United Kingdom	2
2020-04-01	covid 19 test	False	California	United States	1
2020-04-01	covid 19 wikipedia	False	New South Wales	Australia	1
2020-04-01	dvla	True	Flintshire	United Kingdom	1
2020-04-01	coronavirus worldometer	False	Glasgow City	United Kingdom	4
2020-04-01	1177	True	Varmland County	Sweden	25
2020-04-01	coronavirus france	False	Occitanie	France	21
2020-04-01	hmrc login	True	Flintshire	United Kingdom	1
2020-04-01	coronavirus usa update	False	Florida	United States	1
2020-04-01	morrisons	True	Flintshire	United Kingdom	31
2020-04-01	coronavirus count	False	Greater Manchester	United Kingdom	1
2020-04-01	ides illinois unemployment	True	Missouri	United States	3
2020-04-01	coronavirus united states	False	Auckland	New Zealand	1
2020-04-01	us coronavirus cases	False	Beijing	China	1
2020-04-01	latest news on coronavirus	False	California	United States	1
2020-04-01	lysol wipes	True	Minnesota	United States	1
2020-04-01	sainsburys groceries	True	Flintshire	United Kingdom	54
2020-04-01	covid 19	False	Cardiff	United Kingdom	9
2020-04-01	indiana coronavirus map update	False	Indiana	United States	1
2020-04-01	navy ship quarantined	True	Florida	United States	1
2020-04-01	face masks for coronavirus	False	Connecticut	United States	4
2020-04-01	governor desantis executive order coronavirus	False	Florida	United States	1
2020-04-01	uk government coronavirus advice	False	London	United Kingdom	1
2020-04-01	mascarillas coronavirus	False	Andalusia	Spain	1
2020-04-01	clorox wipes	True	Maryland	United States	5
2020-04-01	screwfix	True	Flintshire	United Kingdom	54
2020-04-01	coronavirus stats	False	North Carolina	United States	2
2020-04-01	coronavirus alabama	False	Florida	United States	1
2020-04-01	coronavirus hoy	False	Catalonia	Spain	1
2020-04-01	russia coronavirus	False	Tennessee	United States	1
2020-04-01	bac 2020	True	Burgundy-Franche-Comte	France	3
2020-04-01	tesco home delivery	True	Flintshire	United Kingdom	100
2020-04-01	coronavirus france nombre de cas	False	Occitanie	France	1
2020-04-01	coronavirus	False	Grad Skopje	Macedonia	1
2020-04-01	coronavirus cases uk	False	Greater Manchester	United Kingdom	2
2020-04-01	coronavirus nz	False	Auckland	New Zealand	8
2020-04-01	pajemploi	True	Brittany	France	83
2020-04-01	turkmenistan coronavirus word	False	Beijing	China	2
2020-04-01	coronavirus updates	False	Grad Skopje	Macedonia	100
2020-04-01	trump coronavirus	False	Arizona	United States	1
2020-04-01	covid 19 update australia	False	New South Wales	Australia	2
2020-04-01	coronavirus wales	False	Cardiff	United Kingdom	12
2020-04-01	families first coronavirus response act	False	Iowa	United States	4
2020-04-01	symptoms of coronavirus	False	Buckinghamshire	United Kingdom	4
2020-04-01	coronavirus	False	Worcestershire	United Kingdom	57
2020-04-01	families first coronavirus response act	False	Connecticut	United States	4
2020-04-01	mascarillas	True	Andalusia	Spain	1
2020-04-01	coronavirus india update	False	Gujarat	India	4
2020-04-01	türkei coronavirus	False	Hesse	Germany	1
2020-04-01	colton underwood	True	Maryland	United States	1
2020-04-01	coronavirus	False	Kosice	Slovak Republic	100
2020-04-01	worldometer coronavirus	False	South Lanarkshire	United Kingdom	1
2020-04-01	ihme	True	Missouri	United States	2
2020-04-01	koronavirus	True	Kosice	Slovak Republic	1
2020-04-01	https://covid19.healthdata.org/projections	False	New York	United States	1
2020-04-01	michigan coronavirus	False	New York	United States	1
2020-04-01	furlough scheme	True	Buckinghamshire	United Kingdom	18
2020-04-01	coronavirus cases in my area	False	Greater Manchester	United Kingdom	3
2020-04-01	ausgangssperre	True	Berlin	Germany	1
2020-04-01	coronavirus map	False	Auckland	New Zealand	1
2020-04-01	spanish flu	True	Beijing	China	1
2020-04-01	coronavirus	False	Wielkopolskie	Poland	8
2020-04-01	coronavirus brevard county	False	Florida	United States	1
2020-04-01	coronavirus update	False	Cardiff	United Kingdom	9
2020-04-01	maine unemployment	True	Maine	United States	31
2020-04-01	ron desantis coronavirus	False	Tennessee	United States	7
2020-04-01	nationwide building society	True	Norfolk	United Kingdom	11
2020-04-01	number of coronavirus cases by state	False	Idaho	United States	1
2020-04-01	gisandata coronavírus	False	Sao Paulo	Brazil	1
2020-04-01	coronavirus live map	False	Wielkopolskie	Poland	5
2020-04-01	family first act	True	Connecticut	United States	1
2020-04-01	washington state coronavirus update	False	Missouri	United States	1
2020-04-01	covid 19 update	False	New South Wales	Australia	45
2020-04-01	national restaurant association coronavirus	False	Florida	United States	1
2020-04-01	contagion movie	True	Maryland	United States	2
2020-04-01	coronavirus map	False	Wielkopolskie	Poland	16
2020-04-01	coronavirus estados unidos	False	Catalonia	Spain	1
2020-04-01	coronavirus gard	False	Occitanie	France	1
2020-04-01	koronawirus mapa	True	Wielkopolskie	Poland	37
2020-04-01	coronavirus	False	Darlington	United Kingdom	56
2020-04-01	ihme model	True	Missouri	United States	1
2020-04-01	coronavirus cases	False	Greater Manchester	United Kingdom	3
2020-04-01	coronavirus	False	Auckland	New Zealand	35
2020-04-01	koronawirus objawy	True	Wielkopolskie	Poland	4
2020-04-01	sars-cov-2	True	Beijing	China	3
2020-04-01	nombre de mort coronavirus	False	Brittany	France	1
2020-04-01	コロナウイルス感染症	False	Gifu	Japan	1
2020-04-01	coronavirus uk	False	Cardiff	United Kingdom	35
2020-04-01	truist	True	Florida	United States	1
2020-04-01	mapa del coronavirus en tiempo real	False	Andalusia	Spain	1
2020-04-01	costco senior hours	True	Oregon	United States	4
2020-04-01	coronavirus hoax	False	California	United States	1
2020-04-01	koronawirus w polsce	True	Wielkopolskie	Poland	100
2020-04-01	corona virus	False	Worcestershire	United Kingdom	6
2020-04-01	mapa koronawirus	True	Wielkopolskie	Poland	9
2020-04-01	ffcra	True	Connecticut	United States	3
2020-04-01	marks and spencer food delivery	True	Surrey	United Kingdom	7
2020-04-01	wickes	True	South Lanarkshire	United Kingdom	8
2020-04-01	coronavirus brevard county florida	False	Florida	United States	1
2020-04-01	corona virus	False	Maryland	United States	8
2020-04-01	objawy koronawirusa	True	Wielkopolskie	Poland	13
2020-04-01	specustawa	True	Wielkopolskie	Poland	10
2020-04-01	coronavirus by country	False	Greater Manchester	United Kingdom	1
2020-04-01	coronavirus gers	False	Occitanie	France	1
2020-04-01	ron desantis	True	Tennessee	United States	2
2020-04-01	wuhan china	True	North Carolina	United States	1
2020-04-01	corona virus update	False	Auckland	New Zealand	1
2020-04-01	remdesivir	True	Beijing	China	2
2020-04-01	covid 19 training	False	New South Wales	Australia	5
2020-04-01	worldometers info coronavirus	False	Wielkopolskie	Poland	4
2020-04-01	coronavirus symptoms	False	Cardiff	United Kingdom	5
2020-04-01	national restaurant association	True	Florida	United States	1
2020-04-01	mapa del coronavirus	False	Andalusia	Spain	1
2020-04-01	nsw coronavirus	False	New South Wales	Australia	5
2020-04-01	san bernardino county coronavirus case	False	California	United States	1
2020-04-01	rodney howard-browne	True	Tennessee	United States	1
2020-04-01	www.worldometers.info/coronavirus	False	Wielkopolskie	Poland	1
2020-04-01	coronavirus españa última hora	False	Catalonia	Spain	1
2020-04-01	inps coronavirus	False	Campania	Italy	2
2020-04-01	illinois coronavirus	False	Missouri	United States	3
2020-04-01	florida coronavirus update	False	Connecticut	United States	6
2020-04-01	wa government coronavirus	False	Western Australia	Australia	10
2020-04-01	coronavirus broward county	False	Florida	United States	1
2020-04-01	mondial relay	True	Brittany	France	1
2020-04-01	corona virus by state	False	Maryland	United States	2
2020-04-01	florida cdc coronavirus	False	Florida	United States	1
2020-04-01	coronavirus act 2020	False	Greater Manchester	United Kingdom	2
2020-04-01	novel coronavirus	False	Beijing	China	2
2020-04-01	companies house beta	True	Worcestershire	United Kingdom	8
2020-04-01	mexico coronavirus	False	Colorado	United States	2
2020-04-01	coronavirus usa cases	False	Indiana	United States	1
2020-04-01	universal credit	True	South Lanarkshire	United Kingdom	22
2020-04-01	coronavirus gouvernement	False	Occitanie	France	1
2020-04-01	pei coronavirus	False	Prince Edward Island	Canada	29
2020-04-01	coronavirus stats	False	Cardiff	United Kingdom	8
2020-04-01	corona virus update	False	Buckinghamshire	United Kingdom	9
2020-04-01	illinois coronavirus update	False	Missouri	United States	2
2020-04-01	corona virus news	False	North Carolina	United States	1
2020-04-01	national guard deployment coronavirus	False	Florida	United States	2
2020-04-01	canada coronavirus	False	Minnesota	United States	1
2020-04-01	national restaurant association	True	California	United States	1
2020-04-01	coronavirus	False	Borsod-Abauj-Zemplen	Hungary	100
2020-04-01	coronavirus españa	False	Catalonia	Spain	8
2020-04-01	coronavirus by country	False	Florida	United States	1
2020-04-01	coronavirus updates	False	Borsod-Abauj-Zemplen	Hungary	1
2020-04-01	flu deaths 2020	True	Connecticut	United States	2
2020-04-01	coronavirus usa cases	False	Florida	United States	1
2020-04-01	ministère de l'intérieur	True	Brittany	France	11
2020-04-01	coronavirus act	False	Greater Manchester	United Kingdom	2
2020-04-01	corona virus cases	False	Maryland	United States	1
2020-04-01	john hopkins coronavirus update	False	Western Australia	Australia	3
2020-04-01	johns hopkins university coronavirus	False	Beijing	China	2
2020-04-01	asepeyo	True	Canary Islands	Spain	5
2020-04-01	companies house	True	Worcestershire	United Kingdom	42
2020-04-01	covid 19 tracker	False	New South Wales	Australia	3
2020-04-01	indiana coronavirus news	False	Indiana	United States	1
2020-04-01	tui	True	South Lanarkshire	United Kingdom	15
2020-04-01	coronavirus numbers	False	Cardiff	United Kingdom	5
2020-04-01	governor of florida coronavirus	False	Florida	United States	1
2020-04-01	nhs 111 online	True	Norfolk	United Kingdom	3
2020-04-01	mapa coronavirus tiempo real	False	Andalusia	Spain	2
2020-04-01	coronavirus haute garonne	False	Occitanie	France	1
2020-04-01	illinois department of public health	True	Missouri	United States	1
2020-04-01	coronavirus	False	Canary Islands	Spain	29
2020-04-01	covid 19 update uk	False	London	United Kingdom	1
2020-04-01	coronavirus baden-württemberg	False	Hesse	Germany	1
2020-04-01	coronavirus by state	False	Florida	United States	2
2020-04-01	coronavirus	False	Greater Manchester	United Kingdom	85
2020-04-01	autorisation de sortie coronavirus	False	Burgundy-Franche-Comte	France	4
2020-04-01	national guard coronavirus	False	Florida	United States	1
2020-04-01	free crocs	True	Connecticut	United States	1
2020-04-01	coronavirus canarias	False	Canary Islands	Spain	13
2020-04-01	coronavirus en canarias	False	Canary Islands	Spain	3
2020-04-01	johns hopkins coronavirus dashboard	False	Beijing	China	2
2020-04-01	corona virus deaths	False	Maryland	United States	1
2020-04-01	coronavirus en italia	False	Catalonia	Spain	1
2020-04-01	coronavirus italie	False	Occitanie	France	8
2020-04-01	masque ffp2	True	Brittany	France	1
2020-04-01	coronavirus en gran canaria	False	Canary Islands	Spain	1
2020-04-01	trump approval rating	True	Florida	United States	1
2020-04-01	remdesivir	True	Tennessee	United States	1
2020-04-01	coronavirus latest	False	Cardiff	United Kingdom	4
2020-04-01	coronavirus world map	False	California	United States	1
2020-04-01	symptoms of corona virus	False	New South Wales	Australia	1
2020-04-01	corona virus update	False	London	United Kingdom	9
2020-04-01	coronavirus symptome	False	Vienna	Austria	7
2020-04-01	boris johnson	True	Worcestershire	United Kingdom	4
2020-04-01	tesco home delivery	True	South Lanarkshire	United Kingdom	93
2020-04-01	coronavirus españa	False	Canary Islands	Spain	18
2020-04-01	covid 19 symptoms	False	New South Wales	Australia	10
2020-04-01	mapa coronavirus rtve	False	Andalusia	Spain	1
2020-04-01	corona virus update	False	Greater Manchester	United Kingdom	9
2020-04-01	johns hopkins coronavirus	False	Beijing	China	4
2020-04-01	does heat kill coronavirus	False	California	United States	1
2020-04-01	illinois shelter in place	True	Missouri	United States	1
2020-04-01	free crocs for healthcare workers	True	Connecticut	United States	2
2020-04-01	qanon	True	Tennessee	United States	2
2020-04-01	coronavirus by state map	False	Florida	United States	1
2020-04-01	coronavirus gran canaria	False	Canary Islands	Spain	2
2020-04-01	corona virus in maryland	False	Maryland	United States	1
2020-04-01	n99 mask	True	Florida	United States	1
2020-04-01	coronavirus italia	False	Canary Islands	Spain	4
2020-04-01	coronavirus	False	Cardiff	United Kingdom	63
2020-04-01	coronavirus monde	False	Occitanie	France	2
2020-04-01	covid19 map	False	North Carolina	United States	1
2020-04-01	fgts	True	Sao Paulo	Brazil	100
2020-04-01	coronavirus worldometer	False	Arizona	United States	2
2020-04-01	covid 19 stats	False	New South Wales	Australia	3
2020-04-01	walmart senior hours	True	Missouri	United States	2
2020-04-01	coronavirus en francia	False	Catalonia	Spain	1
2020-04-01	coronavirus últimas noticias	False	Canary Islands	Spain	3
2020-04-01	incubation period for coronavirus	False	Missouri	United States	1
2020-04-01	masque coronavirus	False	Brittany	France	3
2020-04-01	corona virus uk	False	Greater Manchester	United Kingdom	4
2020-04-01	coronavirus update worldometer	False	New York	United States	1
2020-04-01	coronavirus updates	False	Glasgow City	United Kingdom	2
2020-04-01	john hopkins coronavirus tracker	False	Beijing	China	3
2020-04-01	covid19	False	Canary Islands	Spain	8
2020-04-01	españa coronavirus	False	Canary Islands	Spain	2
2020-04-01	b&q	True	Worcestershire	United Kingdom	36
2020-04-01	gina raimondo	True	Connecticut	United States	1
2020-04-01	coronavirus by state	False	Indiana	United States	3
2020-04-01	screwfix	True	South Lanarkshire	United Kingdom	79
2020-04-01	fremap	True	Canary Islands	Spain	11
2020-04-01	corona virus in md	False	Maryland	United States	1
2020-04-01	coronavirus by states	False	Florida	United States	1
2020-04-01	companies house beta	True	Cardiff	United Kingdom	24
2020-04-01	face masks for coronavirus	False	Iowa	United States	3
2020-04-01	dr anthony fauci	True	Florida	United States	1
2020-04-01	ultime notizie coronavirus	False	Latium	Italy	4
2020-04-01	hln nieuws	True	Canary Islands	Spain	1
2020-04-01	chu caen	True	Normandy	France	2
2020-04-01	coronavirus montpellier	False	Occitanie	France	1
2020-04-01	mapa coronavirus andalucia	False	Andalusia	Spain	1
2020-04-01	la vanguardia	True	Canary Islands	Spain	25
2020-04-01	n95 respirator mask	True	Florida	United States	1
2020-04-01	indeed job search	True	Missouri	United States	1
2020-04-01	corona virus symptoms	False	Greater Manchester	United Kingdom	2
2020-04-01	john hopkins coronavirus map	False	Beijing	China	14
2020-04-01	idaho coronavirus update	False	Idaho	United States	6
2020-04-01	ocado	True	Norfolk	United Kingdom	12
2020-04-01	lavanguardia	True	Canary Islands	Spain	2
2020-04-01	coronavirus en españa	False	Catalonia	Spain	1
2020-04-01	pui	True	Tennessee	United States	2
2020-04-01	coronavirus by the numbers	False	Florida	United States	1
2020-04-01	governor cuomo	True	Connecticut	United States	3
2020-04-01	ny coronavirus update	False	Minnesota	United States	1
2020-04-01	mapa coronavirus	False	Canary Islands	Spain	2
2020-04-01	companies house	True	Cardiff	United Kingdom	70
2020-04-01	corona virus map	False	Maryland	United States	3
2020-04-01	masque anti virus	True	Brittany	France	1
2020-04-01	telemedicine	True	Minnesota	United States	1
2020-04-01	trump coronavirus	False	Florida	United States	1
2020-04-01	ministerio de sanidad	True	Canary Islands	Spain	16
2020-04-01	covid 19 statistics	False	New South Wales	Australia	4
2020-04-01	coronavirus india	False	Gujarat	India	18
2020-04-01	東京都	True	Kagoshima	Japan	3
2020-04-01	que es el coronavirus	False	Canary Islands	Spain	2
2020-04-01	コロナウイルス	False	Gifu	Japan	84
2020-04-01	sainsburys groceries	True	South Lanarkshire	United Kingdom	29
2020-04-01	corona virus map	False	Greater Manchester	United Kingdom	1
2020-04-01	coronavirus nombre de morts	False	Occitanie	France	1
2020-04-01	jhu coronavirus map	False	Beijing	China	3
2020-04-01	real decreto 463/2020	True	Canary Islands	Spain	3
2020-04-01	cdc coronavirus map	False	Illinois	United States	1
2020-04-01	mapa coronavirus	False	Andalusia	Spain	2
2020-04-01	real decreto ley 10/2020	True	Canary Islands	Spain	2
2020-04-01	charity commission	True	Cardiff	United Kingdom	3
2020-04-01	indiana coronavirus	False	Missouri	United States	1
2020-04-01	n95 masks for sale	True	Florida	United States	6
2020-04-01	governor desantis	True	Connecticut	United States	1
2020-04-01	pei covid 19	False	Prince Edward Island	Canada	22
2020-04-01	seguridad social	True	Canary Islands	Spain	100
2020-04-01	maine cdc	True	New Hampshire	United States	9
2020-04-01	corona virus maryland	False	Maryland	United States	3
2020-04-01	coronavirus california	False	Florida	United States	1
2020-04-01	publix hours	True	Tennessee	United States	1
2020-04-01	coronavirus en el mundo	False	Catalonia	Spain	1
2020-04-01	sepe	True	Canary Islands	Spain	84
2020-04-01	ministero salute coronavirus	False	Latium	Italy	1
2020-04-01	coronavirus occitanie	False	Occitanie	France	6
2020-04-01	macron	True	Brittany	France	2
2020-04-01	ultima hora coronavirus	False	Canary Islands	Spain	2
2020-04-01	coronavirus usa	False	Florida	United States	2
2020-04-01	corona virus	False	Greater Manchester	United Kingdom	8
2020-04-01	india coronavirus	False	Beijing	China	2
2020-04-01	マスク	True	Kagoshima	Japan	70
2020-04-01	últimas noticias coronavirus	False	Canary Islands	Spain	4
2020-04-01	sainsburys	True	South Lanarkshire	United Kingdom	8
2020-04-01	covid 19 numbers	False	New South Wales	Australia	1
2020-04-01	lucena hoy	True	Andalusia	Spain	1
2020-04-01	boris johnson	True	Cardiff	United Kingdom	5
2020-04-01	ontario government covid 19	False	Ontario	Canada	1
2020-04-01	indiana coronavirus update	False	Indiana	United States	47
2020-04-01	companies house	True	Conwy	United Kingdom	1
2020-04-01	gretchen whitmer	True	Connecticut	United States	2
2020-04-01	governor ron desantis coronavirus update	False	Florida	United States	1
2020-04-01	iowa coronavirus	False	Missouri	United States	1
2020-04-01	covid19	False	North Dakota	United States	1
2020-04-01	corona virus md	False	Maryland	United States	1
2020-04-01	furloughed worker uk	True	Buckinghamshire	United Kingdom	25
2020-04-01	coronavirus	False	Conwy	United Kingdom	12
2020-04-01	coronavirus cases	False	Florida	United States	3
2020-04-01	morrisons	True	Conwy	United Kingdom	12
2020-04-01	coronavirus headache	False	California	United States	1
2020-04-01	attestation sur honneur coronavirus	False	Burgundy-Franche-Comte	France	2
2020-04-01	n95 masks	True	Florida	United States	8
2020-04-01	companies house beta	True	Greater Manchester	United Kingdom	24
2020-04-01	tesco home delivery	True	Conwy	United Kingdom	100
2020-04-01	hopkins coronavirus	False	Beijing	China	1
2020-04-01	coronavirus en colombia	False	Catalonia	Spain	1
2020-04-01	coronavirus perpignan	False	Occitanie	France	1
2020-04-01	2020 stimulus package	True	Kentucky	United States	1
2020-04-01	b&q	True	Cardiff	United Kingdom	47
2020-04-01	inarcassa	True	Campania	Italy	100
2020-04-01	crocs for healthcare workers	True	New Hampshire	United States	4
2020-04-01	3m n95 mask	True	Oregon	United States	1
2020-04-01	coronavirus italy latest news	False	London	United Kingdom	1
2020-04-01	iran coronavirus	False	Missouri	United States	1
2020-04-01	ma classe a la maison	True	Brittany	France	4
2020-04-01	grocery delivery	True	Connecticut	United States	3
2020-04-01	president trump speech today	True	Tennessee	United States	2
2020-04-01	3m n95 mask	True	Kentucky	United States	1
2020-04-01	florida cases of coronavirus	False	Florida	United States	1
2020-04-01	corona virus news	False	Maryland	United States	1
2020-04-01	コロナウイルス感染症	False	Kagoshima	Japan	1
2020-04-01	5g and coronavirus	False	Kentucky	United States	1
2020-04-01	coronavirus usa	False	Indiana	United States	3
2020-04-01	pets at home	True	South Lanarkshire	United Kingdom	8
2020-04-01	michigan coronavirus update	False	New York	United States	1
2020-04-01	pets at home	True	Norfolk	United Kingdom	7
2020-04-01	companies house	True	Greater Manchester	United Kingdom	96
2020-04-01	herd immunity	True	Beijing	China	1
2020-04-01	covid 19 nsw update	False	New South Wales	Australia	2
2020-04-01	abc mouse free subscription	True	Kentucky	United States	2
2020-04-01	coronavirus cases by country	False	Florida	United States	1
2020-04-01	alabama coronavirus	False	Kentucky	United States	1
2020-04-01	asthma uk coronavirus	False	Cardiff	United Kingdom	3
2020-04-01	lavanguardia	True	Andalusia	Spain	2
2020-04-01	auswärtiges amt	True	Berlin	Germany	4
2020-04-01	trump live	True	Florida	United States	1
2020-04-01	nd department of health coronavirus	False	North Dakota	United States	4
2020-04-01	coronavirus politologue	False	Occitanie	France	1
2020-04-01	covid19	False	Sao Paulo	Brazil	8
2020-04-01	andy beshear	True	Kentucky	United States	15
2020-04-01	hand sanitizer	True	Connecticut	United States	10
2020-04-01	walmart hours for seniors	True	Missouri	United States	1
2020-04-01	n95 mask coronavirus	False	Florida	United States	1
2020-04-01	arcgis coronavirus map	False	Kentucky	United States	1
2020-04-01	corona virus numbers	False	Maryland	United States	1
2020-04-01	coronavirus en catalunya	False	Catalonia	Spain	1
2020-04-01	irs coronavirus	False	Missouri	United States	2
2020-04-01	chris whitty	True	Greater Manchester	United Kingdom	2
