Date	Query	IsImplicitIntent	Country	PopularityScore
2020-06-01	covid antibody test near me	False	United States	1
2020-06-01	ouverture frontière belge	True	France	1
2020-06-01	connect myflorida login	True	United States	17
2020-06-01	covid antibody test	False	United States	1
2020-06-01	covid antibody	False	United States	1
2020-06-01	meadowhall	True	United Kingdom	1
2020-06-01	connecticut coronavirus	False	United States	1
2020-06-01	jhu coronavirus	False	Canada	1
2020-06-01	covid symptoms	False	India	1
2020-06-01	covid 19 update victoria	False	Australia	2
2020-06-01	connecticut coronavirus cases	False	United States	1
2020-06-01	covid antibodies test	False	United States	1
2020-06-01	covid 19 update ontario today	False	Canada	1
2020-06-01	connecticut coronavirus update	False	United States	1
2020-06-01	covid antibodies	False	United States	1
2020-06-01	connecticut covid	False	United States	1
2020-06-01	best face masks uk	True	United Kingdom	1
2020-06-01	covid and riots	False	United States	1
2020-06-01	connecticut news	True	United States	1
2020-06-01	covid and protests	False	United States	1
2020-06-01	conora virus	False	United States	1
2020-06-01	coronavirus statistics in united states	False	China	4
2020-06-01	ministerio de salud panama	True	Panama	1
2020-06-01	covid and diabetes	False	United States	1
2020-06-01	conova virus update	False	United States	1
2020-06-01	jecontribuecovid19 msss.gouv.qc.ca	False	Canada	1
2020-06-01	ouverture frontière espagnole	True	France	1
2020-06-01	coronavirus göttingen	False	Germany	1
2020-06-01	covid alaska	False	United States	1
2020-06-01	conovirus update	False	United States	1
2020-06-01	covid alabama	False	United States	1
2020-06-01	departamento del trabajo covid	False	Puerto Rico	91
2020-06-01	conspiracy theories covid 19	False	United States	1
2020-06-01	covid tracker	False	India	3
2020-06-01	covid act now	False	United States	1
2020-06-01	gov covid	False	United Kingdom	1
2020-06-01	contact tracer	True	United States	1
2020-06-01	best face mask against coronavirus	False	United Kingdom	1
2020-06-01	covid 19 update quebec	False	Canada	1
2020-06-01	nhs volunteering	True	United Kingdom	1
2020-06-01	nsw government coronavirus	False	Australia	3
2020-06-01	contact tracers	True	United States	1
2020-06-01	covid acronym	False	United States	1
2020-06-01	contact tracing	True	United States	1
2020-06-01	covid 401k rules	False	United States	1
2020-06-01	contact tracing covid	False	United States	1
2020-06-01	covid 20	False	United States	1
2020-06-01	je contribue covid 19 msss emplois	False	Canada	1
2020-06-01	coronavirus uk	False	China	5
2020-06-01	contact tracing jobs	True	United States	1
2020-06-01	minsa	True	Panama	100
2020-06-01	covid 19.ca.gov	False	United States	1
2020-06-01	facts about coronavirus	False	United Kingdom	1
2020-06-01	contact tracing training	True	United States	1
2020-06-01	ouverture frontière maroc	True	France	1
2020-06-01	covid 19, california	False	United States	1
2020-06-01	contagion movie	True	United States	1
2020-06-01	covid 19 wv	False	United States	1
2020-06-01	belgium coronavirus update	False	United Kingdom	1
2020-06-01	covid update	False	India	2
2020-06-01	contra costa county corona virus update	False	United States	1
2020-06-01	covid 19 written report cde	False	United States	1
2020-06-01	covid 19 update quebec update	False	Canada	1
2020-06-01	contra costa county coronavirus	False	United States	1
2020-06-01	covid 19 worldwide tracking	False	United States	1
2020-06-01	contra costa county coronavirus update	False	United States	1
2020-06-01	je contribue	True	Canada	4
2020-06-01	covid 19 worldwide	False	United States	1
2020-06-01	contra costa county health department	True	United States	1
2020-06-01	covid 19 worldometer	False	United States	1
2020-06-01	meaning of coronavirus	False	United Kingdom	1
2020-06-01	contra costa health	True	United States	1
2020-06-01	coronavirus united states update	False	China	4
2020-06-01	minsa panama	True	Panama	100
2020-06-01	covid 19 world statistics	False	United States	1
2020-06-01	covid 19 update wa	False	Australia	1
2020-06-01	convalescent plasma	True	United States	1
2020-06-01	ouverture piscine coronavirus	False	France	1
2020-06-01	belgium coronavirus	False	United Kingdom	1
2020-06-01	covid 19 world	False	United States	1
2020-06-01	convalescent plasma covid	False	United States	1
2020-06-01	covid 19 wisconsin cases	False	United States	1
2020-06-01	covid usa	False	India	1
2020-06-01	convalescent plasma therapy	True	United States	1
2020-06-01	covid 19 wisconsin by county	False	United States	1
2020-06-01	face mask protection for covid 19	False	Italy	1
2020-06-01	cool face masks	True	United States	1
2020-06-01	covid 19 update saskatchewan	False	Canada	1
2020-06-01	italy coronavirus update	False	Canada	2
2020-06-01	covid 19 wisconsin	False	United States	1
2020-06-01	nhs volunteers	True	United Kingdom	1
2020-06-01	cool masks for coronavirus	False	United States	1
2020-06-01	nsw health	True	Australia	50
2020-06-01	cooling face mask	True	United States	1
2020-06-01	covid 19 wikipedia	False	United States	1
2020-06-01	john hopkins university coronavirus map	False	Italy	1
2020-06-01	copper mask	True	United States	1
2020-06-01	covid 19 wiki	False	United States	1
2020-06-01	belgian prince joachim coronavirus	False	United Kingdom	1
2020-06-01	coronavirus update	False	China	45
2020-06-01	george floyd	True	Puerto Rico	100
2020-06-01	copper masks for coronavirus	False	United States	1
2020-06-01	covid 19 weakening	False	United States	1
2020-06-01	worldometer coronavirus	False	Panama	32
2020-06-01	coranavirus	False	United States	1
2020-06-01	ouverture restaurant coronavirus	False	France	1
2020-06-01	covid 19 washington state update	False	United States	1
2020-06-01	corna virus update	False	United States	1
2020-06-01	covid 19 washington state	False	United States	1
2020-06-01	italy coronavirus	False	Canada	2
2020-06-01	cornavirus	False	United States	1
2020-06-01	covid vaccine	False	India	2
2020-06-01	covid 19 washington	False	United States	1
2020-06-01	cornavirus stats	False	United States	1
2020-06-01	covid 19 update usa	False	Canada	4
2020-06-01	covid 19 waiver form	False	United States	1
2020-06-01	cornavirus update	False	United States	1
2020-06-01	belarus coronavirus	False	United Kingdom	1
2020-06-01	covid 19 waiver	False	United States	1
2020-06-01	http://covid19.ei.go.kr	False	Korea (South)	2
2020-06-01	cornoa virus	False	United States	1
2020-06-01	covid 19 virus	False	United States	1
2020-06-01	cornoavirus	False	United States	1
2020-06-01	covid 19 virginia	False	United States	1
2020-06-01	island health	True	Canada	2
2020-06-01	coronavirus updates	False	China	11
2020-06-01	cornonavirus	False	United States	1
2020-06-01	covid 19 vermont	False	United States	1
2020-06-01	trenitalia rimborsi	True	Italy	1
2020-06-01	koronavir	True	Czech Republic	1
2020-06-01	cornovirus	False	United States	1
2020-06-01	pajemploi	True	France	16
2020-06-01	covid 19 vaccine updates	False	United States	1
2020-06-01	hövelhof	True	Germany	1
2020-06-01	cornovirus update	False	United States	1
2020-06-01	covid 19 vaccine update	False	United States	1
2020-06-01	bedford independent news	True	United Kingdom	1
2020-06-01	covid vaccine news	False	India	1
2020-06-01	permiso de circulación covid 19	False	Argentina	1
2020-06-01	coroavirus	False	United States	1
2020-06-01	covid 19 vaccine progress	False	United States	1
2020-06-01	medway council	True	United Kingdom	2
2020-06-01	corona pandemic	False	United States	1
2020-06-01	covid 19 update world	False	Canada	1
2020-06-01	covid 19 vaccine news	False	United States	1
2020-06-01	face shields uk	True	United Kingdom	1
2020-06-01	covid 19 updates	False	Australia	1
2020-06-01	corona virus	False	United States	3
2020-06-01	is the coronavirus weakening	False	Canada	1
2020-06-01	sa coronavirus update	False	South Africa	1
2020-06-01	covid 19 vaccine	False	United States	1
2020-06-01	corona virus arizona	False	United States	1
2020-06-01	covid 19 va	False	United States	1
2020-06-01	nhs website coronavirus	False	United Kingdom	1
2020-06-01	corona virus az	False	United States	1
2020-06-01	coronavirus usa	False	China	1
2020-06-01	covid 19 utah update	False	United States	1
2020-06-01	nsw health coronavirus	False	Australia	4
2020-06-01	quais os sintomas do coronavírus	False	Brazil	1
2020-06-01	corona virus brazil	False	United States	1
2020-06-01	bda coronavirus update	False	United Kingdom	2
2020-06-01	pajemploi assistante maternelle	True	France	1
2020-06-01	covid 19 utah	False	United States	1
2020-06-01	corona virus by state	False	United States	1
2020-06-01	covid 19 usa map	False	United States	1
2020-06-01	corona virus by zip code	False	United States	1
2020-06-01	covid visualizer	False	India	1
2020-06-01	is the coronavirus slowing down	False	Canada	1
2020-06-01	covid 19 usa deaths	False	United States	1
2020-06-01	corona virus california	False	United States	1
2020-06-01	hmrc furlough calculator	True	United Kingdom	1
2020-06-01	covid 19 update world meter	False	Canada	1
2020-06-01	impacto economico coronavirus	False	Puerto Rico	10
2020-06-01	corona virus cases	False	United States	1
2020-06-01	covid 19 usa cases	False	United States	1
2020-06-01	covid 19 usa	False	United States	1
2020-06-01	corona virus cases by state	False	United States	1
2020-06-01	bda coronavirus	False	United Kingdom	1
2020-06-01	esterometro 2020 scadenze	True	Italy	1
2020-06-01	corona virus cases by state in usa	False	United States	1
2020-06-01	covid 19 us map	False	United States	1
2020-06-01	covid 19 us deaths	False	United States	1
2020-06-01	corona virus cases in usa	False	United States	1
2020-06-01	covid	False	China	27
2020-06-01	corona virus colorado	False	United States	1
2020-06-01	covid 19 us death toll	False	United States	1
2020-06-01	interprovincial travel restrictions	True	Canada	1
2020-06-01	pandémie coronavirus	False	France	1
2020-06-01	corona virus connecticut	False	United States	1
2020-06-01	covid 19 us cases	False	United States	1
2020-06-01	covid 19 us	False	United States	1
2020-06-01	how many covid deaths in uk	False	United Kingdom	1
2020-06-01	corona virus count	False	United States	1
2020-06-01	worldometer coronavirus	False	Nigeria	9
2020-06-01	covid worldometer	False	India	2
2020-06-01	corona virus counter	False	United States	1
2020-06-01	covid 19 updates usa	False	United States	1
2020-06-01	bcgba website	True	United Kingdom	1
2020-06-01	covid 19 update worldometer	False	Canada	1
2020-06-01	corona virus counts	False	United States	1
2020-06-01	covid 19 updates	False	United States	1
2020-06-01	gov coronavirus uk	False	United Kingdom	1
2020-06-01	corona virus ct	False	United States	1
2020-06-01	covid 19 update worldometer	False	United States	1
2020-06-01	corona virus cure	False	United States	1
2020-06-01	covid 19 update wisconsin	False	United States	1
2020-06-01	interprovincial travel canada corona virus	False	Canada	1
2020-06-01	nhs.co.uk/coronavirus	False	United Kingdom	1
2020-06-01	corona virus dashboard	False	United States	1
2020-06-01	covid 19	False	China	32
2020-06-01	covid 19 update west point va	False	United States	1
2020-06-01	nsw health covid	False	Australia	1
2020-06-01	mercury holidays	True	United Kingdom	1
2020-06-01	corona virus data	False	United States	1
2020-06-01	george floyd	True	Nigeria	100
2020-06-01	pandémie coronavirus france	False	France	1
2020-06-01	covid 19 update wash state	False	United States	1
2020-06-01	coronavirus großbritannien	False	Germany	1
2020-06-01	covid 19 usa	False	Australia	2
2020-06-01	corona virus death	False	United States	1
2020-06-01	covid 19 update utah	False	United States	1
2020-06-01	bcgba	True	United Kingdom	1
2020-06-01	covid19	False	India	9
2020-06-01	corona virus death count	False	United States	1
2020-06-01	covid 19 update usa	False	United States	1
2020-06-01	corona virus death toll	False	United States	1
2020-06-01	covid 19 update worldwide	False	Canada	1
2020-06-01	covid 19 update us	False	United States	1
2020-06-01	corona virus deaths	False	United States	1
2020-06-01	interior health	True	Canada	3
2020-06-01	covid 19 update update	False	United States	1
2020-06-01	how many people died today from coronavirus	False	United Kingdom	1
2020-06-01	corona virus deaths 2020	False	United States	1
2020-06-01	covid 19 update tn	False	United States	1
2020-06-01	corona virus deaths by state	False	United States	1
2020-06-01	covid-19	False	Nigeria	17
2020-06-01	covid 19 update texas	False	United States	1
2020-06-01	corona virus deaths in us	False	United States	1
2020-06-01	covid 19 update	False	China	18
2020-06-01	bcg vaccine	True	United Kingdom	1
2020-06-01	covid 19 update tennessee	False	United States	1
2020-06-01	irs stimulus check	True	Puerto Rico	1
2020-06-01	corona virus deaths in usa 2020	False	United States	1
2020-06-01	pape diouf	True	France	1
2020-06-01	covid 19 update sc	False	United States	1
2020-06-01	corona virus florida	False	United States	1
2020-06-01	covid 19 update pennsylvania	False	United States	1
2020-06-01	john hopkins coronavirus	False	Italy	1
2020-06-01	corona virus ga	False	United States	1
2020-06-01	covid19 cases	False	India	1
2020-06-01	intact.ca	True	Canada	1
2020-06-01	covid 19 update oregon	False	United States	1
2020-06-01	corona virus georgia	False	United States	1
2020-06-01	covid 19 updates	False	Canada	1
2020-06-01	corona virus getting weaker	False	United States	1
2020-06-01	covid 19 update ohio	False	United States	1
2020-06-01	coronavirus update	False	Nigeria	25
2020-06-01	face shields	True	United Kingdom	1
2020-06-01	covid 19 update ny	False	United States	1
2020-06-01	corona virus graph	False	United States	1
2020-06-01	bbc news covid 19 update	False	United Kingdom	1
2020-06-01	covid 19 update nm	False	United States	1
2020-06-01	corona virus hawaii	False	United States	1
2020-06-01	covid india	False	China	1
2020-06-01	covid 19 update nj	False	United States	1
2020-06-01	nhs.gov.uk coronavirus	False	United Kingdom	1
2020-06-01	corona virus idaho	False	United States	1
2020-06-01	nsw health covid 19	False	Australia	1
2020-06-01	paracétamol	True	France	1
2020-06-01	covid 19 update nh	False	United States	1
2020-06-01	corona virus illinois	False	United States	1
2020-06-01	inspq covid	False	Canada	1
2020-06-01	covid 19 update new york	False	United States	1
2020-06-01	corona virus in alabama	False	United States	1
2020-06-01	covid19 epass	False	India	1
2020-06-01	covid 19 update new jersey	False	United States	1
2020-06-01	corona virus in az	False	United States	1
2020-06-01	corona virus update	False	Nigeria	1
2020-06-01	aide covid 19 1500€	False	France	1
2020-06-01	covid 19 updates canada	False	Canada	1
2020-06-01	ace-hemmer	True	Germany	1
2020-06-01	corona virus in canada	False	United States	1
2020-06-01	covid 19 update nc	False	United States	1
2020-06-01	bbc news covid	False	United Kingdom	1
2020-06-01	methodist church uk	True	United Kingdom	1
2020-06-01	corona virus in florida 2020	False	United States	1
2020-06-01	covid 19 update mn	False	United States	1
2020-06-01	covid 19 en el mundo	False	Mexico	1
2020-06-01	covid 19 vaccine	False	Australia	1
2020-06-01	corona virus in ga	False	United States	1
2020-06-01	covid 19 update missouri	False	United States	1
2020-06-01	enasarco	True	Italy	5
2020-06-01	covid 19 update michigan latest	False	United States	1
2020-06-01	corona virus in india	False	United States	1
2020-06-01	inspq	True	Canada	12
2020-06-01	covid-19	False	China	38
2020-06-01	corona virus in iowa	False	United States	1
2020-06-01	covid 19 update massachusetts	False	United States	1
2020-06-01	corona virus in italy	False	United States	1
2020-06-01	parc astérix ouverture	True	France	1
2020-06-01	cote d'ivoire coronavirus	False	Cote D'ivoire	1
2020-06-01	covid 19 update maryland	False	United States	1
2020-06-01	corona virus in italy status	False	United States	1
2020-06-01	covid 19 update map	False	United States	1
2020-06-01	http//covid19.ei.go.kr	False	Korea (South)	1
2020-06-01	covid19 epass online	False	India	1
2020-06-01	corona virus in maryland	False	United States	1
2020-06-01	bbc news coronavirus update	False	United Kingdom	1
2020-06-01	covid 19 update maine	False	United States	1
2020-06-01	que es el covid 19	False	Guatemala	1
2020-06-01	covid-19	False	Czech Republic	35
2020-06-01	corona virus in michigan	False	United States	1
2020-06-01	covid 19 updates worldwide	False	Canada	2
2020-06-01	covid 19 update louisiana	False	United States	1
2020-06-01	john hopkins coronavirus map	False	Puerto Rico	1
2020-06-01	corona virus in minnesota	False	United States	1
2020-06-01	corona virus in pa	False	United States	1
2020-06-01	covid 19 update kentucky	False	United States	1
2020-06-01	india coronavirus	False	Canada	2
2020-06-01	corona virus in sweden	False	United States	1
2020-06-01	covid 19 update iowa	False	United States	1
2020-06-01	covid19	False	China	13
2020-06-01	corona virus in texas	False	United States	1
2020-06-01	covid 19 update illinois	False	United States	1
2020-06-01	nhs.uk/conditions/coronavirus-covid-19	False	United Kingdom	1
2020-06-01	personne a risque covid 19	False	France	1
2020-06-01	corona virus in us	False	United States	1
2020-06-01	covid 19 update georgia	False	United States	1
2020-06-01	bbc news coronavirus	False	United Kingdom	1
2020-06-01	nsw restrictions	True	Australia	6
2020-06-01	covid 19 update ga	False	United States	1
2020-06-01	corona virus in usa	False	United States	1
2020-06-01	covid19 gujarat	False	India	1
2020-06-01	permiso de circulación coronavirus	False	Argentina	1
2020-06-01	corona virus in utah	False	United States	1
2020-06-01	covid 19 update for oklahoma	False	United States	1
2020-06-01	covid 19 us	False	Canada	1
2020-06-01	einreise niederlande	True	Germany	1
2020-06-01	corona virus in wi	False	United States	1
2020-06-01	indeed job search	True	Canada	1
2020-06-01	covid 19 update florida today	False	United States	1
2020-06-01	corona virus india	False	United States	1
2020-06-01	covid 19 update florida counties	False	United States	1
2020-06-01	sa coronavirus	False	South Africa	2
2020-06-01	corona virus interactive map	False	United States	1
2020-06-01	covid 19 update florida	False	United States	1
2020-06-01	eli lilly covid 19 trials	False	China	2
2020-06-01	corona virus iowa	False	United States	1
2020-06-01	covid 19 update fl	False	United States	1
2020-06-01	bbc how many cases of coronavirus in my area	False	United Kingdom	1
2020-06-01	holidays coronavirus	False	United Kingdom	1
2020-06-01	corona virus italy	False	United States	1
2020-06-01	personne vulnerable covid 19	False	France	1
2020-06-01	covid 19 update ct	False	United States	1
2020-06-01	face masks uk	True	United Kingdom	2
2020-06-01	methodist church website	True	United Kingdom	1
2020-06-01	corona virus latest updates	False	United States	1
2020-06-01	covid 19 update california today	False	United States	1
2020-06-01	prevenção covid 19	False	Brazil	1
2020-06-01	covid19 india	False	India	2
2020-06-01	covid 19 victoria	False	Australia	5
2020-06-01	corona virus losing potency	False	United States	1
2020-06-01	hydro rates ontario covid	False	Canada	1
2020-06-01	covid 19 update ca	False	United States	1
2020-06-01	corona virus maine	False	United States	1
2020-06-01	covid 19 usa	False	Canada	6
2020-06-01	covid 19 update by states	False	United States	1
2020-06-01	corona virus map	False	United States	2
2020-06-01	covid 19 update az	False	United States	1
2020-06-01	regione puglia coronavirus	False	Italy	1
2020-06-01	corona virus map 2020	False	United States	1
2020-06-01	bbc covid 19 update	False	United Kingdom	1
2020-06-01	covid 19 update arkansas	False	United States	1
2020-06-01	corona virus maryland	False	United States	1
2020-06-01	face masks	True	China	1
2020-06-01	covid 19 update alaska	False	United States	1
2020-06-01	corona virus masks	False	United States	1
2020-06-01	personnel prioritaire covid	False	France	1
2020-06-01	covid 19 update alabama	False	United States	1
2020-06-01	gov coronavirus testing	False	United Kingdom	1
2020-06-01	corona virus massachusetts	False	United States	1
2020-06-01	hydro one rates during covid 19	False	Canada	2
2020-06-01	covid 19 update	False	United States	25
2020-06-01	russia covid 19 drug rollout	False	Puerto Rico	28
2020-06-01	corona virus memes	False	United States	1
2020-06-01	covid19 india.org	False	India	1
2020-06-01	nhs.uk/coronavirus	False	United Kingdom	1
2020-06-01	nsw restrictions coronavirus	False	Australia	2
2020-06-01	corona virus michigan	False	United States	1
2020-06-01	covid 19 united states	False	United States	1
2020-06-01	covid 19 usa cases	False	Canada	1
2020-06-01	covid 19 unemployment relief	False	United States	1
2020-06-01	corona virus minnesota	False	United States	1
2020-06-01	bbc coronavirus update	False	United Kingdom	1
2020-06-01	corona virus mississippi	False	United States	1
2020-06-01	covid 19 unemployment ohio	False	United States	1
2020-06-01	covid 19 unemployment	False	United States	1
2020-06-01	corona virus missouri	False	United States	1
2020-06-01	hydro one	True	Canada	22
2020-06-01	emilia romagna coronavirus	False	Italy	1
2020-06-01	george floyd	True	China	89
2020-06-01	corona virus mn	False	United States	1
2020-06-01	covid 19 trends	False	United States	1
2020-06-01	corona virus montana	False	United States	1
2020-06-01	personnes a risque coronavirus	False	France	1
2020-06-01	covid 19 treatment update	False	United States	1
2020-06-01	covid 19 treatment	False	United States	1
2020-06-01	coronavirus frankreich	False	Germany	1
2020-06-01	corona virus nc	False	United States	1
2020-06-01	bbc coronavirus uk	False	United Kingdom	1
2020-06-01	covid19 mahapolice in	False	India	1
2020-06-01	covid 19 travel restrictions usa	False	United States	1
2020-06-01	corona virus new jersey	False	United States	1
2020-06-01	covid 19 usa today	False	Canada	1
2020-06-01	corona virus new york	False	United States	1
2020-06-01	covid 19 travel between states	False	United States	1
2020-06-01	trentino quotidiano	True	Italy	1
2020-06-01	italo treno	True	Italy	9
2020-06-01	corona virus news	False	United States	1
2020-06-01	https://mabiblio.pearsonerpi.com/rats_covid	False	Canada	1
2020-06-01	covid 19 tracking	False	United States	1
2020-06-01	corona virus nh	False	United States	1
2020-06-01	covid 19 tracker worldometer	False	United States	1
2020-06-01	george floyd autopsy	True	China	2
2020-06-01	methotrexate and coronavirus	False	United Kingdom	1
2020-06-01	corona virus nj	False	United States	1
2020-06-01	covid 19 tracker map	False	United States	1
2020-06-01	personnes vulnérables covid 19	False	France	1
2020-06-01	covid 19 wa	False	Australia	1
2020-06-01	corona virus nm	False	United States	1
2020-06-01	covid 19 tracker by state	False	United States	1
2020-06-01	bbc coronavirus map	False	United Kingdom	1
2020-06-01	covid 19 tracker bing	False	United States	1
2020-06-01	corona virus north carolina	False	United States	1
2020-06-01	covid19 mhpolice	False	India	1
2020-06-01	covid 19 tracker	False	United States	2
2020-06-01	corona virus numbers	False	United States	1
2020-06-01	https://covid19results.ehealthontario.ca:4443/agree	False	Canada	1
2020-06-01	nhsinform	True	United Kingdom	1
2020-06-01	covid 19 usa update	False	Canada	2
2020-06-01	nz coronavirus update	False	Australia	1
2020-06-01	corona virus numbers usa	False	United States	1
2020-06-01	covid 19 tracer jobs	False	United States	1
2020-06-01	corona virus ny	False	United States	1
2020-06-01	covid 19 tn	False	United States	1
2020-06-01	corona virus nyc	False	United States	1
2020-06-01	covid 19 timeline	False	United States	1
2020-06-01	bbc coronavirus latest	False	United Kingdom	1
2020-06-01	face masks for sale	True	United Kingdom	1
2020-06-01	corona virus ohio	False	United States	1
2020-06-01	hand sanitizer	True	China	2
2020-06-01	covid 19 time capsule for kids	False	United States	1
2020-06-01	sam's club	True	Puerto Rico	19
2020-06-01	corona virus oregon	False	United States	1
2020-06-01	piscine covid 19	False	France	1
2020-06-01	covid 19 texas update	False	United States	1
2020-06-01	ihk karlsruhe	True	Germany	1
2020-06-01	corona virus pa	False	United States	1
2020-06-01	https://covid19results.ehealthontario.ca:4443	False	Canada	1
2020-06-01	covid 19 texas cases	False	United States	1
2020-06-01	corona virus pandemic	False	United States	1
2020-06-01	covid19 mhpolice.in	False	India	1
2020-06-01	covid 19 texas	False	United States	1
2020-06-01	corona virus pennsylvania	False	United States	1
2020-06-01	covid 19 vaccine	False	Canada	3
2020-06-01	covid 19 tests	False	United States	1
2020-06-01	corona virus picture	False	United States	1
2020-06-01	bbc coronavirus in my area	False	United Kingdom	1
2020-06-01	covid 19 testing sites	False	United States	1
2020-06-01	corona virus state by state	False	United States	1
2020-06-01	covid 19 testing near me	False	United States	1
2020-06-01	corona virus statistics	False	United States	1
2020-06-01	https://covid19results.ehealthontario.ca	False	Canada	1
2020-06-01	india coronavirus	False	China	4
2020-06-01	china coronavirus update	False	Canada	1
2020-06-01	corona virus statistics in california	False	United States	1
2020-06-01	covid 19 testing locations in georgia	False	United States	1
2020-06-01	george floyd	True	Korea (South)	1
2020-06-01	point coronavirus	False	France	1
2020-06-01	corona virus statistics in florida	False	United States	1
2020-06-01	covid 19 testing locations	False	United States	2
2020-06-01	covid 19 testing la county	False	United States	1
2020-06-01	emergenza coronavirus	False	Italy	1
2020-06-01	corona virus statistics in north carolina	False	United States	1
2020-06-01	covid19 tracker	False	India	1
2020-06-01	bbc coronavirus	False	United Kingdom	1
2020-06-01	covid 19 testing in maryland	False	United States	1
2020-06-01	corona virus statistics in washington state	False	United States	1
2020-06-01	covid 19 vaccine latest news	False	Canada	1
2020-06-01	covid 19 testing	False	United States	1
2020-06-01	corona virus stats	False	United States	1
2020-06-01	nhsinform.scot/coronavirus	False	United Kingdom	1
2020-06-01	mexico coronavirus	False	United Kingdom	1
2020-06-01	corona virus stats today	False	United States	1
2020-06-01	covid 19 test result	False	United States	1
2020-06-01	https://covid-19.ontario.ca/index.html	False	Canada	1
2020-06-01	pete evans	True	Australia	1
2020-06-01	covid 19 western australia	False	Australia	2
2020-06-01	corona virus status	False	United States	1
2020-06-01	covid 19 test	False	United States	1
2020-06-01	india lockdown	True	China	3
2020-06-01	corona virus stimulus	False	United States	1
2020-06-01	covid 19 tennessee	False	United States	1
2020-06-01	politologue coronavirus	False	France	1
2020-06-01	covid 19 temperature testing	False	United States	1
2020-06-01	corona virus sweden	False	United States	1
2020-06-01	barrhead travel	True	United Kingdom	1
2020-06-01	covid 19 temperature range	False	United States	1
2020-06-01	corona virus symptoms	False	United States	1
2020-06-01	covid19.mahapolice.in	False	India	1
2020-06-01	best covid 19 mask protection	False	Sweden	1
2020-06-01	covid 19 symtoms	False	United States	1
2020-06-01	corona virus symptoms 2020	False	United States	1
2020-06-01	covid 19 vaccine progress	False	Canada	1
2020-06-01	permiso covid	False	Argentina	1
2020-06-01	corona virus symptoms in people	False	United States	1
2020-06-01	covid 19 symptons	False	United States	1
2020-06-01	https://covid-19.ontario.ca	False	Canada	2
2020-06-01	nicd	True	South Africa	5
2020-06-01	corona virus test	False	United States	1
2020-06-01	covid 19 symptoms vs flu	False	United States	1
2020-06-01	west point cadets covid 19	False	Puerto Rico	19
2020-06-01	corona virus testing	False	United States	1
2020-06-01	covid 19 symptoms runny nose	False	United States	1
2020-06-01	jack ma	True	China	3
2020-06-01	gov coronavirus	False	United Kingdom	1
2020-06-01	corona virus testing nearby	False	United States	1
2020-06-01	barclays.co.uk/coronavirus	False	United Kingdom	1
2020-06-01	covid 19 symptoms in children	False	United States	1
2020-06-01	corona virus texas	False	United States	1
2020-06-01	polyarthrite rhumatoïde	True	France	1
2020-06-01	covid 19 symptoms cdc	False	United States	1
2020-06-01	corona virus tn	False	United States	1
2020-06-01	covid 19 symptoms	False	United States	4
2020-06-01	pandemia covid 19	False	Brazil	1
2020-06-01	covid19.mahapolice.in epass	False	India	1
2020-06-01	corona virus today	False	United States	1
2020-06-01	how to make a face mask for coronavirus	False	Canada	1
2020-06-01	covid 19 symptom checker	False	United States	1
2020-06-01	face masks for coronavirus for sale	False	United Kingdom	1
2020-06-01	corona virus tracker	False	United States	1
2020-06-01	covid 19 world	False	Canada	3
2020-06-01	covid 19 sweden	False	United States	1
2020-06-01	corona virus tracking	False	United States	1
2020-06-01	covid 19 stimulus checks update	False	United States	1
2020-06-01	how many people died yesterday of coronavirus	False	United Kingdom	1
2020-06-01	ni news	True	United Kingdom	1
2020-06-01	corona virus treatment	False	United States	1
2020-06-01	barclays travel pack	True	United Kingdom	1
2020-06-01	covid 19 stimulus checks	False	United States	1
2020-06-01	peter dutton	True	Australia	2
2020-06-01	jhu	True	China	2
2020-06-01	corona virus update	False	United States	6
2020-06-01	covid 19 stimulus	False	United States	1
2020-06-01	déclaration chômage partiel en ligne	True	France	1
2020-06-01	portugal coronavirus	False	France	1
2020-06-01	corona virus update ca	False	United States	1
2020-06-01	covid 19 status	False	United States	1
2020-06-01	covid 19 stats today	False	United States	1
2020-06-01	corona virus update florida	False	United States	1
2020-06-01	how to make a face mask	True	Canada	1
2020-06-01	covid19.mhpolice	False	India	1
2020-06-01	stefano montanari	True	Italy	1
2020-06-01	corona virus update mn	False	United States	1
2020-06-01	covid 19 stats	False	United States	1
2020-06-01	mexico coronavirus update	False	United Kingdom	1
2020-06-01	corona virus update new york	False	United States	1
2020-06-01	covid 19 world cases	False	Canada	1
2020-06-01	covid 19 statistics update	False	United States	1
2020-06-01	eduiss it login	True	Italy	1
2020-06-01	covid 19 world	False	Australia	1
2020-06-01	corona virus update ny	False	United States	1
2020-06-01	barclays partner finance	True	United Kingdom	1
2020-06-01	covid 19 statistics by state	False	United States	1
2020-06-01	corona virus update ohio	False	United States	1
2020-06-01	covid 19 statistics	False	United States	1
2020-06-01	john hopkins coronavirus map	False	China	4
2020-06-01	corona virus update today	False	United States	1
2020-06-01	covid 19 states map	False	United States	1
2020-06-01	prime coronavirus	False	France	1
2020-06-01	corona virus update usa	False	United States	1
2020-06-01	covid 19 state by state stats	False	United States	1
2020-06-01	how many people have died from coronavirus	False	Canada	3
2020-06-01	corona virus update worldometers	False	United States	1
2020-06-01	covid 19 state by state	False	United States	1
2020-06-01	covid19.mhpolice.in	False	India	8
2020-06-01	corona virus updates	False	United States	1
2020-06-01	covid 19 spread	False	United States	1
2020-06-01	coronavirus fallzahlen rki	False	Germany	1
2020-06-01	covid 19 world map	False	Canada	2
2020-06-01	italia coronavirus	False	Italy	1
2020-06-01	corona virus updates michigan	False	United States	1
2020-06-01	barclays mortgage holiday	True	United Kingdom	1
2020-06-01	covid 19 south dakota	False	United States	1
2020-06-01	worldometer coronavirus	False	Puerto Rico	37
2020-06-01	corona virus us	False	United States	1
2020-06-01	covid 19 small business loan	False	United States	1
2020-06-01	corona virus us deaths	False	United States	1
2020-06-01	how many people died from coronavirus	False	Canada	1
2020-06-01	covid 19 small business grant	False	United States	1
2020-06-01	corona virus usa	False	United States	1
2020-06-01	johns hopkins coronavirus dashboard	False	China	4
2020-06-01	nicola sturgeon	True	United Kingdom	2
2020-06-01	covid 19 signs on businesses	False	United States	1
2020-06-01	corona virus utah	False	United States	1
2020-06-01	prime covid	False	France	1
2020-06-01	covid 19 signs for office	False	United States	1
2020-06-01	ponant cruises 2020 corona virus	False	Australia	1
2020-06-01	corona virus va	False	United States	1
2020-06-01	covid 19 signs for businesses	False	United States	1
2020-06-01	barclays finance	True	United Kingdom	1
2020-06-01	covid19.mhpolice.in epass	False	India	1
2020-06-01	corona virus vaccination progress	False	United States	1
2020-06-01	covid 19 signs	False	United States	1
2020-06-01	corona virus vaccinations	False	United States	1
2020-06-01	covid 19 world meter	False	Canada	1
2020-06-01	covid 19 signage for businesses	False	United States	1
2020-06-01	how do i get a coronavirus test	False	United Kingdom	1
2020-06-01	corona virus vaccine	False	United States	1
2020-06-01	how many covid cases in ontario today	False	Canada	1
2020-06-01	face masks for coronavirus	False	United Kingdom	1
2020-06-01	covid 19 signage	False	United States	1
2020-06-01	corona virus vaccine update	False	United States	1
2020-06-01	covid 19 second wave	False	United States	1
2020-06-01	aide covid 19 auto entrepreneur	False	France	1
2020-06-01	corona virus vaccines	False	United States	1
2020-06-01	kn95 mask	True	China	2
2020-06-01	covid 19 sd	False	United States	1
2020-06-01	corona virus virginia	False	United States	1
2020-06-01	prime covid 19	False	France	1
2020-06-01	barclays coronavirus	False	United Kingdom	1
2020-06-01	covid 19 screening questions cdc	False	United States	1
2020-06-01	covid 19 screening questions	False	United States	1
2020-06-01	corona virus weakening	False	United States	1
2020-06-01	covid19.mhpolice.in official portal	False	India	2
2020-06-01	michael gove	True	United Kingdom	1
2020-06-01	corona virus wisconsin	False	United States	1
2020-06-01	covid 19 screening form	False	United States	1
2020-06-01	covid 19 worldometer	False	Australia	3
2020-06-01	corona virus world	False	United States	1
2020-06-01	covid 19 world statistics	False	Canada	1
2020-06-01	how many coronavirus cases in usa	False	Canada	1
2020-06-01	covid 19 scholarships	False	United States	1
2020-06-01	corona virus world map	False	United States	1
2020-06-01	covid 19 en mexico	False	Mexico	1
2020-06-01	covid 19 sc	False	United States	1
2020-06-01	corona virus worldmeter	False	United States	1
2020-06-01	covid 19 san diego county	False	United States	1
2020-06-01	covid19ei.go.kr	False	Korea (South)	3
2020-06-01	hopkins coronavirus	False	Italy	1
2020-06-01	corona virus worldometer	False	United States	1
2020-06-01	ncov	True	China	2
2020-06-01	barclays bounce back loan	True	United Kingdom	1
2020-06-01	covid 19 russia	False	United States	1
2020-06-01	eduiss corsi fad	True	Italy	1
2020-06-01	coronav	False	United States	1
2020-06-01	prime covid ehpad	False	France	1
2020-06-01	covid 19 rules	False	United States	1
2020-06-01	nicola sturgeon latest news	True	United Kingdom	1
2020-06-01	coronavi	False	United States	1
2020-06-01	covid 19 risk factors	False	United States	1
2020-06-01	public health tasmania	True	Australia	1
2020-06-01	covid19.mhpolice.in status	False	India	2
2020-06-01	coronavir	False	United States	1
2020-06-01	how many coronavirus cases	False	Canada	1
2020-06-01	covid 19 riots	False	United States	1
2020-06-01	www.educadis.com curso covid-19	False	Puerto Rico	10
2020-06-01	coronavires update	False	United States	1
2020-06-01	covid 19 world stats	False	Canada	1
2020-06-01	casos de coronavirus en méxico	False	Mexico	4
2020-06-01	covid 19 ri	False	United States	1
2020-06-01	coronaviris	False	United States	1
2020-06-01	covid 19 rental assistance program	False	United States	1
2020-06-01	godiva mortgages	True	United Kingdom	1
2020-06-01	coronavirs	False	United States	1
2020-06-01	barclaycard.co.uk	True	United Kingdom	1
2020-06-01	covid 19 relief	False	United States	1
2020-06-01	coronaviru	False	United States	1
2020-06-01	novel coronavirus	False	China	3
2020-06-01	covid 19 real time map	False	United States	1
2020-06-01	coronavirus	False	United States	32
2020-06-01	prime covid soignant	False	France	1
2020-06-01	covid 19 rash images	False	United States	1
2020-06-01	coronavirus 19	False	United States	1
2020-06-01	how many cases of covid 19 in new brunswick	False	Canada	1
2020-06-01	covid 19 rash	False	United States	1
2020-06-01	permiso circulación covid 19	False	Argentina	2
2020-06-01	coronavirus 2020	False	United States	1
2020-06-01	covid19.mhpolice.in/registration	False	India	1
2020-06-01	covid 19 rapid testing	False	United States	1
2020-06-01	coronavirus 2nd wave	False	United States	1
2020-06-01	covid 19 world update	False	Canada	1
2020-06-01	news 24 south africa today	True	South Africa	17
2020-06-01	covid 19 questions and answers	False	United States	1
2020-06-01	coronavirus alabama	False	United States	1
2020-06-01	barclaycard payment holiday	True	United Kingdom	1
2020-06-01	covid 19 questionnaire	False	United States	1
2020-06-01	deces coronavirus monde	False	France	1
2020-06-01	coronavirus alabama update	False	United States	1
2020-06-01	painel covid es	False	Brazil	2
2020-06-01	covid 19 quarantine	False	United States	1
2020-06-01	coronavirus alaska	False	United States	1
2020-06-01	remdesivir	True	China	2
2020-06-01	covid 19 protests	False	United States	1
2020-06-01	revisione auto coronavirus	False	Italy	1
2020-06-01	coronavirus alaska update	False	United States	1
2020-06-01	how many cases of coronavirus in usa today	False	Canada	1
2020-06-01	prime ehpad covid	False	France	1
2020-06-01	face masks coronavirus protection for sale	False	United Kingdom	1
2020-06-01	covid 19 projections	False	United States	1
2020-06-01	michael rosen	True	United Kingdom	1
2020-06-01	coronavirus and blood clots	False	United States	1
2020-06-01	covid 19 preparedness plan template	False	United States	1
2020-06-01	covid 19 worldwide	False	Australia	1
2020-06-01	coronavirus and protests	False	United States	1
2020-06-01	covid19.org	False	India	1
2020-06-01	covid 19 precautions	False	United States	1
2020-06-01	non essential shops	True	United Kingdom	1
2020-06-01	coronavirus and riots	False	United States	1
2020-06-01	covid 19 worldometer	False	Canada	3
2020-06-01	barbados coronavirus	False	United Kingdom	1
2020-06-01	covid 19 potency	False	United States	1
2020-06-01	qld border pass	True	Australia	15
2020-06-01	coronavirus antibodies	False	United States	1
2020-06-01	coronavirus antibody test	False	United States	1
2020-06-01	covid 19 posters cdc	False	United States	1
2020-06-01	covid 19 posters	False	United States	1
2020-06-01	coronavirus fallzahlen	False	Germany	1
2020-06-01	coronavirus antibody testing	False	United States	1
2020-06-01	how many cases of coronavirus in usa	False	Canada	1
2020-06-01	riots	True	China	6
2020-06-01	coronavirus app	False	United States	1
2020-06-01	covid 19 pictures	False	United States	1
2020-06-01	prime exceptionnelle coronavirus	False	France	1
2020-06-01	eduiss	True	Italy	3
2020-06-01	coronavirus argentina	False	United States	1
2020-06-01	covid 19 philippines	False	United States	1
2020-06-01	covid 19 phases	False	United States	1
2020-06-01	coronavirus arizona	False	United States	1
2020-06-01	bame risk assessment	True	United Kingdom	1
2020-06-01	covid19india	False	India	4
2020-06-01	covid 19 phase 2	False	United States	1
2020-06-01	istituto superiore di sanità	True	Italy	1
2020-06-01	coronavirus arizona update	False	United States	1
2020-06-01	covid 19 worldwide	False	Canada	1
2020-06-01	coronavirus arkansas	False	United States	1
2020-06-01	covid 19 pennsylvania	False	United States	1
2020-06-01	coronavirus arkansas update	False	United States	1
2020-06-01	how many cases of coronavirus in the usa	False	Canada	1
2020-06-01	covid 19 pandemic hair treatment consent form	False	United States	1
2020-06-01	coronavirus article	False	United States	1
2020-06-01	covid 19 pandemic	False	United States	1
2020-06-01	coronavirus articles	False	United States	1
2020-06-01	russia covid 19 drug rollout	False	China	76
2020-06-01	covid 19 pa county map	False	United States	1
2020-06-01	prime macron	True	France	1
2020-06-01	covid 19 update	False	Zimbabwe	50
2020-06-01	coronavirus asymptomatic	False	United States	1
2020-06-01	covid 19 pa	False	United States	1
2020-06-01	bame report	True	United Kingdom	1
2020-06-01	covid 19 oregon	False	United States	1
2020-06-01	coronavirus az	False	United States	1
2020-06-01	covid19india org	False	India	100
2020-06-01	coronavirus	False	Taiwan	1
2020-06-01	covid 19 ontario	False	United States	1
2020-06-01	coronavirus bay area	False	United States	1
2020-06-01	how many cases of coronavirus in ontario	False	Canada	1
2020-06-01	north korea coronavirus	False	United Kingdom	1
2020-06-01	covid 19 états unis	False	Canada	1
2020-06-01	coronavirus bell curve	False	United States	1
2020-06-01	covid 19 on surfaces	False	United States	1
2020-06-01	qld coronavirus update	False	Australia	4
2020-06-01	coronavirus bell curves	False	United States	1
2020-06-01	covid 19 oklahoma	False	United States	1
2020-06-01	coronavirus bellcurve	False	United States	1
2020-06-01	covid 19 ohio updates	False	United States	1
2020-06-01	bame coronavirus	False	United Kingdom	1
2020-06-01	worldometer coronavirus	False	Serbia	1
2020-06-01	coronavirus bing	False	United States	1
2020-06-01	sars-cov-2	True	China	8
2020-06-01	covid 19 ohio	False	United States	1
2020-06-01	prime macron 2020	True	France	1
2020-06-01	middletons tours	True	United Kingdom	1
2020-06-01	coronavirus boston	False	United States	1
2020-06-01	covid 19 nyc	False	United States	1
2020-06-01	tribunale di milano	True	Italy	1
2020-06-01	covid australia	False	Australia	5
2020-06-01	coronavirus brasil	False	United States	1
2020-06-01	covid 19 ny	False	United States	1
2020-06-01	how many cases of coronavirus in manitoba	False	Canada	1
2020-06-01	covid19india.org	False	India	3
2020-06-01	coronavirus brazil	False	United States	1
2020-06-01	covid 19 numbers today	False	United States	1
2020-06-01	face masks coronavirus	False	United Kingdom	1
2020-06-01	coronavirus by country	False	United States	1
2020-06-01	covid alberta	False	Canada	9
2020-06-01	covid 19 numbers by state	False	United States	1
2020-06-01	coronavirus by country count	False	United States	1
2020-06-01	bame	True	United Kingdom	2
2020-06-01	covid 19 numbers	False	United States	1
2020-06-01	coronavirus by county in pa	False	United States	1
2020-06-01	covid 19 north carolina	False	United States	1
2020-06-01	coronavirus by state	False	United States	2
2020-06-01	spain coronavirus	False	China	1
2020-06-01	covid 19 nj updates	False	United States	1
2020-06-01	impfstoff coronavirus	False	Germany	1
2020-06-01	coronavirus by state map	False	United States	1
2020-06-01	how many cases of coronavirus in india	False	Canada	1
2020-06-01	prime pepa	True	France	1
2020-06-01	covid 19 nj	False	United States	1
2020-06-01	coronavirus by state usa	False	United States	1
2020-06-01	covid 19 nh update	False	United States	1
2020-06-01	covid19.go.kr	False	Korea (South)	3
2020-06-01	coronavirus by states	False	United States	1
2020-06-01	covid19jagratha	False	India	1
2020-06-01	covid 19 nh	False	United States	1
2020-06-01	coronavirus by zip code	False	United States	1
2020-06-01	covid alberta today	False	Canada	1
2020-06-01	balkan holidays coronavirus	False	United Kingdom	1
2020-06-01	covid 19 news today	False	United States	1
2020-06-01	coronavirus by zip codes	False	United States	1
2020-06-01	covid 19 news in russia	False	United States	1
2020-06-01	north lincolnshire council	True	United Kingdom	1
2020-06-01	coronavirus ca	False	United States	1
2020-06-01	covid 19 news	False	United States	1
2020-06-01	qld covid 19 update	False	Australia	2
2020-06-01	coronavirus california	False	United States	1
2020-06-01	trump approval rating	True	China	1
2020-06-01	how many cases of coronavirus in canada	False	Canada	5
2020-06-01	covid 19 new york state	False	United States	1
2020-06-01	nuevo permiso para circular covid 19	False	Argentina	1
2020-06-01	how many covid deaths in uk today	False	United Kingdom	1
2020-06-01	coronavirus california update	False	United States	1
2020-06-01	prime soignant covid	False	France	1
2020-06-01	covid 19 new york	False	United States	1
2020-06-01	ebipro	True	Italy	1
2020-06-01	coronavirus canada	False	United States	1
2020-06-01	covid 19 new jersey update	False	United States	1
2020-06-01	covid19mhpolice	False	India	1
2020-06-01	coronavirus cases	False	United States	2
2020-06-01	covid 19 new jersey	False	United States	1
2020-06-01	bali coronavirus	False	United Kingdom	1
2020-06-01	gloves coronavirus	False	United Kingdom	1
2020-06-01	coronavirus cases az	False	United States	1
2020-06-01	covid alberta update	False	Canada	1
2020-06-01	covid 19 new hampshire	False	United States	1
2020-06-01	coronavirus cases by country	False	United States	1
2020-06-01	masks for coronavirus	False	South Africa	1
2020-06-01	covid 19 new cases by state	False	United States	1
2020-06-01	coronavirus cases by day	False	United States	1
2020-06-01	how many cases of coronavirus in alberta	False	Canada	1
2020-06-01	covid 19 new cases	False	United States	1
2020-06-01	actualités	True	Tunisia	1
2020-06-01	coronavirus cases by state	False	United States	1
2020-06-01	trump news	True	China	3
2020-06-01	mike ashley	True	United Kingdom	1
2020-06-01	coronavirus cases by state in usa	False	United States	1
2020-06-01	covid 19 nevada	False	United States	1
2020-06-01	produit désinfectant coronavirus	False	France	1
2020-06-01	covid 19 nebraska	False	United States	1
2020-06-01	covid cases	False	Australia	2
2020-06-01	coronavirus cases by states	False	United States	1
2020-06-01	bakers dolphin	True	United Kingdom	1
2020-06-01	covid 19 nc	False	United States	1
2020-06-01	hmrc furlough	True	United Kingdom	2
2020-06-01	coronavirus cases by zip code	False	United States	1
2020-06-01	covid19mhpolice.in	False	India	2
2020-06-01	covid 19 n95 masks for sale	False	United States	1
2020-06-01	coronavirus cases california	False	United States	1
2020-06-01	covid antibody test canada	False	Canada	1
2020-06-01	painel covid 19	False	Brazil	2
2020-06-01	covid 19 n 95	False	United States	1
2020-06-01	coronavirus cases florida	False	United States	1
2020-06-01	how long does coronavirus live on surfaces	False	Canada	2
2020-06-01	coronavirus cases in alabama	False	United States	1
2020-06-01	covid 19 mutation	False	United States	1
2020-06-01	northern ireland coronavirus	False	United Kingdom	1
2020-06-01	coronavirus cases in alabama today	False	United States	1
2020-06-01	covid 19 mortality rate cdc	False	United States	1
2020-06-01	qld covid restrictions	False	Australia	22
2020-06-01	trump twitter	True	China	8
2020-06-01	covid 19 montana	False	United States	1
2020-06-01	coronavirus cases in arizona	False	United States	1
2020-06-01	b&q diy store	True	United Kingdom	17
2020-06-01	professeur raoult	True	France	1
2020-06-01	covid 19 mo	False	United States	1
2020-06-01	coronavirus cases in arkansas	False	United States	1
2020-06-01	次亜塩素酸　コロナウイルス	False	Japan	1
2020-06-01	covid 19 mn update	False	United States	1
2020-06-01	face masks	True	United Kingdom	5
2020-06-01	coronavirus cases in az	False	United States	1
2020-06-01	covid19mhpoliceepass	False	India	1
2020-06-01	covid 19 mn	False	United States	1
2020-06-01	iss coronavirus	False	Italy	1
2020-06-01	coronavirus cases in colorado	False	United States	1
2020-06-01	how long can covid 19 survive on surfaces	False	Canada	1
2020-06-01	covid assessment	False	Canada	1
2020-06-01	coronavirus cases in florida	False	United States	1
2020-06-01	covid 19 missouri	False	United States	1
2020-06-01	coronavirus cases in florida 2020	False	United States	1
2020-06-01	covid 19 mississippi	False	United States	1
2020-06-01	coronavirus face mask for sale	False	Germany	1
2020-06-01	coronavirus cases in ga	False	United States	1
2020-06-01	covid 19 minnesota	False	United States	1
2020-06-01	b&q	True	United Kingdom	71
2020-06-01	tucker carlson	True	China	1
2020-06-01	coronavirus cases in georgia	False	United States	1
2020-06-01	covid 19 michigan update	False	United States	1
2020-06-01	droplet	True	Italy	1
2020-06-01	protection covid 19	False	France	1
2020-06-01	how many people have coronavirus	False	United Kingdom	1
2020-06-01	coronavirus cases in georgia usa	False	United States	1
2020-06-01	covid 19 michigan	False	United States	1
2020-06-01	covid 19 mexico	False	United States	1
2020-06-01	coronavirus cases in idaho	False	United States	1
2020-06-01	hopkins coronavirus map	False	Canada	1
2020-06-01	covid testing	False	Australia	2
2020-06-01	covide19.mhpolice.in	False	India	1
2020-06-01	coronavirus cases in illinois	False	United States	1
2020-06-01	covid 19 memes	False	United States	1
2020-06-01	coronavirus cases in india	False	United States	1
2020-06-01	covid bc	False	Canada	4
2020-06-01	covid 19 massachusetts update	False	United States	1
2020-06-01	1177	True	Sweden	28
2020-06-01	coronavirus cases in indiana	False	United States	1
2020-06-01	b and q diy store	True	United Kingdom	8
2020-06-01	covid 19 massachusetts	False	United States	1
2020-06-01	coronavirus cases in iowa	False	United States	1
2020-06-01	northern ireland coronavirus update	False	United Kingdom	1
2020-06-01	covid 19 masks n95	False	United States	1
2020-06-01	qld covid restrictions update	False	Australia	1
2020-06-01	mobile hairdressers coronavirus	False	United Kingdom	1
2020-06-01	coronavirus cases in kansas	False	United States	1
2020-06-01	uk coronavirus	False	China	2
2020-06-01	covid 19 masks for sale	False	United States	3
2020-06-01	covid cases australia	False	Australia	1
2020-06-01	coronavirus cases in maine	False	United States	1
2020-06-01	health canada covid	False	Canada	1
2020-06-01	protocole coronavirus	False	France	1
2020-06-01	covid 19 masks for kids	False	United States	1
2020-06-01	coronavirus cases in maryland	False	United States	1
2020-06-01	covid 19 masks buy	False	United States	1
2020-06-01	coronavirus cases in michigan	False	United States	1
2020-06-01	covidhotspot in	False	India	1
2020-06-01	covid 19 masks	False	United States	1
2020-06-01	coronavirus cases in minnesota	False	United States	1
2020-06-01	covid bc update	False	Canada	1
2020-06-01	covid 19 mask patterns	False	United States	1
2020-06-01	coronavirus cases in mississippi	False	United States	1
2020-06-01	axel scheffler coronavirus book	False	United Kingdom	1
2020-06-01	coronavirus cases in missouri	False	United States	1
2020-06-01	covid 19 mask	False	United States	1
2020-06-01	coronavirus cases in mn	False	United States	1
2020-06-01	covid 19 maryland	False	United States	1
2020-06-01	face coverings uk	True	United Kingdom	1
2020-06-01	usa coronavirus cases	False	China	1
2020-06-01	coronavirus cases in mo	False	United States	1
2020-06-01	covid 19 maps	False	United States	1
2020-06-01	health canada coronavirus	False	Canada	2
2020-06-01	coronavirus cases in montana	False	United States	1
2020-06-01	protocole coronavirus restaurant	False	France	1
2020-06-01	covid 19 map us	False	United States	1
2020-06-01	covid 19 map united states	False	United States	1
2020-06-01	coronavirus cases in nc	False	United States	1
2020-06-01	covidhotspots.in	False	India	1
2020-06-01	coronavirus dashboard	False	Canada	1
2020-06-01	covid 19 map live	False	United States	1
2020-06-01	coronavirus cases in nebraska	False	United States	1
2020-06-01	aviva travel insurance	True	United Kingdom	1
2020-06-01	covid by country	False	Canada	1
2020-06-01	aide covid 19 auto entrepreneur mai 2020	False	France	1
2020-06-01	coronavirus cases in nevada	False	United States	1
2020-06-01	covid 19 map	False	United States	4
2020-06-01	national holidays	True	United Kingdom	1
2020-06-01	coronavirus cases in new york state	False	United States	1
2020-06-01	covid 19 maine update	False	United States	1
2020-06-01	northern ireland lockdown rules	True	United Kingdom	1
2020-06-01	coronavirus cases in nj	False	United States	1
2020-06-01	covid 19 maine	False	United States	1
2020-06-01	hand sanitizer	True	Canada	1
2020-06-01	qld government coronavirus	False	Australia	1
2020-06-01	coronavirus cases in north carolina	False	United States	1
2020-06-01	west point cadets covid 19	False	China	22
2020-06-01	covid 19 louisiana	False	United States	1
2020-06-01	covid 19 hoy	False	Mexico	4
2020-06-01	coronavirus cases in ny	False	United States	1
2020-06-01	protocole restauration covid	False	France	1
2020-06-01	covid 19 losing potency	False	United States	1
2020-06-01	covid 19 los angeles	False	United States	1
2020-06-01	coronavirus cases in ohio	False	United States	1
2020-06-01	covied19.mhpolice.in	False	India	1
2020-06-01	dpcm 8 marzo 2020	True	Italy	1
2020-06-01	covid 19 lockdown	False	United States	1
2020-06-01	global coronavirus deaths	False	United Kingdom	1
2020-06-01	coronavirus cases in ohio by county	False	United States	1
2020-06-01	austria coronavirus	False	United Kingdom	1
2020-06-01	covid canada	False	Canada	7
2020-06-01	coronavirus cases in oklahoma	False	United States	1
2020-06-01	covid 19 live update	False	United States	1
2020-06-01	coronavirus cases in oregon	False	United States	1
