Date	Query	IsImplicitIntent	Country	PopularityScore
2020-03-01	corona virus update	False	Malta	90
2020-03-01	coronavirus toscana	False	Italy	3
2020-03-01	gesundheitsamt frankfurt	True	Germany	1
2020-03-01	coronavirus by the numbers	False	United States	1
2020-03-01	coronavirus espagne	False	Spain	1
2020-03-01	details about the death from coronavirus in us	False	United States	1
2020-03-01	hunter new england health	True	Australia	1
2020-03-01	buitenlandse zaken	True	Netherlands	1
2020-03-01	kane county	True	United States	1
2020-03-01	does russia have any coronavirus cases	False	United States	1
2020-03-01	what countries have the coronavirus	False	United States	1
2020-03-01	https://www.anzen.mofa.go.jp/covid19/pdfhistory_world.html	False	Japan	1
2020-03-01	latest corona virus news	False	United States	1
2020-03-01	coronavirus treatment	False	United Kingdom	1
2020-03-01	coronavirus symptons	False	United Kingdom	1
2020-03-01	prepping for coronavirus	False	United States	1
2020-03-01	signs of coronavirus in humans	False	United States	1
2020-03-01	coronavirus thüringen	False	Germany	1
2020-03-01	copd und corona virus	False	Germany	1
2020-03-01	coronavirus peru	False	Peru	18
2020-03-01	rhode island coronavirus	False	United States	4
2020-03-01	corona virus test kits	False	United States	1
2020-03-01	latest on corona virus spread	False	United States	1
2020-03-01	karte corona virus	False	Germany	1
2020-03-01	glenn beck coronavirus	False	United States	1
2020-03-01	coronavirus monaco	False	France	1
2020-03-01	biofire	True	United States	1
2020-03-01	new england journal of medicine coronavirus	False	United States	1
2020-03-01	signs of coronavirus in humans	False	Canada	1
2020-03-01	coronavirus wie lange ansteckend	False	Germany	1
2020-03-01	coronavirus haute savoie contaminé	False	France	1
2020-03-01	carnovirus news	False	United States	1
2020-03-01	codacons	True	Italy	1
2020-03-01	corona virus live	False	Germany	1
2020-03-01	ameli	True	Martinique	42
2020-03-01	corona virus ursprung	False	Germany	1
2020-03-01	coronavirus update	False	Fiji	1
2020-03-01	carte du coronavirus dans le monde	False	France	1
2020-03-01	conavirus update	False	United States	1
2020-03-01	corona virus	False	Sweden	2
2020-03-01	coronavirus dundee	False	United Kingdom	1
2020-03-01	coronavirus	False	Tanzania	100
2020-03-01	corona virus in france	False	United Kingdom	1
2020-03-01	newsnow corona virus	False	United Kingdom	1
2020-03-01	coronavirus síntomas	False	Mexico	12
2020-03-01	snohomish coronavirus	False	United States	1
2020-03-01	coronavirus seine saint denis	False	France	1
2020-03-01	focus coronavirus	False	Germany	1
2020-03-01	us cdc coronavirus	False	United States	1
2020-03-01	r/coronavirus	False	United States	1
2020-03-01	coronavirus spain	False	Canada	1
2020-03-01	michigan governor	True	United States	1
2020-03-01	srlf	True	France	1
2020-03-01	coronavirus numbers update	False	United States	1
2020-03-01	st louis county mn	True	United States	1
2020-03-01	corona virus florida	False	United States	1
2020-03-01	uk coronavirus	False	China	1
2020-03-01	coronna virus	False	Germany	1
2020-03-01	corona virus treatment	False	United States	1
2020-03-01	who started the coronavirus	False	United Kingdom	1
2020-03-01	arcgis coronavirus map	False	United States	1
2020-03-01	犬コロナウイルス感染症	False	Japan	1
2020-03-01	coronavirus in franken	False	Germany	1
2020-03-01	coronavirusets spridning	False	Sweden	1
2020-03-01	heinsberg coronavirus	False	Germany	1
2020-03-01	coronavirus in baden-württemberg	False	Germany	1
2020-03-01	coronavirus var	False	France	1
2020-03-01	cura para el coronavirus	False	Mexico	1
2020-03-01	corona virus information	False	Australia	1
2020-03-01	high risk coronavirus countries	False	United States	1
2020-03-01	coranovirus españa	False	Spain	1
2020-03-01	coronavirus rottweil	False	Germany	1
2020-03-01	corona virus in sarasota	False	United States	1
2020-03-01	coronovirus in scotland	False	United Kingdom	1
2020-03-01	how to prevent corona virus	False	United States	1
2020-03-01	coronavirus tetbury	False	United Kingdom	1
2020-03-01	where did the coronavirus begin	False	United States	1
2020-03-01	coronavirus florida confirmed	False	United States	1
2020-03-01	housing market forecast 2020	True	United States	1
2020-03-01	nombre de mort coronavirus	False	France	1
2020-03-01	ad.nl	True	Netherlands	59
2020-03-01	coronaviruse	False	France	1
2020-03-01	ansa notizie	True	Italy	10
2020-03-01	coronavirus season	False	United States	1
2020-03-01	coronavirus bruxelles	False	Belgium	1
2020-03-01	kultusministerium coronavirus	False	Germany	1
2020-03-01	coronavirus and cruise ships	False	United States	1
2020-03-01	bfm coronavirus	False	France	1
2020-03-01	corona virus arizona	False	United States	1
2020-03-01	us cases of coronavirus	False	United States	1
2020-03-01	coronavirus vaccino	False	Italy	1
2020-03-01	tagesschau	True	United Kingdom	1
2020-03-01	coronavirus in china	False	United Kingdom	1
2020-03-01	코로나 바이러스	False	Korea (South)	100
2020-03-01	inovio pharmaceuticals	True	United States	1
2020-03-01	coronavirus clermont ferrand	False	France	1
2020-03-01	scotland coronavirus	False	United States	1
2020-03-01	coronavirus travel restrictions us	False	United States	1
2020-03-01	new hanover county	True	United States	1
2020-03-01	washington state coronavirus	False	United Kingdom	1
2020-03-01	johns hopkins hospital coronavirus deaths	False	Italy	1
2020-03-01	did trump call the coronavirus a hoax	False	United States	1
2020-03-01	coronavirus colorado	False	United States	1
2020-03-01	el coronavirus	False	Colombia	1
2020-03-01	coronavirus infection count	False	Australia	1
2020-03-01	coronavirus deaths	False	Canada	1
2020-03-01	how many cases of corona virus	False	United States	1
2020-03-01	mascherine antivirus	True	Italy	2
2020-03-01	coronavirus in california	False	United States	1
2020-03-01	fernando simon	True	Spain	4
2020-03-01	saga holidays	True	United Kingdom	2
2020-03-01	tropical island coronavirus	False	Germany	1
2020-03-01	symptons of corona virus	False	United Kingdom	1
2020-03-01	coronavirus bayern aktuell	False	Germany	2
2020-03-01	coronavirus in fvg	False	Italy	1
2020-03-01	easter 2020	True	China	1
2020-03-01	coronavirus en autriche	False	France	1
2020-03-01	coronavius update	False	United States	1
2020-03-01	coronavirus numbers infected	False	United States	1
2020-03-01	what countries have coronavirus cases	False	United States	1
2020-03-01	coronavirus in vietnam	False	United States	1
2020-03-01	map of coronavirus	False	United States	1
2020-03-01	coronavirus latest news	False	United Kingdom	3
2020-03-01	mapa coronavirus tiempo real	False	Mexico	2
2020-03-01	vietnam corona virus	False	Australia	1
2020-03-01	effects of coronavirus	False	United States	1
2020-03-01	coronavirus in the u.s.	False	United States	1
2020-03-01	russia coronavirus	False	United States	1
2020-03-01	is the corona virus in rhode island	False	United States	1
2020-03-01	stade 2 coronavirus	False	France	1
2020-03-01	india coronavirus update	False	Australia	1
2020-03-01	death from coronavirus	False	United States	1
2020-03-01	coronavirus weltkarte	False	Switzerland	1
2020-03-01	coronavirus birmingham	False	United Kingdom	1
2020-03-01	coronavirus aktuelle weltkarte	False	Austria	2
2020-03-01	coronavirus updates usa	False	United States	1
2020-03-01	coronavirus auf den kanaren	False	Germany	1
2020-03-01	coronavirus update kirkland	False	United States	1
2020-03-01	covid１９	False	Japan	1
2020-03-01	aantal doden coronavirus	False	Netherlands	1
2020-03-01	coronavirus tours	False	France	1
2020-03-01	us cases coronavirus	False	United States	1
2020-03-01	espagne coronavirus	False	France	1
2020-03-01	wko	True	Austria	5
2020-03-01	coronavirus update in florida	False	United States	1
2020-03-01	nasa china factory pollution	True	Georgia	30
2020-03-01	última hora coronavirus	False	Spain	3
2020-03-01	www.ncov.mohw.go.kr	False	Korea (South)	1
2020-03-01	noticias del coronavirus en méxico	False	Mexico	1
2020-03-01	coronavirus	False	Angola	1
2020-03-01	michigan news	True	United States	1
2020-03-01	coronavirus test cost	False	United States	1
2020-03-01	coronavirus haute savoie	False	France	2
2020-03-01	leeds building society	True	United Kingdom	3
2020-03-01	#coronavirus	False	United States	1
2020-03-01	corana virus update	False	United Kingdom	1
2020-03-01	coronavirus espana	False	Spain	1
2020-03-01	cdc live map coronavirus	False	United States	1
2020-03-01	coronsvirus wipes	False	United States	1
2020-03-01	il piacenza	True	Italy	1
2020-03-01	how many cases of coronavirus in us today	False	United States	1
2020-03-01	segurança social	True	Portugal	19
2020-03-01	slimming world	True	United Kingdom	8
2020-03-01	coronavirus austria	False	Italy	1
2020-03-01	coronavirus schwaben	False	Germany	1
2020-03-01	laurie garrett virus	True	United States	1
2020-03-01	corona virus update	False	United Kingdom	16
2020-03-01	how do people die from coronavirus	False	United States	1
2020-03-01	carte du coronavirus en france	False	France	1
2020-03-01	le pape coronavirus	False	France	1
2020-03-01	coronovirus in seattle	False	United States	1
2020-03-01	coronavirus in poland	False	United Kingdom	1
2020-03-01	what countries have coronavirus	False	United States	1
2020-03-01	nyheter idag	True	Sweden	6
2020-03-01	where did the corona virus come from	False	United States	1
2020-03-01	madeira coronavirus	False	Germany	1
2020-03-01	new jersey coronavirus	False	United States	1
2020-03-01	jet2holidays	True	United Kingdom	36
2020-03-01	qatar coronavirus	False	Qatar	17
2020-03-01	carnival panorama	True	United States	1
2020-03-01	coronavirus kill rate	False	United States	1
2020-03-01	pandemia	True	Italy	2
2020-03-01	fhi coronavirus	False	Norway	4
2020-03-01	impots.gouv.fr	True	Martinique	50
2020-03-01	staysure travel insurance	True	United Kingdom	4
2020-03-01	coronavirus death rate vs flu death rate	False	United States	1
2020-03-01	coronavirus numbers by country	False	United States	1
2020-03-01	coronavirus in india	False	United Kingdom	1
2020-03-01	deces coronavirus france	False	France	1
2020-03-01	coronavirus carte	False	Belgium	2
2020-03-01	ups coronavirus	False	United States	1
2020-03-01	coronavirus live karte	False	Germany	1
2020-03-01	coronavirus ministère de la santé	False	France	1
2020-03-01	how to prepare for the coronavirus	False	United States	1
2020-03-01	cruises and coronavirus	False	United States	1
2020-03-01	nombre de morts coronavirus	False	France	1
2020-03-01	coronavirus in südtirol	False	Germany	1
2020-03-01	risikoländer coronavirus	False	Germany	1
2020-03-01	corona virus	False	Mauritius	1
2020-03-01	koronawirus w polsce	True	Poland	57
2020-03-01	how is coronavirus transmitted	False	United States	1
2020-03-01	south korea homicide coronavirus	False	Korea (South)	2
2020-03-01	coronavirus italy	False	Ireland	4
2020-03-01	gov.uk/coronavirus	False	United Kingdom	1
2020-03-01	stade 3 coronavirus	False	France	1
2020-03-01	coronavirus china	False	Australia	1
2020-03-01	is the coronavirus in india	False	United States	1
2020-03-01	coronavirus scotland	False	United States	1
2020-03-01	italian coronavirus	False	United Kingdom	1
2020-03-01	coronavirus in california la	False	United States	1
2020-03-01	london marathon 2020	True	United Kingdom	2
2020-03-01	東京都　コロナ	True	Japan	1
2020-03-01	coronavirus trentino	False	Germany	1
2020-03-01	portland coronavirus	False	United States	1
2020-03-01	corona virus bremen 11 infizierte	False	Germany	1
2020-03-01	france info	True	Spain	1
2020-03-01	droplet	True	Italy	2
2020-03-01	delta coronavirus	False	United States	1
2020-03-01	coronavirus in new mexico	False	United States	1
2020-03-01	vietnam coronavirus update	False	Australia	1
2020-03-01	coronavirus mannheim	False	Germany	1
2020-03-01	corona virus chart	False	United States	1
2020-03-01	coronavirus bristol	False	United Kingdom	1
2020-03-01	portugal coronavirus	False	Germany	1
2020-03-01	how many cases of coronavirus in thailand	False	United Kingdom	1
2020-03-01	coronavirus pfronten	False	Germany	1
2020-03-01	act health	True	Australia	1
2020-03-01	coronavirus deaths in us 2020	False	United States	1
2020-03-01	actualités	True	France	15
2020-03-01	covid 19 uk	False	United Kingdom	1
2020-03-01	corona virus in bury	False	United Kingdom	1
2020-03-01	china coronavirus news	False	United States	1
2020-03-01	products over coronavirus claims	False	United States	1
2020-03-01	signs of coronavirus	False	United States	1
2020-03-01	gisanddata coronavirus	False	France	1
2020-03-01	http://ncov.mohw.go.kr	False	Korea (South)	16
2020-03-01	coronavirus in nrw	False	Germany	1
2020-03-01	covid19	False	Japan	3
2020-03-01	coronavirus fvg scuole	False	Italy	1
2020-03-01	does russia have coronavirus	False	United States	1
2020-03-01	coronavirus avignon	False	France	1
2020-03-01	coronavirus florida orange county	False	United States	1
2020-03-01	best face masks for corona virus	False	United Kingdom	1
2020-03-01	bill gates coronavirus	False	United States	1
2020-03-01	coronavirus deutschland aktueller stand	False	Germany	1
2020-03-01	what is coronavirus	False	Canada	3
2020-03-01	microban 24	True	United States	1
2020-03-01	world coronavirus map	False	United States	1
2020-03-01	school closed coronavirus	False	United States	1
2020-03-01	updates on coronavirus today	False	United States	1
2020-03-01	warwickshire county council	True	United Kingdom	1
2020-03-01	new mexico governor	True	United States	1
2020-03-01	coronavirus outbreak	False	United Kingdom	1
2020-03-01	signs of coronavirus	False	Canada	1
2020-03-01	corona virus update	False	Israel	10
2020-03-01	coronavirus	False	Isle Of Man	1
2020-03-01	coronavirus venezia	False	Italy	1
2020-03-01	inovio	True	United States	1
2020-03-01	corona map virus	False	Germany	1
2020-03-01	what countries has coronavirus	False	United States	1
2020-03-01	corona virus veneto	False	Italy	1
2020-03-01	coronavirus allier	False	France	1
2020-03-01	coronavirus gardasee	False	Germany	1
2020-03-01	newsnow coronavirus latest	False	United Kingdom	1
2020-03-01	coronavirus in veneto	False	Italy	1
2020-03-01	tayside coronavirus	False	United Kingdom	1
2020-03-01	coronavirus haute marne	False	France	1
2020-03-01	gisanddata coronavirus	False	Germany	1
2020-03-01	coronavirus and copd	False	United States	1
2020-03-01	coronavirus carnac	False	France	1
2020-03-01	coronavirus cases in illinois	False	United States	1
2020-03-01	indonesia corona virus	False	Australia	1
2020-03-01	corona virus in dominican republic	False	Canada	1
2020-03-01	who is most at risk from coronovirus	False	United Kingdom	1
2020-03-01	coronavirus i sverige	False	Sweden	1
2020-03-01	coronavirus numbers	False	United States	1
2020-03-01	xunta de galicia	True	Spain	3
2020-03-01	dpcm	True	Italy	4
2020-03-01	coronavirus	False	Peru	100
2020-03-01	stade 3 epidemie	True	France	1
2020-03-01	http//ncov.mohw.go.kr	False	Korea (South)	6
2020-03-01	egypt coronavirus	False	United States	1
2020-03-01	how did coronavirus start	False	Canada	2
2020-03-01	coronavirus verbreitung karte	False	Switzerland	1
2020-03-01	fco travel advice	True	United Kingdom	6
2020-03-01	corona virus	False	Malta	30
2020-03-01	cgil	True	Italy	1
2020-03-01	where did coronavirus originate	False	United States	1
2020-03-01	corona virus in ireland	False	United States	1
2020-03-01	updates on coronavirus	False	United States	1
2020-03-01	nouveau cas coronavirus en france	False	France	1
2020-03-01	france coronavirus update	False	United Kingdom	1
2020-03-01	diamond princess	True	China	1
2020-03-01	is coronavirus in nj	False	United States	1
2020-03-01	corona virus in campania	False	Italy	1
2020-03-01	coronavirus kansas	False	United States	1
2020-03-01	venedig coronavirus	False	Germany	1
2020-03-01	unimi coronavirus	False	Italy	1
2020-03-01	coronavirus video	False	United States	1
2020-03-01	coronavirus venise	False	France	1
2020-03-01	coronavirus in north korea	False	United States	1
2020-03-01	coronavirus carte interactive	False	Belgium	1
2020-03-01	coronavirus par pays	False	France	1
2020-03-01	london coronavirus	False	United States	1
2020-03-01	coronavirus cases united states	False	United States	1
2020-03-01	coronavirus by states	False	United States	1
2020-03-01	corona virus in seattle	False	United States	1
2020-03-01	corona virus cases by country	False	United States	1
2020-03-01	corona virus spread map	False	United States	1
2020-03-01	corona virus new york state	False	United States	1
2020-03-01	coronavirus schools being shutdown	False	United States	1
2020-03-01	how to prepare for coronavirus pandemic	False	United States	1
2020-03-01	coronavirus poster uk	False	United Kingdom	1
2020-03-01	ffp 3 atemschutzmasken	True	Germany	1
2020-03-01	san donato milanese	True	Italy	1
2020-03-01	corona virus latest news	False	Australia	1
2020-03-01	coronavirus update	False	Italy	1
2020-03-01	coronavirus test	False	United States	1
2020-03-01	carnival cruise coronavirus	False	United States	1
2020-03-01	corona virus and mexico	False	United States	1
2020-03-01	iker jimenez	True	Spain	1
2020-03-01	coronavirus cases in california	False	United States	1
2020-03-01	coronavirus in california update	False	United States	1
2020-03-01	bfmtv coronavirus	False	France	1
2020-03-01	coronavirus baden-würtemberg	False	Germany	1
2020-03-01	coronavirus toronto	False	Canada	2
2020-03-01	new orleans jazz festival 2020	True	United States	1
2020-03-01	carte du monde coronavirus	False	France	1
2020-03-01	corona virus map	False	New Zealand	2
2020-03-01	coronavirus cases in united states map	False	United States	1
2020-03-01	viraclean	True	Australia	1
2020-03-01	ecole coronavirus	False	France	1
2020-03-01	maßnahmen coronavirus	False	Germany	1
2020-03-01	coronivirus update	False	United States	1
2020-03-01	coronavirus bodenseekreis	False	Germany	1
2020-03-01	coronavirus covid 19	False	United States	1
2020-03-01	what causes the coronavirus	False	United States	1
2020-03-01	covid19	False	Korea (South)	18
2020-03-01	coronavirus astérix	False	France	1
2020-03-01	coronavirus in the philippines update	False	United States	1
2020-03-01	coronavirus john hopkins map	False	Germany	1
2020-03-01	are we overreacting to coronavirus	False	United States	1
2020-03-01	corona virus india	False	India	4
2020-03-01	coronavirus number infected	False	United States	1
2020-03-01	updates on corona virus	False	United States	1
2020-03-01	coronavirus dans l'aisne	False	France	1
2020-03-01	corona virus in chicago	False	United States	1
2020-03-01	korona wirus mapa	True	Poland	8
2020-03-01	coronavirus in seattle	False	United States	1
2020-03-01	coronavirus salerno	False	Italy	1
2020-03-01	royal albert hall	True	United Kingdom	2
2020-03-01	trump twitter	True	China	1
2020-03-01	microsoft coronavirus	False	United States	1
2020-03-01	coronavirus dijon	False	France	1
2020-03-01	verschijnselen coronavirus	False	Netherlands	3
2020-03-01	statistique coronavirus	False	France	1
2020-03-01	sykes cottages	True	United Kingdom	6
2020-03-01	covid-19	False	Japan	5
2020-03-01	coronavirus mantova	False	Italy	1
2020-03-01	coronavirus ministere	False	France	1
2020-03-01	coronavirus washington nursing home	False	United States	1
2020-03-01	coronavirus abruzzo	False	Italy	2
2020-03-01	coronavirus españa	False	Spain	34
2020-03-01	symptoms of coronavirus	False	United Kingdom	12
2020-03-01	karte ausbreitung coronavirus	False	Germany	1
2020-03-01	coronavirus west yorkshire	False	United Kingdom	1
2020-03-01	latest corona virus	False	United States	1
2020-03-01	matt hancock coronavirus	False	United Kingdom	1
2020-03-01	is the coronavirus influenza	False	United States	1
2020-03-01	humour coronavirus	False	France	1
2020-03-01	bristol hippodrome	True	United Kingdom	2
2020-03-01	indonesia coronavirus	False	Australia	1
2020-03-01	italy lockdown coronavirus	False	United States	1
2020-03-01	#coronavirus twitter	False	United States	1
2020-03-01	cdc guidelines for coronavirus	False	United States	1
2020-03-01	has poland got coronavirus	False	United Kingdom	1
2020-03-01	warwick hospital	True	United Kingdom	1
2020-03-01	snl videos coronavirus	False	United States	1
2020-03-01	kuwait news	True	Kuwait	32
2020-03-01	updated coronavirus map	False	United States	1
2020-03-01	canadian tire hours	True	Canada	1
2020-03-01	coronavirus haut rhin	False	France	1
2020-03-01	coronavirus map live	False	United Kingdom	1
2020-03-01	corona virus in piemonte	False	Italy	1
2020-03-01	東京都	True	Japan	9
2020-03-01	coronavirus update new york city	False	United States	1
2020-03-01	coronavirus clermont de l'oise	False	France	1
2020-03-01	coronavirus update	False	Korea (South)	4
2020-03-01	russia coronavirus cases	False	United States	1
2020-03-01	nouveaux cas de coronavirus en france	False	France	1
2020-03-01	sc unemployment	True	United States	1
2020-03-01	spanish flu mortality rate	True	United States	1
2020-03-01	corona virus	False	Spain	2
2020-03-01	juventus inter coronavirus	False	France	1
2020-03-01	wuhan coronavirus update	False	United States	1
2020-03-01	coronavirus usa map update	False	United States	1
2020-03-01	worldometer coronavirus	False	Spain	1
2020-03-01	coronavirus aktuelle lage	False	Germany	1
2020-03-01	coronavirus food supply	False	United States	1
2020-03-01	qatar news	True	Qatar	46
2020-03-01	coronavirus cdc	False	United States	1
2020-03-01	coronavirus länderliste	False	Germany	1
2020-03-01	coronavirus now	False	United States	1
2020-03-01	new rochelle ny	True	United States	1
2020-03-01	where did coronavirus come from	False	United States	2
2020-03-01	is coronavirus in ireland	False	United States	1
2020-03-01	coronavirus scam	False	United States	1
2020-03-01	italy corona virus map	False	United States	1
2020-03-01	lanzarote coronavirus	False	United Kingdom	1
2020-03-01	scottish football	True	United Kingdom	3
2020-03-01	coronavirus latest figures	False	United Kingdom	1
2020-03-01	coronavirus verbreitung	False	Switzerland	1
2020-03-01	coronavirus china	False	Belgium	1
2020-03-01	what causes death from coronavirus	False	United States	1
2020-03-01	rki	True	Germany	13
2020-03-01	coronavirus compared to other epidemics	False	United States	1
2020-03-01	corona virus	False	Singapore	5
2020-03-01	el camino hospital	True	United States	1
2020-03-01	how do they test for coronavirus	False	United States	1
2020-03-01	koronavirus	True	Finland	100
2020-03-01	coronavirus hund symptome	False	Germany	1
2020-03-01	regione puglia	True	Italy	1
2020-03-01	how to prepare for coronavirus	False	United States	2
2020-03-01	did trump say corona virus is a hoax	False	United States	1
2020-03-01	corona virus update	False	Mauritius	34
2020-03-01	what are the symptoms of coronavirus	False	Australia	2
2020-03-01	information about coronavirus	False	United States	1
2020-03-01	updated coronavirus	False	United States	1
2020-03-01	statistiques coronavirus	False	France	1
2020-03-01	coronavirus in nys	False	United States	1
2020-03-01	irene montero	True	Spain	2
2020-03-01	coronavirus in canada	False	United States	1
2020-03-01	london coronavirus	False	Germany	1
2020-03-01	coronavirus deutschland karte	False	Germany	1
2020-03-01	coronavirus india	False	United States	1
2020-03-01	rhode island coronavirus case	False	United States	1
2020-03-01	coronavirus in italia aggiornamento	False	Italy	1
2020-03-01	coronavirus effects on economy	False	United States	1
2020-03-01	coronna virus aktuell	False	Germany	1
2020-03-01	coronavirus and children	False	United States	1
2020-03-01	carte en temps réel coronavirus	False	France	1
2020-03-01	carl goldman	True	United States	1
2020-03-01	aktuelle nachrichten	True	Germany	5
2020-03-01	coronavirus korea	False	Korea (South)	1
2020-03-01	coronavirus australien	False	Germany	1
2020-03-01	ultime notizie sul coronavirus	False	Italy	1
2020-03-01	coronavirus update	False	Germany	1
2020-03-01	hand sanitizer and corona virus	False	United States	1
2020-03-01	coronavirus palestre	False	Italy	1
2020-03-01	news coronavirus	False	Canada	1
2020-03-01	governor desantis	True	United States	1
2020-03-01	lgl bayern	True	Germany	1
2020-03-01	corona virus scotland update	False	United Kingdom	1
2020-03-01	middle east coronavirus	False	United States	1
2020-03-01	does the pope have corona virus	False	United States	1
2020-03-01	coronavirus oggi	False	Italy	1
2020-03-01	coronavirus notizie	False	Italy	1
2020-03-01	coronavirus death toll	False	Canada	3
2020-03-01	coronavirus tiempo real	False	Mexico	1
2020-03-01	coronavirus noticias	False	United States	1
2020-03-01	muenster coronavirus	False	Germany	1
2020-03-01	decoding the evolution and transmissions of the novel pneumonia coronavirus (sars-cov-2) using whole genomic data	False	China	1
2020-03-01	coronavirus update	False	Japan	1
2020-03-01	update on washington state corona virus death	False	United States	1
2020-03-01	coronavirus infektionszahlen	False	Germany	1
2020-03-01	coronavirus egypt	False	United Kingdom	1
2020-03-01	how to protect against coronavirus	False	United Kingdom	1
2020-03-01	coronavirus chest x-ray	False	United States	1
2020-03-01	guardian coronavirus update	False	United States	1
2020-03-01	coronavirus america	False	United Kingdom	1
2020-03-01	is the coronavirus contagious	False	United States	1
2020-03-01	coronavirus en méxico	False	Mexico	34
2020-03-01	kate brown	True	United States	1
2020-03-01	how many confirmed cases of coronavirus	False	United States	1
2020-03-01	new york city coronavirus	False	United States	1
2020-03-01	portugal coronavirus	False	United States	1
2020-03-01	corona virus reddit	False	United States	1
2020-03-01	who coronavirus update	False	United Kingdom	1
2020-03-01	signs and symptoms of coronavirus	False	Canada	1
2020-03-01	bologna coronavirus	False	Italy	1
2020-03-01	coronavirus tennessee	False	United States	1
2020-03-01	corona virus in italy	False	Canada	1
2020-03-01	coronavirus paris	False	Germany	1
2020-03-01	coronavirus	False	Korea (South)	22
2020-03-01	nhs 111	True	United Kingdom	1
2020-03-01	coronovirus in rhode island	False	United States	1
2020-03-01	aldi opening times today	True	United Kingdom	1
2020-03-01	coronavirus haut de france	False	France	1
2020-03-01	reading coronavirus	False	United Kingdom	1
2020-03-01	corona virus in seattle washington	False	United States	1
2020-03-01	what causes coronavirus	False	United States	1
2020-03-01	vorsichtsmaßnahmen coronavirus	False	Germany	1
2020-03-01	numero vert coronavirus	False	France	1
2020-03-01	coronavirus rochefort	False	France	1
2020-03-01	governor of virginia	True	United States	1
2020-03-01	coronavirus udine	False	Italy	1
2020-03-01	lori lightfoot	True	United States	1
2020-03-01	coronavirus in muenchen aktuell	False	Germany	1
2020-03-01	coronavirus carte	False	France	2
2020-03-01	coronavirus wo überall	False	Germany	1
2020-03-01	warners holidays 2020	True	United Kingdom	2
2020-03-01	south korea critical moment coronavirus	False	United States	1
2020-03-01	greece coronavirus	False	United States	1
2020-03-01	corona virus conspiracy	False	United States	1
2020-03-01	coronavirus wikipedia	False	United States	1
2020-03-01	strasbourg coronavirus	False	France	1
2020-03-01	covid19	False	Canada	4
2020-03-01	corona virus turkey	False	United Kingdom	1
2020-03-01	maroc et coronavirus	False	France	1
2020-03-01	coronavirus senlis	False	France	1
2020-03-01	update on the coronavirus	False	United States	1
2020-03-01	where coronavirus started	False	United States	1
2020-03-01	coronavirus deutschland tote	False	Germany	1
2020-03-01	houston coronavirus	False	United States	1
2020-03-01	current coronavirus map	False	United States	1
2020-03-01	coronavirus chine	False	Belgium	2
2020-03-01	コロナ	True	United States	1
2020-03-01	essen corona virus	False	Germany	1
2020-03-01	list of states with coronavirus	False	United States	1
2020-03-01	sky news coronavirus	False	United Kingdom	1
2020-03-01	coronavirus iran	False	Australia	1
2020-03-01	indonesia coronavirus update	False	Australia	1
2020-03-01	coronavirus uk	False	United Kingdom	16
2020-03-01	sc dhec	True	United States	1
2020-03-01	corona virus update	False	Australia	29
2020-03-01	el dorado county	True	United States	1
2020-03-01	coronavirus sarasota fl	False	United States	1
2020-03-01	what countries have coronavirus	False	Australia	1
2020-03-01	corona virus	False	Korea (South)	17
2020-03-01	coronavirus northwest community hospital	False	United States	1
2020-03-01	coronavirus mexique	False	France	1
2020-03-01	how to prepare for corona virus	False	United States	1
2020-03-01	coronavirus españa casos	False	Spain	1
2020-03-01	coronavirus rostock	False	Germany	1
2020-03-01	nieuws coronavirus	False	Netherlands	1
2020-03-01	epidemia coronavirus	False	Italy	1
2020-03-01	jetblue cancellation policy	True	United States	1
2020-03-01	italia coronavirus	False	Spain	1
2020-03-01	how is coronavirus spread	False	United States	1
2020-03-01	coronavirus vaud	False	Switzerland	1
2020-03-01	coronavirus in nc	False	United States	1
2020-03-01	actualités coronavirus	False	France	1
2020-03-01	how many cases of coronavirus in france	False	United Kingdom	1
2020-03-01	coronavirus in canada 2020	False	United States	1
2020-03-01	middle east respiratory syndrome coronavirus	False	United States	1
2020-03-01	who coronavirus	False	Sweden	1
2020-03-01	corona virus a verona	False	Italy	1
2020-03-01	coronavirus czech republic	False	United States	1
2020-03-01	arcgis coronavirus	False	Germany	1
2020-03-01	worldometer coronavirus	False	Malaysia	7
2020-03-01	coronovarus update	False	United States	1
2020-03-01	新型コロナウイルス感染症患者の増加に際しての電話	False	Japan	1
2020-03-01	covid19	False	United Kingdom	1
2020-03-01	new york city coronavirus updates	False	United States	1
2020-03-01	coronavirus italia news	False	Italy	2
2020-03-01	bilan coronavirus	False	France	1
2020-03-01	pressekonferenz coronavirus	False	Germany	1
2020-03-01	corona virus test kit	False	United States	1
2020-03-01	global map of coronavirus	False	United States	1
2020-03-01	coronavirus france	False	United States	1
2020-03-01	coronavirus trois-rivieres	False	Canada	1
2020-03-01	coronavirus deutschland	False	Austria	2
2020-03-01	coronavirus in iran	False	Canada	1
2020-03-01	update on coronavirus usa	False	United States	1
2020-03-01	vacuna coronavirus	False	Spain	1
2020-03-01	coronavirus in new zealand	False	United Kingdom	1
2020-03-01	coronavirus symptoms	False	Japan	1
2020-03-01	gel hydroalcoolique fait maison	True	France	2
2020-03-01	coronavirus fälle deutschland	False	Germany	1
2020-03-01	what caused the coronavirus	False	United States	1
2020-03-01	coronavirus duisburg	False	Germany	1
2020-03-01	coronavirus in the carribean	False	United States	1
2020-03-01	caribbean princess	True	United States	1
2020-03-01	latest on corona virus	False	United States	1
2020-03-01	coronavirus in venice italy	False	United States	1
2020-03-01	carte france coronavirus	False	France	2
2020-03-01	signs of corona virus	False	United States	1
2020-03-01	coronavirus ukraine	False	Germany	1
2020-03-01	what are the symptoms of the coronavirus	False	Canada	1
2020-03-01	south africa coronavirus	False	South Africa	1
2020-03-01	suisse coronavirus	False	France	1
2020-03-01	coronavirus in romania	False	Romania	7
2020-03-01	numéro coronavirus	False	France	1
2020-03-01	coronavirus north korea	False	United States	1
2020-03-01	coronavirus by state	False	United States	1
2020-03-01	fhi	True	Norway	50
2020-03-01	indonesia coronavirus	False	United States	1
2020-03-01	how many cases of coronavirus in china	False	United States	1
2020-03-01	(http://ncov.mohw.go.kr	False	Korea (South)	2
2020-03-01	'no need to panic': president trump says risk to americans is low as first coronavirus death reported in us	False	United States	1
2020-03-01	latest news on coronavirus uk	False	United Kingdom	1
2020-03-01	china coronavirus lockdown	False	United States	1
2020-03-01	coronavirus guadeloupe	False	France	1
2020-03-01	coronavirus in portugal	False	United States	1
2020-03-01	coronavirus live map	False	Poland	10
2020-03-01	world corona virus	False	United States	1
2020-03-01	cdc guidelines coronavirus	False	United States	1
2020-03-01	coronavirus update in china today	False	United States	1
2020-03-01	corona virus nys	False	United States	1
2020-03-01	update on coronavirus in us	False	United States	1
2020-03-01	countries with coronavirus	False	Australia	1
2020-03-01	kultusministerium bayern coronavirus	False	Germany	1
2020-03-01	cruise critic coronavirus	False	United States	1
2020-03-01	coronavirus and asthma	False	United States	1
2020-03-01	coronavirus	False	Gabon	1
2020-03-01	coronavirus news now	False	United Kingdom	1
2020-03-01	braemar cruise ship	True	United Kingdom	1
2020-03-01	how long does coronavirus last in the body	False	United States	1
2020-03-01	coronavirus ultime notizie	False	Italy	16
2020-03-01	symptoms of coronavirus	False	Qatar	5
2020-03-01	coronavirus update	False	Tanzania	1
2020-03-01	corona virus update	False	Zambia	1
2020-03-01	ministerio de salud	True	Colombia	1
2020-03-01	ultima ora coronavirus	False	Italy	1
2020-03-01	cura del coronavirus	False	Dominican Republic	1
2020-03-01	coronavirus griechenland	False	Germany	1
2020-03-01	trump coronavirus	False	China	1
2020-03-01	corona virus in italia	False	United States	1
2020-03-01	berlin coronavirus	False	United Kingdom	1
2020-03-01	caronavirus uk	False	United Kingdom	1
2020-03-01	london marathon coronavirus	False	United Kingdom	1
2020-03-01	segurança social directa	True	Portugal	100
2020-03-01	what is coronavirus	False	Australia	3
2020-03-01	csse	True	China	1
2020-03-01	coronavirus sarasota	False	United States	1
2020-03-01	where coronavirus in usa	False	United States	1
2020-03-01	how long has the coronavirus been here	False	United States	1
2020-03-01	how to prepare for a pandemic	True	United States	1
2020-03-01	new york corona virus	False	United States	1
2020-03-01	karlsruhe coronavirus	False	Germany	1
2020-03-01	r0 coronavirus	False	United States	1
2020-03-01	coronavirus map	False	Ireland	14
2020-03-01	corona virus in uk	False	United Kingdom	1
2020-03-01	coronavirus dans le monde	False	Belgium	1
2020-03-01	livekarte coronavirus	False	Germany	1
2020-03-01	warner leisure hotels	True	United Kingdom	4
2020-03-01	corona virus	False	Italy	12
2020-03-01	rki coronavirus	False	Germany	9
2020-03-01	cineworld	True	United Kingdom	8
2020-03-01	coronavirus iran	False	United States	1
2020-03-01	le coronavirus en italie	False	France	1
2020-03-01	coronavirus in europa	False	Germany	1
2020-03-01	jcyl	True	Spain	3
2020-03-01	what are the symptoms of the coronavirus 2020	False	United States	1
2020-03-01	coronavirus toll	False	United Kingdom	1
2020-03-01	corona virus update map	False	United States	1
2020-03-01	coronavirus us map 2020	False	United States	1
2020-03-01	update on coronavirus in china	False	United States	1
2020-03-01	coronavirus	False	Mauritius	96
2020-03-01	korea coronavirus	False	Malaysia	2
2020-03-01	caronavieren aktuell	False	Germany	1
2020-03-01	coronavirus in canada news	False	United States	1
2020-03-01	mike bloomberg coronavirus	False	United States	1
2020-03-01	how did the coronavirus start	False	Canada	1
2020-03-01	coronavirus task force	False	United States	1
2020-03-01	symptome corona virus	False	France	1
2020-03-01	coronavirus north carolina cases	False	United States	1
2020-03-01	corona virus dortmund	False	Germany	1
2020-03-01	rz mask	True	United States	1
2020-03-01	coronavirus latest death toll	False	United Kingdom	1
2020-03-01	does the pope have coronavirus	False	United States	1
2020-03-01	coronavirus usa	False	Switzerland	1
2020-03-01	info gouvernement coronavirus	False	France	1
2020-03-01	coronavirus ludwigsburg	False	Germany	1
2020-03-01	bahrain coronavirus	False	United States	1
2020-03-01	how do you die from coronavirus	False	United States	1
2020-03-01	coronavirus in trentino	False	Italy	1
2020-03-01	asthma and coronavirus	False	United Kingdom	1
2020-03-01	atemschutzmasken coronavirus	False	Germany	1
2020-03-01	coronavirus jamaica	False	United States	1
2020-03-01	coronavirus count	False	United Kingdom	1
2020-03-01	iran corona virus	False	Australia	2
2020-03-01	corona virus españa	False	Spain	1
2020-03-01	has anyone survived coronavirus	False	United States	1
2020-03-01	coronavirus metz	False	France	1
2020-03-01	coronavirus us	False	United States	2
2020-03-01	corona virus in alabama	False	United States	1
2020-03-01	el paso news	True	United States	1
2020-03-01	coronavirus chicago	False	United States	1
2020-03-01	numéro vert coronavirus	False	France	1
2020-03-01	hannover messe 2020	True	Germany	1
2020-03-01	coronavirus outbreak	False	Japan	1
2020-03-01	coronavirus barcelone	False	France	1
2020-03-01	indonesia coronavirus	False	Singapore	10
2020-03-01	anthony fauci	True	United States	1
2020-03-01	meadowhall	True	United Kingdom	1
2020-03-01	coronovirus italy	False	United Kingdom	1
2020-03-01	region skåne	True	Sweden	1
2020-03-01	mascherine	True	Italy	1
2020-03-01	update on coronavirus cdc	False	United States	1
2020-03-01	corona virus in italia	False	Italy	1
2020-03-01	coronavirus south korea	False	United Kingdom	1
2020-03-01	john hopkins coronavirus tracker	False	United States	3
2020-03-01	coronavirus today	False	United Kingdom	1
2020-03-01	sardegna coronavirus	False	Italy	1
2020-03-01	covid19 new yorktimes	False	United States	1
2020-03-01	coronavirus usa	False	Italy	1
2020-03-01	coronavirus grèce	False	France	1
2020-03-01	nhs 111 online	True	United Kingdom	1
2020-03-01	who coronavirus latest	False	United Kingdom	1
2020-03-01	caribbean cruise coronavirus	False	United States	1
2020-03-01	corona virus cases in florida	False	United States	1
2020-03-01	corona virus in south korea	False	United States	1
2020-03-01	new york corona virus case	False	United States	1
2020-03-01	coronavirus china	False	Germany	2
2020-03-01	seattle coronavirus	False	Canada	1
2020-03-01	aida corona virus wo liegt das schiff	False	Germany	1
2020-03-01	demain nous appartient	True	France	5
2020-03-01	corona virus teneriffa	False	Germany	1
2020-03-01	public health england	True	United Kingdom	5
2020-03-01	last news about coronavirus	False	United States	1
2020-03-01	coronavirus count	False	Australia	1
2020-03-01	italy coronavirus	False	Italy	1
2020-03-01	新型コロナウイルス感染症市民向け感染予防ハンドブック	False	Japan	1
2020-03-01	coronavirus ultimi aggiornamenti	False	Italy	1
2020-03-01	eyam plague village	True	United Kingdom	1
2020-03-01	carte infection coronavirus	False	France	1
2020-03-01	coronavirus perpignan	False	France	1
2020-03-01	usa coronavirus	False	Germany	1
2020-03-01	saudi arabia coronavirus	False	United States	1
2020-03-01	coronavirus update san francisco	False	United States	1
2020-03-01	where are coronavirus outbreaks in usa	False	United States	1
2020-03-01	is the coronavirus in scotland	False	United Kingdom	1
2020-03-01	coronavirus in seattle wa	False	United States	1
2020-03-01	coronavirus north carolina	False	United States	1
2020-03-01	coronavirus update john hopkins map	False	United States	1
2020-03-01	ultimas noticias del coronavirus	False	Spain	1
2020-03-01	coronavirus españa mapa	False	Spain	1
2020-03-01	what are the symptoms of the coronavirus	False	United States	3
2020-03-01	coronavirus panikmache	False	Germany	1
2020-03-01	what is coronavirus symptoms	False	Australia	1
2020-03-01	symptome coronavirus	False	France	1
2020-03-01	corona virus weltweit	False	Germany	1
2020-03-01	coronavirus georgia	False	United States	1
2020-03-01	coronavirus italia casi	False	Italy	1
2020-03-01	update on coronavirus	False	United States	2
2020-03-01	coronavirus a fiumicino	False	Italy	1
2020-03-01	coronavirus bbc	False	United Kingdom	1
2020-03-01	coronavirus deutschland	False	Belgium	1
2020-03-01	who created coronavirus	False	United States	1
2020-03-01	coronavirus in emilia romagna	False	Italy	1
2020-03-01	coronavirus contagi	False	Italy	1
2020-03-01	corona virus statistics	False	United States	1
2020-03-01	coronavirus santa clara county	False	United States	1
2020-03-01	stephen king twitter	True	United States	1
2020-03-01	kroger hours	True	United States	1
2020-03-01	corona virus by countries	False	United States	1
2020-03-01	coronavirus situazione attuale	False	Italy	1
2020-03-01	coronavirus death rate vs flu	False	United States	1
2020-03-01	coronavirus kaiserslautern	False	Germany	1
2020-03-01	mike pence coronavirus	False	United States	1
2020-03-01	coronavirus in bradford	False	United Kingdom	1
2020-03-01	how to not get the corona virus	False	United States	1
2020-03-01	jet2	True	Spain	1
2020-03-01	aggiornamenti coronavirus italia	False	Italy	1
2020-03-01	are there any coronavirus cases in ohio	False	United States	1
2020-03-01	indiana news	True	United States	1
2020-03-01	arcgis.com coronavirus	False	United States	1
2020-03-01	wakefield council	True	United Kingdom	1
2020-03-01	coronavirus stock market	False	United Kingdom	1
2020-03-01	gesundheitsamt heidelberg corona virus 2020	False	Germany	1
2020-03-01	coronavirus in cancun	False	United States	1
2020-03-01	did trump say coronavirus was a hoax	False	United States	1
2020-03-01	coronavirus and air travel	False	United States	1
2020-03-01	coronavirus bodensee	False	Germany	1
2020-03-01	coronavirus clermont	False	France	1
2020-03-01	bilan coronavirus en france	False	France	1
2020-03-01	hillsborough county coronavirus	False	United States	1
2020-03-01	coronoviris update	False	United States	1
2020-03-01	rics	True	United Kingdom	1
2020-03-01	coronavirus egypte	False	France	1
2020-03-01	coronavirus types	False	United States	1
2020-03-01	corona virus update	False	Mexico	2
2020-03-01	coronavirus vietnam	False	United States	1
2020-03-01	john hopkins coronavirus map	False	United Kingdom	1
2020-03-01	coronoa virus deutschland	False	Germany	1
2020-03-01	coronavirus tampa fl	False	United States	1
2020-03-01	coronavirus carte de france	False	France	1
2020-03-01	amarillo news	True	United States	1
2020-03-01	new york coronavirus	False	United States	2
2020-03-01	welcher mundschutz bei coronavirus	False	Germany	1
2020-03-01	iran coronavirus	False	Australia	1
2020-03-01	coronavirus map	False	Japan	1
2020-03-01	coronavirus in heilbronn	False	Germany	1
2020-03-01	update on corona virus	False	United States	1
2020-03-01	corona virus liveticker	False	Germany	1
2020-03-01	snl pence coronavirus	False	United States	1
2020-03-01	coronavirus nl63	False	United States	1
2020-03-01	coronavirus jokes	False	United States	1
2020-03-01	oise coronavirus	False	France	1
2020-03-01	cornavirus uk	False	United Kingdom	1
2020-03-01	coronavirus update	False	Switzerland	3
2020-03-01	coronavirus montreal	False	Canada	6
2020-03-01	elderberry and coronavirus	False	United States	1
2020-03-01	coronavirus russia	False	Italy	1
2020-03-01	when will the coronavirus end	False	United States	1
2020-03-01	información del coronavirus	False	Mexico	1
2020-03-01	aktuelles vom coronavirus	False	Germany	1
2020-03-01	coronavirus vosges	False	France	1
2020-03-01	coronavirus schutzmaßnahmen	False	Germany	1
2020-03-01	coronavirus a toulouse	False	France	1
2020-03-01	coronavirus pékin insuffisances	False	France	1
2020-03-01	covid19	False	China	4
2020-03-01	signs and symptoms of coronavirus	False	United States	1
2020-03-01	symptome du coronavirus	False	France	1
2020-03-01	coronavirus dominikanische republik	False	Germany	1
2020-03-01	cdc facial hair	True	United States	1
2020-03-01	what are the symptoms of coronavirus diseases	False	United States	1
2020-03-01	haven holidays	True	United Kingdom	5
2020-03-01	coronovirus in oregon	False	United States	1
2020-03-01	rhode island hospital coronavirus	False	United States	1
2020-03-01	définition coronavirus	False	France	1
2020-03-01	1st american coronavirus death	False	United States	1
2020-03-01	actualités coronavirus france	False	France	1
2020-03-01	coronavirus in numbers	False	United Kingdom	1
2020-03-01	japon coronavirus	False	France	1
2020-03-01	coronavirus grippe	False	France	1
2020-03-01	coronavirus symtoms	False	United Kingdom	1
2020-03-01	cape cod news	True	United States	1
2020-03-01	coronavirus umbria	False	Italy	2
2020-03-01	corona virus nebraska	False	United States	1
2020-03-01	coronavirus deaths	False	United States	3
2020-03-01	ben shapiro	True	United States	1
2020-03-01	what is the coronavirus	False	Australia	1
2020-03-01	list of countries with coronavirus	False	United Kingdom	1
2020-03-01	coronavirus map	False	United Kingdom	4
2020-03-01	ministero istruzione	True	Italy	2
2020-03-01	how many cases of coronavirus	False	United Kingdom	1
2020-03-01	is it safe to cruise coronavirus	False	United States	1
2020-03-01	coronavirus in the carribbean	False	United States	1
2020-03-01	corona virus cdc	False	United States	1
2020-03-01	新型コロナウイルス感染症の発生による影響に関する確認資料	False	Japan	1
2020-03-01	coronavirus	False	Cuba	1
2020-03-01	coronavirus santa clara ca	False	United States	1
2020-03-01	update coronovirus	False	United States	1
2020-03-01	lamorlaye coronavirus	False	France	1
2020-03-01	wuhan coronavirus	False	United States	1
2020-03-01	coronavirus update	False	Mauritius	100
2020-03-01	corona virus in chicago update	False	United States	1
2020-03-01	new coronavirus	False	Canada	1
2020-03-01	corea del nord	True	Italy	1
2020-03-01	carte interactive coronavirus	False	France	1
2020-03-01	coronavirus españa última hora	False	Spain	4
2020-03-01	how to not get coronavirus	False	United States	1
2020-03-01	milan coronavirus	False	United States	1
2020-03-01	china coronavirus deaths	False	United States	1
2020-03-01	liste des pays touches par le coronavirus	False	France	1
2020-03-01	coronavirus duitsland	False	Belgium	1
2020-03-01	tim cook india covid19gurmanbloomberg	False	Germany	1
2020-03-01	laurie garrett coronavirus	False	United States	1
2020-03-01	coronavirus epidemic	False	United States	1
2020-03-01	new york coronavirus case	False	United States	1
2020-03-01	which states have the coronavirus	False	United States	1
2020-03-01	coronavirus italy	False	Australia	7
2020-03-01	coronavirus by country	False	Canada	1
2020-03-01	rki coronavirus aktuell	False	Germany	1
2020-03-01	corona viru	False	United States	1
2020-03-01	trump coronavirus	False	Germany	1
2020-03-01	what are the symptoms of coronavirus	False	United States	1
2020-03-01	is coronavirus a pandemic	False	Australia	1
2020-03-01	when will coronavirus end	False	United States	1
2020-03-01	coronavirus impfung	False	Germany	1
2020-03-01	coronavirus mayenne	False	France	1
2020-03-01	coronavirus cases in texas	False	United States	1
2020-03-01	corona virus spain	False	Spain	1
2020-03-01	coronavirus nj	False	United States	1
2020-03-01	contagi coronavirus nel mondo	False	Italy	1
2020-03-01	coronavirus by country map	False	United States	1
2020-03-01	coronavirus in caribbean	False	United States	1
2020-03-01	does travel insurance cover coronavirus	False	United States	1
2020-03-01	jet2 flights	True	Spain	1
2020-03-01	bali corona virus	False	Australia	2
2020-03-01	coronavirus japan	False	Japan	1
2020-03-01	crohn's and colitis uk	True	United Kingdom	1
2020-03-01	who coronavirus report	False	Germany	1
2020-03-01	aktueller stand coronavirus	False	Germany	1
2020-03-01	houston coronavirus case	False	United States	1
2020-03-01	coronavirus germany	False	United States	1
2020-03-01	coronavirus in russland	False	Germany	1
2020-03-01	coronavirus affiche	False	France	1
2020-03-01	wisconsin news	True	United States	1
2020-03-01	symptomes coronavirus	False	France	1
2020-03-01	oise et coronavirus	False	France	1
2020-03-01	corona virus face masks	False	United States	1
2020-03-01	coronavirus	False	Romania	100
2020-03-01	update coronavirus	False	United States	1
2020-03-01	coronavirus england	False	United Kingdom	1
2020-03-01	coronavirus ecuador	False	United States	1
2020-03-01	glastonbury 2020	True	United Kingdom	2
2020-03-01	neuigkeiten coronavirus	False	Germany	1
2020-03-01	saturday night live coronavirus	False	United States	1
2020-03-01	coronavirus john hopkins	False	Italy	1
2020-03-01	latest on coronavirus	False	Canada	1
2020-03-01	ultimas noticias coronavirus	False	Spain	2
2020-03-01	sacramento corona virus	False	United States	1
2020-03-01	coronavirus dans l oise	False	France	1
2020-03-01	coronavirus tampa	False	United States	1
2020-03-01	prognose coronavirus	False	Germany	1
2020-03-01	who coronavirus alert	False	United Kingdom	1
2020-03-01	death in us from coronvirus	False	United States	1
2020-03-01	waitrose opening hours	True	United Kingdom	1
2020-03-01	how is coronavirus different than flu	False	United States	1
2020-03-01	corona virus panic	False	United States	1
2020-03-01	aktuell coronavirus	False	Germany	1
2020-03-01	coronavirus cases in italy	False	United States	1
2020-03-01	https://www.gouvernement.fr/info-coronavirus	False	France	1
2020-03-01	trevor bedford	True	China	1
2020-03-01	corona virus latest news	False	India	1
2020-03-01	aeroporto bologna	True	Italy	1
2020-03-01	indiana governor	True	United States	1
2020-03-01	coronavirus latest	False	United Kingdom	18
2020-03-01	corona bier virus	False	Germany	1
2020-03-01	wie erkenne ich coronavirus	False	Germany	1
2020-03-01	who corona virus	False	Germany	1
2020-03-01	coronavirus definition	False	Germany	1
2020-03-01	coronavirus in oberbayern	False	Germany	1
2020-03-01	covid19	False	Sweden	1
2020-03-01	coronavirus grenoble	False	France	1
2020-03-01	coronavirus ticker	False	Switzerland	1
2020-03-01	nhs 24	True	United Kingdom	1
2020-03-01	when did coronavirus start	False	Australia	1
2020-03-01	delaware county pa	True	United States	1
2020-03-01	corona virus in spain	False	United States	1
2020-03-01	what are the symptoms of coronavirus	False	Canada	3
2020-03-01	johns hopkins coronavirus map	False	Canada	1
2020-03-01	france info	True	France	14
2020-03-01	coronavirus tourcoing	False	France	1
2020-03-01	san francisco coronavirus	False	Canada	1
2020-03-01	coronavirus wie lange krank	False	Germany	1
2020-03-01	new york coronavirus cases	False	United States	1
2020-03-01	how to prevent coronavirus	False	United Kingdom	1
2020-03-01	coronavirus update	False	Czech Republic	12
2020-03-01	coronavirus news usa	False	United States	1
2020-03-01	corona virus	False	Uganda	1
2020-03-01	coronavirus amsterdam	False	United States	1
2020-03-01	united states coronavirus map	False	United States	1
2020-03-01	60 minutes australia	True	Australia	3
2020-03-01	carona virus in canada	False	Canada	1
2020-03-01	coronavirus santa clara	False	United States	1
2020-03-01	elderberry syrup	True	United States	1
2020-03-01	dallas county jail	True	United States	1
2020-03-01	kachelmann	True	Germany	1
2020-03-01	colton underwood	True	United States	1
2020-03-01	corona virus in italy	False	United States	1
2020-03-01	corona virus in mexico	False	Canada	1
2020-03-01	prepare for coronavirus	False	United States	1
2020-03-01	minnesota coronavirus	False	United States	1
2020-03-01	coronavirus aktuell bayern	False	Germany	1
2020-03-01	corona virus bremen	False	Germany	1
2020-03-01	coronaviruses	False	China	1
2020-03-01	que es el coronavirus	False	Ecuador	4
2020-03-01	coronavirus in va	False	United States	1
2020-03-01	what are the symptoms of corona virus	False	United States	1
2020-03-01	how to make hand sanitizer	True	United States	2
2020-03-01	bilan coronavirus france	False	France	1
2020-03-01	coronavirus au canada	False	France	1
2020-03-01	symptomes du coronavirus	False	France	1
2020-03-01	noticias del coronavirus	False	Mexico	1
2020-03-01	coronavirus usa	False	Australia	1
2020-03-01	coronavirus en belgique	False	Belgium	3
2020-03-01	casos de coronavirus en mexico	False	Mexico	1
2020-03-01	who is at risk for coronavirus	False	United States	1
2020-03-01	how do you get coronavirus	False	United States	1
2020-03-01	cancun corona virus	False	United States	1
2020-03-01	coronavirus euskadi	False	Spain	1
2020-03-01	coronavirus graz	False	Austria	1
2020-03-01	corona virus travel restrictions	False	United States	1
2020-03-01	coronavirus in new york state	False	United States	1
2020-03-01	ordinanza regione lombardia	True	Italy	1
2020-03-01	john hopkins coronavirus	False	Spain	1
2020-03-01	when will coronavirus be over	False	United States	1
2020-03-01	germersheim	True	Germany	1
2020-03-01	confirmed corona virus cases in california	False	United States	1
2020-03-01	singapore+coronavirus	False	United Kingdom	1
2020-03-01	coronna virus en france	False	France	1
2020-03-01	is the coronavirus more deadly than the flu	False	United States	1
2020-03-01	coronovirus chicago	False	United States	1
2020-03-01	corona virus australia	False	Australia	4
2020-03-01	coronavirus in cats	False	United States	1
2020-03-01	update coronavirus	False	Netherlands	1
2020-03-01	oms coronavirus	False	France	2
2020-03-01	carte italie coronavirus	False	France	1
2020-03-01	corona virus update guardian	False	United States	1
2020-03-01	when did the corona virus start	False	Australia	1
2020-03-01	coronavirus in ilkley	False	United Kingdom	1
2020-03-01	新型コロナウイルス感染症に対する感染管理	False	Japan	1
2020-03-01	united states coronavirus cases	False	United States	1
2020-03-01	italy corona virus	False	Australia	1
2020-03-01	coronavirus in japan	False	Japan	1
2020-03-01	statutory sick pay	True	United Kingdom	1
2020-03-01	coronavirus genova	False	Italy	1
2020-03-01	coronavirus alpes maritimes	False	France	1
2020-03-01	corona virus vaccino	False	Italy	1
2020-03-01	coronavirus rosenheim	False	Germany	1
2020-03-01	ffp3 masken	True	Germany	1
2020-03-01	livingston county	True	United States	1
2020-03-01	logimat 2020	True	Germany	2
2020-03-01	coronavirus travel insurance	False	Australia	1
2020-03-01	coronavirus update in california	False	United States	1
2020-03-01	cdc covid19	False	United States	1
2020-03-01	did trump say the coronavirus was a hoax	False	United States	1
2020-03-01	coronavirus stats	False	Ireland	6
