Date	Query	IsImplicitIntent	Country	PopularityScore
2020-04-01	coronavirus scotland gov	False	United Kingdom	1
2020-04-01	origin of coronavirus in china	False	United States	1
2020-04-01	wv coronavirus updates	False	United States	1
2020-04-01	covid 19 deaths in usa	False	United States	1
2020-04-01	coronavirus karte verbreitung	False	Germany	1
2020-04-01	coronavirus vs allergies vs flu	False	United States	1
2020-04-01	decreto legge 17 marzo 2020	True	Italy	1
2020-04-01	easter coronavirus	False	United States	1
2020-04-01	montana coronavirus	False	United States	2
2020-04-01	skid row coronavirus	False	United States	1
2020-04-01	china coronavirus infection rate	False	United States	1
2020-04-01	coronavirus affordable care act	False	United States	1
2020-04-01	maryland governor coronavirus	False	United States	1
2020-04-01	wv coronavirus update	False	United States	1
2020-04-01	coronavirus day by day statistics	False	United States	1
2020-04-01	origin of covid 19	False	United States	1
2020-04-01	coronavirus bayern karte	False	Germany	1
2020-04-01	covid 19 niagara falls ontario	False	Canada	1
2020-04-01	eating bats coronavirus	False	United States	1
2020-04-01	covid 19 lockdown	False	United States	1
2020-04-01	coronavirus oklahoma	False	United States	1
2020-04-01	bing covid 19	False	United States	1
2020-04-01	corona virus statistics australia	False	Australia	4
2020-04-01	attestation derogatoire coronavirus	False	France	1
2020-04-01	coronavirus coloring page	False	United States	1
2020-04-01	salvoconducto coronavirus	False	Spain	1
2020-04-01	who coronavirus map	False	Germany	1
2020-04-01	covid 19 tracker world	False	India	13
2020-04-01	bono covid-19	False	Chile	12
2020-04-01	echinacea coronavirus	False	United States	1
2020-04-01	wv coronavirus map	False	United States	1
2020-04-01	ramipril and covid 19	False	United Kingdom	1
2020-04-01	coronavirus map	False	Estonia	13
2020-04-01	coronavirus cases in pennsylvania by county	False	United States	1
2020-04-01	coronavirus task force briefing today	False	United States	1
2020-04-01	wv coronavirus death	False	United States	1
2020-04-01	origin of the coronavirus	False	United States	1
2020-04-01	covid 19 testing uk	False	United Kingdom	1
2020-04-01	global death toll coronavirus	False	United Kingdom	1
2020-04-01	covid19 live	False	United Kingdom	1
2020-04-01	eclkc	True	United States	1
2020-04-01	montana coronavirus by county	False	United States	1
2020-04-01	lysol coronavirus	False	United States	1
2020-04-01	covid 19 death by state	False	United States	1
2020-04-01	coronavirus okaloosa county	False	United States	1
2020-04-01	corona virus statistics	False	Australia	19
2020-04-01	wv coronavirus cases	False	United States	1
2020-04-01	coronavirus treatment cdc	False	United States	1
2020-04-01	ecuador coronavirus	False	Mexico	5
2020-04-01	cases of coronavirus in pennsylvania	False	United States	1
2020-04-01	coronavirus tirol	False	Austria	2
2020-04-01	eclkc head start	True	United States	1
2020-04-01	russia coronavirus	False	Australia	1
2020-04-01	coronavirus monitor morgenpost	False	Germany	1
2020-04-01	ottawa covid 19 cases	False	Canada	1
2020-04-01	origination of coronavirus	False	United States	1
2020-04-01	charles lieber	True	United States	1
2020-04-01	wv coronavirus	False	United States	1
2020-04-01	vat coronavirus	False	United Kingdom	1
2020-04-01	corona virus eua	False	Brazil	1
2020-04-01	dibujo del coronavirus	False	Spain	1
2020-04-01	coronavirus by location	False	United Kingdom	1
2020-04-01	economic effects of coronavirus	False	United States	1
2020-04-01	coronavirus affecting economy	False	United States	1
2020-04-01	coronavirus augsburg	False	Germany	1
2020-04-01	coronavirus en israel	False	France	1
2020-04-01	who coronavirus karte	False	Germany	1
2020-04-01	coronavirus ohio.gov	False	United States	1
2020-04-01	chinese crematoriums coronavirus	False	United States	1
2020-04-01	covid 19 warning signage	False	United States	1
2020-04-01	corona virus south australia	False	Australia	1
2020-04-01	wv corona virus update	False	United States	1
2020-04-01	coronavirus disegni	False	Italy	1
2020-04-01	economic impact of coronavirus	False	United States	1
2020-04-01	origins of coronavirus	False	United States	1
2020-04-01	maryland health department coronavirus	False	United States	1
2020-04-01	evolution coronavirus france	False	France	1
2020-04-01	corona virus alabama	False	United States	1
2020-04-01	coronavirus update italy	False	United States	1
2020-04-01	chattanooga coronavirus	False	United States	1
2020-04-01	rainbows in windows	True	United Kingdom	2
2020-04-01	aktuelle zahlen coronavirus	False	Germany	3
2020-04-01	coronavirus scotland deaths	False	United Kingdom	1
2020-04-01	coronavirus update in nj	False	United States	1
2020-04-01	economy and coronavirus	False	United States	1
2020-04-01	decreto legge 25 marzo 2020	True	Italy	1
2020-04-01	montana coronavirus cases	False	United States	1
2020-04-01	skagit county health department	True	United States	1
2020-04-01	worldometer coronavirus italy	False	United Kingdom	1
2020-04-01	wv corona virus cases	False	United States	1
2020-04-01	memes del coronavirus	False	Spain	1
2020-04-01	orlando coronavirus	False	United States	1
2020-04-01	coronavirus ohio updates	False	United States	1
2020-04-01	coronavirus map	False	Peru	3
2020-04-01	coronavirus	False	Estonia	55
2020-04-01	ecuador and coronavirus	False	United States	1
2020-04-01	corona virus restrictions	False	Australia	1
2020-04-01	covid 19 map hopkins	False	United States	1
2020-04-01	covid 19 niagara region	False	Canada	1
2020-04-01	state of california corona virus	False	United States	1
2020-04-01	london lockdown	True	United Kingdom	1
2020-04-01	wv corona virus	False	United States	1
2020-04-01	coronavirus aerosol	False	United States	1
2020-04-01	mortalité coronavirus france	False	France	1
2020-04-01	bing covid 19 interactive map	False	United States	1
2020-04-01	coronavirus cases in pennsylvania	False	United States	1
2020-04-01	ecuador corona virus	False	United States	1
2020-04-01	orlando coronavirus cases	False	United States	1
2020-04-01	bono covid19	False	Chile	13
2020-04-01	airbnb coronavirus cancellation	False	United States	1
2020-04-01	what is the coronavirus	False	Australia	1
2020-04-01	coronavirus update usa by state	False	United States	1
2020-04-01	who coronavirus aktuell	False	Germany	1
2020-04-01	montana coronavirus cases map	False	United States	1
2020-04-01	wuhan wet market	True	United States	1
2020-04-01	rainbow pictures	True	United Kingdom	4
2020-04-01	worldometer coronavirus	False	Lebanon	46
2020-04-01	ecuador coronavirus	False	United States	1
2020-04-01	coronavirus ohio update map	False	United States	1
2020-04-01	corona virus queensland	False	Australia	1
2020-04-01	cases of coronavirus in canada	False	Canada	1
2020-04-01	corona virus tracker	False	Germany	1
2020-04-01	corporation tax	True	United Kingdom	1
2020-04-01	orlando florida coronavirus	False	United States	1
2020-04-01	coronavirus updates long beach ca	False	United States	1
2020-04-01	wuhan virus news	False	United States	1
2020-04-01	coronavirus updates	False	Georgia	100
2020-04-01	cases of coronavirus in pa	False	United States	1
2020-04-01	ecuador coronavirus news	False	United States	1
2020-04-01	wuhan virus map	False	United States	1
2020-04-01	latest on coronavirus	False	Nigeria	2
2020-04-01	ottawa covid 19	False	Canada	1
2020-04-01	vaccine for coronavirus	False	United Kingdom	1
2020-04-01	aide 1500 € coronavirus	False	France	1
2020-04-01	corona virus advice	False	United Kingdom	1
2020-04-01	montana coronavirus deaths	False	United States	1
2020-04-01	orona virus update	False	United States	1
2020-04-01	blackpool coronavirus update	False	United Kingdom	1
2020-04-01	corona virus hoje	False	Brazil	1
2020-04-01	edc las vegas 2020	True	United States	1
2020-04-01	wuhan virus	True	United States	1
2020-04-01	coronavirus ohio update	False	United States	1
2020-04-01	coronavirus by numbers	False	United Kingdom	1
2020-04-01	corona virus qld	False	Australia	1
2020-04-01	coronavirus en isère	False	France	1
2020-04-01	global deaths coronavirus	False	United Kingdom	1
2020-04-01	maryland liquor stores closing corona virus	False	United States	1
2020-04-01	skagit county coronavirus	False	United States	1
2020-04-01	covid 19 cases by county in iowa	False	United States	1
2020-04-01	coronavirus live updates	False	Canada	1
2020-04-01	edd corona virus	False	United States	1
2020-04-01	coronavirus act 2020	False	United States	1
2020-04-01	wuhan market coronavirus	False	United States	1
2020-04-01	zingaretti	True	Italy	1
2020-04-01	covid 19 student loan	False	United States	1
2020-04-01	evolution coronavirus en france au 23 février	False	France	1
2020-04-01	coronavirus monitoring	False	Germany	1
2020-04-01	who coronavirus	False	Germany	2
2020-04-01	covid 19 florida unemployment	False	United States	1
2020-04-01	covid 19 april fools	False	United States	1
2020-04-01	coronavirus scotland cases	False	United Kingdom	1
2020-04-01	edd coronavirus	False	United States	1
2020-04-01	oronavirus update	False	United States	1
2020-04-01	wuhan laboratory coronavirus	False	United States	1
2020-04-01	did china create the coronavirus	False	United Kingdom	1
2020-04-01	coronavirus ohio state	False	United States	1
2020-04-01	corona virus payment centrelink	False	Australia	1
2020-04-01	covid 19 loans for business	False	United States	1
2020-04-01	bc covid19 update	False	Canada	1
2020-04-01	decreto legge coronavirus	False	Italy	1
2020-04-01	coronavirus vs allergies	False	United States	1
2020-04-01	are red eyes a symptom of coronavirus	False	United States	1
2020-04-01	edd coronavirus california	False	United States	1
2020-04-01	corona virus models	False	United States	1
2020-04-01	rainbow coronavirus	False	United Kingdom	1
2020-04-01	bollettino 31 marzo	True	Italy	1
2020-04-01	wuhan institute of virology	True	United States	1
2020-04-01	corona virus grant for small businesses	False	United Kingdom	1
2020-04-01	corona virus alabama update	False	United States	1
2020-04-01	coronavirus cases in pa by county	False	United States	1
2020-04-01	antibody test for covid 19	False	United States	1
2020-04-01	covid 19 nl	False	Canada	1
2020-04-01	bing covid 19 map	False	United States	1
2020-04-01	edd coronavirus unemployment	False	United States	1
2020-04-01	coronavirus updates for washington state	False	United States	1
2020-04-01	covid 19 washington	False	United States	1
2020-04-01	covid19	False	Ecuador	6
2020-04-01	oronavirus updates	False	United States	1
2020-04-01	coronavirus ohio map by county	False	United States	1
2020-04-01	wuhan coronavirus wikipedia	False	United States	1
2020-04-01	covid 19	False	Romania	1
2020-04-01	corona virus payment	False	Australia	1
2020-04-01	bonocovid19	False	Chile	3
2020-04-01	covid 19 tests	False	United Kingdom	1
2020-04-01	edd covid 19	False	United States	1
2020-04-01	montana coronavirus map	False	United States	1
2020-04-01	mexico coronavirus	False	Germany	1
2020-04-01	cases of coronavirus in oregon	False	United States	1
2020-04-01	coronavirus act	False	United States	1
2020-04-01	wuhan coronavirus update	False	United States	1
2020-04-01	coronavirus aux etats unis	False	France	1
2020-04-01	inkubationstid coronavirus	False	Sweden	1
2020-04-01	orthodox jews coronavirus	False	United States	1
2020-04-01	coronavirus coloring book	False	United States	1
2020-04-01	qu'est ce que le coronavirus	False	France	1
2020-04-01	edd covid 19 unemployment	False	United States	1
2020-04-01	ottawa coronavirus update	False	Canada	1
2020-04-01	all coronavirus symtoms	False	United States	1
2020-04-01	covid 19 numbers by country	False	United Kingdom	1
2020-04-01	weltweite corona virus karte	False	Germany	1
2020-04-01	coronavirus allemagne	False	France	2
2020-04-01	quotes about coronavirus	False	United Kingdom	1
2020-04-01	coronavirus task force briefing april 1	False	United States	1
2020-04-01	coronavirus ohio map	False	United States	1
2020-04-01	ruby princess	True	Australia	7
2020-04-01	oscar health	True	United States	1
2020-04-01	edd unemployment coronavirus	False	United States	1
2020-04-01	corona virus numbers	False	Australia	3
2020-04-01	corona virus italia	False	Brazil	2
2020-04-01	coronavirus by postcode	False	United Kingdom	1
2020-04-01	coronavirus in usa	False	Italy	1
2020-04-01	wuhan coronavirus	False	United States	1
2020-04-01	vaccine coronavirus	False	United Kingdom	1
2020-04-01	test du coronavirus	False	France	1
2020-04-01	contagio coronavirus nel mondo	False	Italy	1
2020-04-01	wuhan china coronavirus	False	United States	1
2020-04-01	coronavirus en italie	False	France	1
2020-04-01	edd.ca.gov/coronavirus	False	United States	1
2020-04-01	montana coronavirus news	False	United States	1
2020-04-01	zaia coronavirus	False	Italy	1
2020-04-01	evolution coronavirus en france	False	France	1
2020-04-01	maryland lockdown	True	United States	1
2020-04-01	contracting coronavirus	False	United States	1
2020-04-01	osdh coronavirus	False	United States	1
2020-04-01	ahs coronavirus	False	Canada	1
2020-04-01	wuhan china	True	United States	1
2020-04-01	dibujo coronavirus	False	Spain	1
2020-04-01	coronavirus scotland bill	False	United Kingdom	1
2020-04-01	eeoc guidance coronavirus	False	United States	1
2020-04-01	coronavirus ohio governor	False	United States	1
2020-04-01	corona virus nsw	False	Australia	1
2020-04-01	attestation derogation coronavirus	False	France	1
2020-04-01	coronavirus impfung	False	Germany	1
2020-04-01	state of alaska coronavirus	False	United States	1
2020-04-01	coronavirus a	False	United States	1
2020-04-01	corona virus update alberta	False	Canada	1
2020-04-01	wuhan 400	True	United States	1
2020-04-01	gloucestershire coronavirus	False	United Kingdom	1
2020-04-01	decreto ministeriale coronavirus	False	Italy	1
2020-04-01	effect of coronavirus	False	United States	1
2020-04-01	weltkarte coronavirus ausbreitung	False	Germany	1
2020-04-01	size of the corona virus	False	United States	1
2020-04-01	covid 19 new orleans	False	United States	1
2020-04-01	donde surgió el coronavirus	False	Mexico	1
2020-04-01	coronavirus cases in pa	False	United States	1
2020-04-01	wuhan	True	United States	1
2020-04-01	osha coronavirus	False	United States	1
2020-04-01	coronavirus updates in va	False	United States	1
2020-04-01	china news coronavirus	False	United States	1
2020-04-01	covid 19 north korea	False	Canada	1
2020-04-01	effects of coronavirus	False	United States	1
2020-04-01	coronavirus morgenpost	False	Germany	1
2020-04-01	coronavirus ohio gov	False	United States	1
2020-04-01	bing covid 19 tracker	False	United States	1
2020-04-01	corona virus news australia	False	Australia	1
2020-04-01	coronavirus symptome	False	Austria	9
2020-04-01	coronavirus update italy deaths	False	United States	1
2020-04-01	covid19 uk	False	United Kingdom	1
2020-04-01	queen elizabeth coronavirus	False	United Kingdom	1
2020-04-01	montana coronavirus update	False	United States	1
2020-04-01	casos coronavirus chile	False	Chile	2
2020-04-01	effects of the coronavirus	False	United States	1
2020-04-01	wsbtv coronavirus	False	United States	1
2020-04-01	covid 19 recovered	False	United States	1
2020-04-01	cases of coronavirus in oklahoma	False	United States	1
2020-04-01	infectados coronavirus españa	False	Spain	1
2020-04-01	cdc self quarantine	True	United States	1
2020-04-01	wrestlemania cancelled	True	United States	1
2020-04-01	osha coronavirus guidance	False	United States	1
2020-04-01	first case of coronavirus in china	False	United Kingdom	1
2020-04-01	covid-19	False	Indonesia	16
2020-04-01	ottawa coronavirus	False	Canada	1
2020-04-01	egg shortage	True	United States	1
2020-04-01	lysol disinfectant spray coronavirus	False	United States	1
2020-04-01	corona virus alaska	False	United States	1
2020-04-01	coronavirus au portugal	False	Portugal	1
2020-04-01	coronavirus ohio county map	False	United States	1
2020-04-01	corona virus news	False	Australia	2
2020-04-01	coronavirus 5g	False	United States	1
2020-04-01	carmen calvo	True	Spain	1
2020-04-01	coronavirus colombia	False	Canada	1
2020-04-01	covid 19 washington state	False	United States	1
2020-04-01	colorado corona virus cases	False	United States	1
2020-04-01	egypt coronavirus	False	United States	1
2020-04-01	osha covid 19	False	United States	1
2020-04-01	wrestlemania 36	True	United States	1
2020-04-01	zaia	True	Italy	1
2020-04-01	usa deaths from coronavirus	False	United Kingdom	1
2020-04-01	world covid19	False	Canada	1
2020-04-01	wp.sbcounty.gov/dph/coronavirus	False	United States	1
2020-04-01	weltkarte coronavirus	False	Germany	1
2020-04-01	corona virus map	False	Brazil	1
2020-04-01	worldometer coronavirus	False	United Kingdom	27
2020-04-01	coronavirus by postcode uk	False	United Kingdom	1
2020-04-01	el camino hospital	True	United States	1
2020-04-01	queen coronavirus	False	United Kingdom	1
2020-04-01	celebrities with corona virus	False	United States	1
2020-04-01	coronavirus en limousin	False	France	1
2020-04-01	montana coronavirus updates	False	United States	1
2020-04-01	coronavirus ohio counties	False	United States	1
2020-04-01	osha covid 19 guidance	False	United States	1
2020-04-01	coronavirus updates	False	Sweden	1
2020-04-01	corona virus memes	False	Australia	1
2020-04-01	coronavirus vomiting	False	United States	1
2020-04-01	evolution coronavirus dans le monde	False	France	1
2020-04-01	el dorado county	True	United States	1
2020-04-01	coronavirus scotland act	False	United Kingdom	1
2020-04-01	coronavirus nel mondo mappa	False	Italy	1
2020-04-01	como evitar el coronavirus	False	Mexico	1
2020-04-01	wozniak	True	United States	1
2020-04-01	covid 19 loans	False	United States	1
2020-04-01	london coronavirus	False	United States	1
2020-04-01	maryland lockdown coronavirus	False	United States	1
2020-04-01	approved disinfectants for covid19	False	United States	1
2020-04-01	https://www.stopcovid19.jp/	False	Japan	1
2020-04-01	airbnb coronavirus	False	United States	1
2020-04-01	el dorado county coronavirus	False	United States	1
2020-04-01	decreto presidente del consiglio corona virus	False	Italy	1
2020-04-01	coronavirus cases in oregon state	False	United States	1
2020-04-01	coronavirus africa	False	Italy	1
2020-04-01	osha covid19	False	United States	1
2020-04-01	worst states with coronavirus	False	United States	1
2020-04-01	coronus update	False	United States	1
2020-04-01	india covid 19 tracker	False	India	1
2020-04-01	coronavirus ohio cases	False	United States	1
2020-04-01	covid 19 cases by county in nc	False	United States	1
2020-04-01	cases of coronavirus in ohio	False	United States	1
2020-04-01	el paso coronavirus	False	United States	1
2020-04-01	corona virus meme	False	Australia	1
2020-04-01	covid 19 testing	False	United Kingdom	1
2020-04-01	covid 19 nova scotia	False	Canada	2
2020-04-01	coronavirus 5 minute test	False	United States	1
2020-04-01	worst state with coronavirus	False	United States	1
2020-04-01	covid 19 safety meeting	False	United States	1
2020-04-01	weltgesundheitsorganisation coronavirus	False	Germany	1
2020-04-01	worst case scenario for coronavirus	False	United States	1
2020-04-01	godiva mortgages	True	United Kingdom	1
2020-04-01	bing covid19	False	United States	1
2020-04-01	el paso coronavirus case	False	United States	1
2020-04-01	montana covid 19	False	United States	1
2020-04-01	coronavirus updates	False	Gibraltar	1
2020-04-01	cases of coronavirus in alberta	False	Canada	1
2020-04-01	osha guidelines for coronavirus	False	United States	1
2020-04-01	coronavirus algerie	False	Algeria	1
2020-04-01	qatar coronavirus	False	United Kingdom	1
2020-04-01	coronavirus updates	False	Lebanon	46
2020-04-01	worst case scenario coronavirus	False	United States	1
2020-04-01	casos coronavirus en chile	False	Chile	3
2020-04-01	origine du coronavirus	False	Canada	1
2020-04-01	el paso coronavirus cases	False	United States	1
2020-04-01	coronavirus ohio by county	False	United States	1
2020-04-01	corona virus map	False	Australia	2
2020-04-01	coronavirus italy	False	Italy	1
2020-04-01	can coronavirus live on surfaces	False	United Kingdom	1
2020-04-01	coronavirus worldometer	False	Romania	1
2020-04-01	coronavirus morgenpost interactive karte	False	Germany	1
2020-04-01	coronvirus new york	False	United States	1
2020-04-01	usa death toll coronavirus	False	United Kingdom	1
2020-04-01	coronovirus cases in australia	False	United States	1
2020-04-01	combien de cas en france coronavirus	False	France	1
2020-04-01	el paso coronavirus update	False	United States	1
2020-04-01	other symptoms of coronavirus	False	United States	1
2020-04-01	covid 19 model	False	United States	1
2020-04-01	chloroquine coronavirus	False	United States	1
2020-04-01	covid 19 student loans	False	United States	1
2020-04-01	corona virus peak in us	False	United States	1
2020-04-01	worlometer coronavirus	False	United States	1
2020-04-01	coronavirus 401k withdrawal	False	United States	1
2020-04-01	montana covid 19 cases	False	United States	1
2020-04-01	coronavirus spain update	False	Canada	1
2020-04-01	www.salute.gov.it/nuovocoronavirus	False	Italy	1
2020-04-01	el paso county colorado coronavirus	False	United States	1
2020-04-01	coronavirus winnipeg	False	Canada	1
2020-04-01	coronavirus ohio	False	United States	2
2020-04-01	otsego county coronavirus	False	United States	1
2020-04-01	corona virus live update	False	Australia	1
2020-04-01	evolution coronavirus	False	France	2
2020-04-01	coronavirus united states update	False	United States	1
2020-04-01	welt coronavirus	False	Germany	1
2020-04-01	putin coronavirus	False	United Kingdom	1
2020-04-01	corona virus mapa	False	Brazil	1
2020-04-01	coronavirus cambridgeshire	False	United Kingdom	1
2020-04-01	el paso county coronavirus	False	United States	1
2020-04-01	worldwide map coronavirus	False	United States	1
2020-04-01	corona virus and 5g	False	United States	1
2020-04-01	coronavirus en loir et cher	False	France	1
2020-04-01	covid 19 washington state map	False	United States	1
2020-04-01	maryland news	True	United States	1
2020-04-01	counties in minnesota with coronavirus	False	United States	1
2020-04-01	size of covid 19 virus	False	United States	1
2020-04-01	coronavirus task force briefing	False	United States	1
2020-04-01	decreto estado de alarma	True	Spain	1
2020-04-01	coronavirus scotland	False	United Kingdom	3
2020-04-01	el paso covid 19	False	United States	1
2020-04-01	our world in data corona virus	False	United States	1
2020-04-01	lindsey graham quarantine	True	United States	1
2020-04-01	coronavirus cases in oregon	False	United States	1
2020-04-01	coronavirus oh	False	United States	1
2020-04-01	corona virus live	False	Australia	2
2020-04-01	worldwide deaths from coronavirus	False	United States	1
2020-04-01	bosch coronavirus	False	Germany	1
2020-04-01	china coronavirus deaths	False	United States	1
2020-04-01	coronavirus treatment	False	United States	1
2020-04-01	bollettino 28 marzo	True	Italy	1
2020-04-01	el paso news	True	United States	1
2020-04-01	coronavirus 401k	False	United States	1
2020-04-01	worldwide death toll coronavirus	False	United States	1
2020-04-01	cases of coronavirus in ny	False	United States	1
2020-04-01	richard wilkins	True	Australia	2
2020-04-01	austria coronavirus	False	United States	1
2020-04-01	ourworldindata.orgcoronavirus	False	United States	1
2020-04-01	montana covid 19 map	False	United States	1
2020-04-01	kenya coronavirus	False	United Kingdom	1
2020-04-01	worldwide coronavirus update	False	United States	1
2020-04-01	decreto salva italia	True	Italy	2
2020-04-01	el paso texas coronavirus	False	United States	1
2020-04-01	welcher mundschutz bei coronavirus	False	Germany	1
2020-04-01	public health wales coronavirus 2020	False	United Kingdom	1
2020-04-01	covid-19	False	Ecuador	18
2020-04-01	coronavirus update italy today	False	United States	1
2020-04-01	coronavirus odometer	False	United States	1
2020-04-01	coronavirus colorado updates	False	United States	1
2020-04-01	covid 19 florida update	False	United States	1
2020-04-01	corona virus latest	False	Australia	1
2020-04-01	origin of coronavirus	False	Canada	1
2020-04-01	coronavirus asterix	False	Germany	1
2020-04-01	el paso tx coronavirus	False	United States	1
2020-04-01	covid 19 nova scotia update	False	Canada	1
2020-04-01	ourworldindata/coronavirus	False	United States	1
2020-04-01	bing map coronavirus	False	United States	1
2020-04-01	worldwide coronavirus statistics	False	United States	1
2020-04-01	covid 19 stats uk	False	United Kingdom	1
2020-04-01	worldwide coronavirus map	False	United States	1
2020-04-01	usa death coronavirus	False	United Kingdom	1
2020-04-01	cuhc covid 19	False	Argentina	2
2020-04-01	what is covid 19 stand for	False	Australia	1
2020-04-01	montana covid 19 update	False	United States	1
2020-04-01	el paso tx coronavirus cases	False	United States	1
2020-04-01	situation du coronavirus dans le monde	False	France	1
2020-04-01	worldometer coronavirus	False	Myanmar	1
2020-04-01	casos de coronavirus en chile	False	Chile	3
2020-04-01	outdoor activities during coronavirus	False	United States	1
2020-04-01	worldwide coronavirus deaths	False	United States	1
2020-04-01	good news about coronavirus	False	United Kingdom	1
2020-04-01	apple covid 19	False	United States	1
2020-04-01	coronavirus october 2019	False	United States	1
2020-04-01	coronavirus volusia county fl	False	United States	1
2020-04-01	coronavirus bologna	False	Italy	1
2020-04-01	el salvador coronavirus	False	United States	1
2020-04-01	corona virus jokes	False	Australia	1
2020-04-01	coronavirus 27 feet	False	United States	1
2020-04-01	coronavirus ecuador	False	Italy	1
2020-04-01	coronavirus aktuell mecklenburg vorpommern	False	Germany	1
2020-04-01	welche schutzmaske bei coronavirus	False	Germany	1
2020-04-01	worldwide coronavirus cases	False	United States	1
2020-04-01	public health wales coronavirus	False	United Kingdom	1
2020-04-01	coronavirus morgenpost interaktive karte	False	Germany	1
2020-04-01	coronavirus updates for tennessee	False	United States	1
2020-04-01	maryland restrictions coronavirus	False	United States	1
2020-04-01	el salvador covid19	False	United States	1
2020-04-01	outer banks corona virus	False	United States	1
2020-04-01	lysol kills coronavirus	False	United States	1
2020-04-01	worldometers coronavirus	False	Italy	2
2020-04-01	coronavirus cases in orange county ca	False	United States	1
2020-04-01	state of alabama coronavirus update	False	United States	1
2020-04-01	covid 19 loan relief	False	United States	1
2020-04-01	covid19	False	Argentina	7
2020-04-01	montana covid19	False	United States	1
2020-04-01	eurotunnel	True	France	1
2020-04-01	attestation deplacement covid19	False	France	1
2020-04-01	elderberry and corona virus	False	United States	1
2020-04-01	coronavirus ocean county nj	False	United States	1
2020-04-01	corona virus italy	False	Australia	1
2020-04-01	coronavirus schools uk	False	United Kingdom	1
2020-04-01	corona virus mortes brasil	False	Brazil	1
2020-04-01	aktuelle zahlen coronaviren deutschland	False	Germany	1
2020-04-01	worldwide coronavirus	False	United States	1
2020-04-01	coronavirus statistics canada	False	Canada	1
2020-04-01	over-reaction to coronavirus	False	United States	1
2020-04-01	coronavirus canada	False	United Kingdom	1
2020-04-01	coronavirus en loire atlantique	False	France	1
2020-04-01	elderberry and coronavirus	False	United States	1
2020-04-01	worldwide cases of coronavirus	False	United States	1
2020-04-01	worldometer corona virus	False	United Kingdom	1
2020-04-01	did coronavirus come from bats	False	United Kingdom	1
2020-04-01	size of coronavirus particle in microns	False	United States	1
2020-04-01	coronavirus 229e	False	United States	1
2020-04-01	corona virus and asthma	False	United States	1
2020-04-01	covid 19 washington state update	False	United States	1
2020-04-01	welche masken schützen gegen coronavirus	False	Germany	1
2020-04-01	carte du coronavirus en loire atlantique	False	France	1
2020-04-01	donde se originó el coronavirus	False	Mexico	1
2020-04-01	elderberry and covid 19	False	United States	1
2020-04-01	mortalité coronavirus	False	France	1
2020-04-01	coronavirus oc43	False	United States	1
2020-04-01	cases of coronavirus in nj	False	United States	1
2020-04-01	corona virus india	False	Australia	1
2020-04-01	ontario.ca/coronavirus.ca	False	Canada	1
2020-04-01	worldometers/info/coronavirus	False	United States	1
2020-04-01	antal smittade i coronaviruset i dag	False	Sweden	1
2020-04-01	overdo coronavirus stockpiling	False	United States	1
2020-04-01	diarrea coronavirus	False	Italy	1
2020-04-01	coronavirus steiermark	False	Austria	1
2020-04-01	elderberry coronavirus	False	United States	1
2020-04-01	coronavirus status	False	Canada	1
2020-04-01	worldometers/coronavirus	False	United States	1
2020-04-01	public health scotland coronavirus	False	United Kingdom	1
2020-04-01	usa covid 19	False	United Kingdom	1
2020-04-01	2020 coronavirus prevention	False	United States	1
2020-04-01	arkansas department of health coronavirus map	False	United States	1
2020-04-01	covid 19 ibuprofen	False	United States	1
2020-04-01	corovrius uk	False	United Kingdom	1
2020-04-01	covid 19 cases by county in ny state	False	United States	1
2020-04-01	corona virus ticker	False	Germany	1
2020-04-01	elderberry covid19	False	United States	1
2020-04-01	ozone and coronavirus	False	United States	1
2020-04-01	montana covid19 cases	False	United States	1
2020-04-01	covid 19 ns	False	Canada	1
2020-04-01	coronavirus obesity	False	United States	1
2020-04-01	corona virus in usa	False	Australia	1
2020-04-01	maryland schools	True	United States	1
2020-04-01	coronavirus update calgary	False	Canada	1
2020-04-01	bing maps coronavirus	False	United States	1
2020-04-01	worldometers.info/coronavirus/country/us	False	United States	1
2020-04-01	coronavirus 2020 update	False	United States	1
2020-04-01	elderberry syrup	True	United States	1
2020-04-01	stimulas package for coronavirus	False	United States	1
2020-04-01	latest coronavirus figures	False	United Kingdom	1
2020-04-01	coronavirus	False	Chile	100
2020-04-01	worldometers.info/coronavirus	False	United States	1
2020-04-01	coronavirus cases in orange county	False	United States	1
2020-04-01	ozone generator coronavirus	False	United States	1
2020-04-01	covid 19 deaths italy	False	United States	1
2020-04-01	welche masken gegen coronavirus	False	Germany	1
2020-04-01	public health england ppe coronavirus	False	United Kingdom	1
2020-04-01	マスク	True	Japan	49
2020-04-01	elderberry syrup and coronavirus	False	United States	1
2020-04-01	covid 19 nz	False	New Zealand	3
2020-04-01	montana dphhs coronavirus	False	United States	1
2020-04-01	coronavirus task force	False	United States	1
2020-04-01	coronavirus current numbers	False	United States	1
2020-04-01	coronavirus oakland county mi	False	United States	1
2020-04-01	worldometers.info coronavirus	False	United States	1
2020-04-01	p100 mask coronavirus	False	United States	1
2020-04-01	corona virus in india	False	Australia	1
2020-04-01	coronovirus nj	False	United States	1
2020-04-01	worldometer coronavirus	False	Italy	2
2020-04-01	election year viruses	True	United States	1
2020-04-01	coronavirus update	False	Lebanon	100
2020-04-01	asthma coronavirus	False	United States	1
2020-04-01	etats unis coronavirus	False	France	1
2020-04-01	london marathon	True	United Kingdom	1
2020-04-01	worldometers usa coronavirus	False	United States	1
2020-04-01	gov corona virus	False	United Kingdom	1
2020-04-01	coronavirus 2020	False	United States	1
2020-04-01	racgp coronavirus	False	Australia	1
2020-04-01	coronavirus schools	False	United Kingdom	1
2020-04-01	airbnb cancellation policy coronavirus	False	United States	1
2020-04-01	elective surgery	True	United States	1
2020-04-01	coronavirus wikipedia	False	Romania	1
2020-04-01	usa coronavirus wiki	False	United Kingdom	1
2020-04-01	cases of coronavirus by state	False	Canada	1
2020-04-01	p100 masks for coronavirus	False	United States	1
2020-04-01	coronavirus casos	False	Spain	1
2020-04-01	welche maske gegen coronavirus	False	Germany	1
2020-04-01	public health england guidance on protecting people most likely to get very poorly from coronavirus (shielding)	False	United Kingdom	1
2020-04-01	coronavirus nyt	False	United States	1
2020-04-01	decreto coronavirus	False	Spain	1
2020-04-01	corona virus mundo	False	Brazil	2
2020-04-01	elective surgery and corona virus	False	United States	1
2020-04-01	corona virus in australia	False	Australia	2
2020-04-01	coronavirus canada update	False	United Kingdom	1
2020-04-01	coronavirus en lot et garonne	False	France	1
2020-04-01	conferenza stampa coronavirus	False	Italy	1
2020-04-01	worldometers info coronavirus	False	United States	1
2020-04-01	coronavirus morgenpost karte	False	Germany	1
2020-04-01	covid 19 suicide	False	United States	1
2020-04-01	carga viral	True	Spain	1
2020-04-01	worldometers coronavirus stats	False	United States	1
2020-04-01	coronavirus london ontario	False	Canada	1
2020-04-01	eli lilly coronavirus	False	United States	1
2020-04-01	covid 19 webinar	False	United States	1
2020-04-01	p95 mask coronavirus	False	United States	1
2020-04-01	coronavirus in abwasser	False	Germany	1
2020-04-01	montana stay at home order	True	United States	1
2020-04-01	asymptomatic covid 19	False	Canada	1
2020-04-01	15 days to slow the spread	True	United States	1
2020-04-01	coronavirus 2019	False	United States	1
2020-04-01	worldometers coronavirus live	False	United States	1
2020-04-01	corona virus and blood type	False	United States	1
2020-04-01	cases of coronavirus in nh	False	United States	1
2020-04-01	eli lilly coronavirus testing	False	United States	1
2020-04-01	coronavirus nys	False	United States	1
2020-04-01	corona virus hotline	False	Australia	2
2020-04-01	ontario.ca/coronavirus	False	Canada	6
2020-04-01	are rest areas closed for corona virus	False	United States	1
2020-04-01	currys pc world	True	United Kingdom	35
2020-04-01	coronavirus update japan	False	United States	1
2020-04-01	coronavirus el pais	False	Spain	1
2020-04-01	urssaf indépendant	True	France	1
2020-04-01	dichiarazione corona virus	False	Italy	1
2020-04-01	bda coronavirus	False	United Kingdom	1
2020-04-01	eli lilly covid 19 testing	False	United States	1
2020-04-01	worldometers coronavirus	False	United States	1
2020-04-01	pa and coronavirus	False	United States	1
2020-04-01	période incubation coronavirus	False	France	1
2020-04-01	kurve coronavirus	False	Germany	1
2020-04-01	welche länder sind vom coronavirus betroffen	False	Germany	1
2020-04-01	public health england covid 19	False	United Kingdom	1
2020-04-01	coronavirus live update	False	Qatar	6
2020-04-01	coronavirus cases in oklahoma	False	United States	1
2020-04-01	worldometers corona virus	False	United States	1
2020-04-01	covid 19 numbers	False	United Kingdom	1
2020-04-01	elk grove unified school district	True	United States	1
2020-04-01	coronavirusirus mass	False	United States	1
2020-04-01	coronavirus nyc updates	False	United States	1
2020-04-01	covid 19 numbers	False	Canada	3
2020-04-01	corona virus graph australia	False	Australia	1
2020-04-01	bing.com/covid19	False	United States	1
2020-04-01	covid 19 loan	False	United States	1
2020-04-01	transmission coronavirus	False	France	1
2020-04-01	pa caronavirus cases	False	United States	1
2020-04-01	coronavirus volunteering	False	United States	1
2020-04-01	australien coronavirus	False	Germany	1
2020-04-01	ellis county coronavirus update	False	United States	1
2020-04-01	montana unemployment	True	United States	1
2020-04-01	worldometer/coronavirus	False	United States	1
2020-04-01	coronavirus chile	False	Chile	28
2020-04-01	size of coronavirus particle	False	United States	1
2020-04-01	coronavirus 1point3acres	False	United States	1
2020-04-01	coronavirus en colombia	False	Spain	1
2020-04-01	coronavirus world o meter	False	United States	1
2020-04-01	corona virus graph	False	United Kingdom	1
2020-04-01	worldmeter coronavirus	False	Italy	1
2020-04-01	pa caronavirus updates	False	United States	1
2020-04-01	ellis county texas coronavirus	False	United States	1
2020-04-01	maryland schools coronavirus	False	United States	1
2020-04-01	worldometer.info/coronavirus	False	United States	1
2020-04-01	estrosi	True	France	1
2020-04-01	coronavirus nyc update	False	United States	1
2020-04-01	corona virus graph	False	Australia	1
2020-04-01	coronavirus united states	False	Slovenia	5
2020-04-01	welche geschäfte haben heute geöffnet	True	Germany	1
2020-04-01	public health england coronavirus uk	False	United Kingdom	1
2020-04-01	alberta health coronavirus	False	Canada	1
2020-04-01	coronavirus scams	False	United Kingdom	1
2020-04-01	elon musk ventilators	True	United States	1
2020-04-01	arkansas coronavirus unemployment	False	United States	1
2020-04-01	minijob-zentrale	True	Germany	3
2020-04-01	bollettino 1 aprile coronavirus	False	Italy	1
2020-04-01	worldometer.info coronavirus	False	United States	1
2020-04-01	usa coronavirus update	False	United Kingdom	2
2020-04-01	pa cases of coronavirus	False	United States	1
2020-04-01	nombre de morts en france coronavirus	False	France	1
2020-04-01	states with most coronavirus cases	False	United States	1
2020-04-01	coronavirus updates	False	Ecuador	100
2020-04-01	india total corona virus cases	False	India	1
2020-04-01	elton john concerts coronavirus	False	United States	1
2020-04-01	coronavirus 19 symptoms	False	United States	1
2020-04-01	coronavirus aux pays bas	False	France	1
2020-04-01	corona virus na bahia	False	Brazil	1
2020-04-01	worldometer.com/coronavirus	False	United States	1
2020-04-01	coronavirus nyc schools	False	United States	1
2020-04-01	gov coronavirus	False	United Kingdom	1
2020-04-01	montcopa.org/covid-19	False	United States	1
2020-04-01	corona virus deaths	False	Australia	1
2020-04-01	cdc self checker	True	United States	1
2020-04-01	coronavirus car sharing	False	United Kingdom	1
2020-04-01	elton john coronavirus benefit	False	United States	1
2020-04-01	coronavirus en lozere	False	France	1
2020-04-01	pa cornovirus update	False	United States	1
2020-04-01	colorado corona virus update	False	United States	1
2020-04-01	coronavirus colorado update	False	United States	1
2020-04-01	worldometer.com coronavirus	False	United States	1
2020-04-01	coronavirus mundschutz	False	Germany	1
2020-04-01	welche atemschutzmaske bei coronavirus	False	Germany	1
2020-04-01	public health england coronavirus tracker	False	United Kingdom	1
2020-04-01	covid 19 website	False	United States	1
2020-04-01	cases of coronavirus in new york state	False	United States	1
2020-04-01	emergencia.covid19.gob.sv	False	United States	1
2020-04-01	coronavirus wuhan china	False	United States	1
2020-04-01	covid 19 flyers	False	United States	1
2020-04-01	ontario.ca coronavirus	False	Canada	1
2020-04-01	world covid 19 update	False	Canada	3
2020-04-01	pa corona virus	False	United States	1
2020-04-01	worldometer usa coronavirus	False	United States	1
2020-04-01	coronavirus dibujos	False	Mexico	1
2020-04-01	coronavirus nyc map	False	United States	1
2020-04-01	tgcom	True	France	1
2020-04-01	size of coronavirus in microns	False	United States	1
2020-04-01	emergency fmla	True	United States	1
2020-04-01	corona virus death toll	False	Australia	2
2020-04-01	dichiarazione coronavirus	False	Italy	1
2020-04-01	coronavirus 19	False	United States	1
2020-04-01	coronavirus cases in ohio today	False	United States	1
2020-04-01	restez chez vous	True	France	1
2020-04-01	worldometer united states coronavirus	False	United States	1
2020-04-01	coronavirus tarrant county tx	False	United States	1
2020-04-01	corona virus and heat	False	United States	1
2020-04-01	covid 19 cases by county in pa	False	United States	1
2020-04-01	wired coronavirus mappa	False	Italy	1
2020-04-01	emergency fmla bill	True	United States	1
2020-04-01	pa corona virus by county	False	United States	1
2020-04-01	state of alabama coronavirus	False	United States	1
2020-04-01	webasto	True	Germany	1
2020-04-01	public health england coronavirus map	False	United Kingdom	1
2020-04-01	worldometer coronavirus	False	Lithuania	6
2020-04-01	queensland health jobs	True	Australia	1
2020-04-01	footballers with coronavirus	False	United Kingdom	1
2020-04-01	worldometer covid19	False	United States	1
2020-04-01	corona virus peak per state	False	United States	1
2020-04-01	covid 19 numbers by country	False	Canada	1
2020-04-01	emergency food stamps for corona virus	False	United States	1
2020-04-01	coronavirus nyc cases	False	United States	1
2020-04-01	corona virus death	False	Australia	1
2020-04-01	bing/covid19	False	United States	1
2020-04-01	monterey county coronavirus	False	United States	1
2020-04-01	pa corona virus cases	False	United States	1
2020-04-01	worldometer covid 19	False	United States	1
2020-04-01	lysol products for coronavirus	False	United States	1
2020-04-01	coronavirus-map	False	United States	1
2020-04-01	coronavirus ecuador	False	Chile	6
2020-04-01	esri france	True	France	1
2020-04-01	emergency paid sick leave	True	United States	1
2020-04-01	cas confirmes coronavirus	False	France	1
2020-04-01	maryland shelter in place	True	United States	1
2020-04-01	coronavirus .gov	False	United States	1
2020-04-01	coronavirus nel mondo mappa in tempo reale	False	Italy	1
2020-04-01	coronavirus japan	False	Germany	1
2020-04-01	pa corona virus count	False	United States	1
2020-04-01	usa coronavirus news	False	United Kingdom	1
2020-04-01	covid-19	False	Lithuania	14
2020-04-01	coronavirus scam	False	United Kingdom	1
2020-04-01	covid 19 uk numbers	False	United Kingdom	1
2020-04-01	emergency paid sick leave act	True	United States	1
2020-04-01	worldometer coronvirus	False	United States	1
2020-04-01	coronavirus nyc	False	United States	1
2020-04-01	attestation deplacement coronavirus	False	France	1
2020-04-01	corona virus curve australia	False	Australia	1
2020-04-01	stats coronavirus	False	France	1
2020-04-01	london coronavirus news	False	United States	1
2020-04-01	wdr coronavirus	False	Germany	1
2020-04-01	public health england coronavirus latest	False	United Kingdom	1
2020-04-01	de donde viene el coronavirus	False	Spain	1
2020-04-01	covid 19 meaning	False	United States	1
2020-04-01	emergency paid sick leave coronavirus	False	United States	1
2020-04-01	worldometer coronavirus usa map	False	United States	1
2020-04-01	coronavirus travel restrictions us	False	United States	1
2020-04-01	coronavirus updates for pa	False	United States	1
2020-04-01	aktuelle statistik coronavirus	False	Germany	1
2020-04-01	pa corona virus map	False	United States	1
2020-04-01	worldometer coronavirus usa	False	United States	1
2020-04-01	monterey county coronavirus cases	False	United States	1
2020-04-01	worldometer	True	United Kingdom	1
2020-04-01	coronavirus update john hopkins dashboard	False	United States	1
2020-04-01	corona virus na italia	False	Brazil	1
2020-04-01	eminem coronavirus	False	United States	1
2020-04-01	coronavirus updates	False	Lithuania	100
2020-04-01	origine coronavirus	False	France	1
2020-04-01	coronavirus cartoons	False	United Kingdom	1
2020-04-01	coronavirus ny wiki	False	United States	1
2020-04-01	corona virus curve	False	Australia	1
2020-04-01	worldometer coronavirus us	False	United States	1
2020-04-01	covid 19 west viginia	False	United States	1
2020-04-01	coronavirus en mayenne	False	France	1
2020-04-01	cases of coronavirus in new york city	False	United States	1
2020-04-01	ontario state of emergency coronavirus	False	Canada	1
2020-04-01	employee retention tax credit coronavirus	False	United States	1
2020-04-01	coronavirus update chicago	False	United States	1
2020-04-01	gov coronavirus advice	False	United Kingdom	1
2020-04-01	size of coronavirus	False	United States	1
2020-04-01	covid 19 live updates	False	United States	1
2020-04-01	mort pape diouf coronavirus	False	France	1
2020-04-01	pa corona virus news	False	United States	1
2020-04-01	covid 19 tracking	False	India	1
2020-04-01	coronavirus (covid-19): small business guidance and loan resources	False	United States	1
2020-04-01	worldometer coronavirus update	False	United States	1
2020-04-01	can dogs carry coronavirus	False	United Kingdom	1
2020-04-01	employee rights coronavirus	False	United States	1
2020-04-01	coronavirus cases in ohio by county	False	United States	1
2020-04-01	coronavirus update	False	Lithuania	20
2020-04-01	wikipedia coronavirus	False	Italy	1
2020-04-01	coronavirus mv	False	Germany	1
2020-04-01	coronavirus ny update	False	United States	1
2020-04-01	waz witten	True	Germany	1
2020-04-01	public health england coronavirus	False	United Kingdom	4
2020-04-01	corona virus counter	False	Australia	1
2020-04-01	worldometer coronavirus united states	False	United States	1
2020-04-01	dichiarazione sostitutiva di certificazione	True	Italy	2
2020-04-01	employee rights covid 19	False	United States	1
2020-04-01	combien de contaminé coronavirus	False	France	1
2020-04-01	covid 19 sick note	False	United Kingdom	1
2020-04-01	espagne coronavirus	False	France	1
2020-04-01	coronavirus world	False	Canada	2
2020-04-01	pa corona virus numbers	False	United States	1
2020-04-01	worldometer coronavirus map	False	United States	1
2020-04-01	covid 19 conspiracy	False	United Kingdom	1
2020-04-01	covid 19 surface life	False	United States	1
2020-04-01	coronavirus vitamin c	False	United States	1
2020-04-01	antibody test for coronavirus	False	United States	1
2020-04-01	employee rights during coronavirus	False	United States	1
2020-04-01	monterey county covid 19	False	United States	1
2020-04-01	covid 19 san antonio	False	United States	1
2020-04-01	covid 19 numbers canada	False	Canada	1
2020-04-01	coronavirus united states	False	Lithuania	15
2020-04-01	corona virus and ibuprofen	False	United States	1
2020-04-01	ecuador coronavirus	False	Argentina	5
2020-04-01	what is covid 19	False	Australia	2
2020-04-01	coronavirus ny state	False	United States	1
2020-04-01	biofire	True	United States	1
2020-04-01	dibujos del coronavirus	False	Mexico	1
2020-04-01	employee rights during coronavirus pandemic	False	United States	1
2020-04-01	corona virus count	False	Australia	1
2020-04-01	coronavirus en chile	False	Chile	14
2020-04-01	coronavirus russian cases	False	United Kingdom	1
2020-04-01	auto industry coronavirus	False	United States	1
2020-04-01	worldometer coronavirus live	False	United States	1
2020-04-01	pa corona virus update	False	United States	1
2020-04-01	maryland shut down	True	United States	1
2020-04-01	usa coronavirus figures	False	United Kingdom	1
2020-04-01	coronavirus (covid-19): apply for an economic injury disaster loan	False	United States	1
2020-04-01	bilan coronavirus france	False	France	1
2020-04-01	employees rights during coronavirus	False	United States	1
2020-04-01	was ist der coronavirus	False	Germany	1
2020-04-01	corona virus models usa	False	United States	1
2020-04-01	coronavirus statistics	False	Austria	1
2020-04-01	coronavirus deaths by country	False	Canada	1
2020-04-01	coronavirus statistics	False	Lithuania	4
2020-04-01	worldometer coronavirus italy	False	United States	1
2020-04-01	pa corona virus update by gov wolf	False	United States	1
2020-04-01	monterey county shelter in place	True	United States	1
2020-04-01	public health england	True	United Kingdom	8
2020-04-01	covid 19 new york	False	United States	1
2020-04-01	end of coronavirus	False	United States	1
2020-04-01	coronavirus ny numbers	False	United States	1
2020-04-01	corona virus conspiracy	False	Australia	1
2020-04-01	china coronavirus death toll	False	United States	1
2020-04-01	covid 19 counts by state	False	United States	1
2020-04-01	coronavirus deutschland tote	False	Germany	1
2020-04-01	coronavirus	False	Lebanon	91
2020-04-01	birmingham airport	True	United Kingdom	1
2020-04-01	worldometer coronavirus count	False	United States	1
2020-04-01	air travel coronavirus	False	United States	1
2020-04-01	cases of coronavirus in new york	False	United States	1
2020-04-01	end of the world coronavirus	False	United States	1
2020-04-01	corovirus uk	False	United Kingdom	1
2020-04-01	pa coronavirus	False	United States	2
2020-04-01	corona virus no brasil	False	Brazil	7
2020-04-01	coronavirus updates	False	Romania	59
2020-04-01	covid 19 when will it end	False	United States	1
2020-04-01	worldometer coronavirus	False	United States	14
2020-04-01	coronavirus cases in ohio	False	United States	1
2020-04-01	coronavirus map	False	Lithuania	10
2020-04-01	coronavirus updates	False	Laos	100
2020-04-01	coronavirus case	False	United Kingdom	1
2020-04-01	end times coronavirus	False	United States	1
2020-04-01	coronavirus (covid-19) pandemic	False	United States	1
2020-04-01	coronavirus ny map	False	United States	1
2020-04-01	coronavirus en meuse	False	France	1
2020-04-01	corona virus cases	False	Australia	2
2020-04-01	ontario state of emergency	True	Canada	1
2020-04-01	worldometer corona virus	False	United States	1
2020-04-01	coronavirus tarrant county	False	United States	1
2020-04-01	queensland health coronavirus update	False	Australia	1
2020-04-01	coronavirus chine	False	Canada	1
2020-04-01	situation corona virus en france	False	France	1
2020-04-01	england coronavirus	False	United States	1
2020-04-01	covid 19 financial help	False	United Kingdom	1
2020-04-01	worldometer carona virus	False	United States	1
2020-04-01	who coronavirus	False	Italy	1
2020-04-01	pa coronavirus by county	False	United States	1
2020-04-01	klosterfrau melissengeist	True	Germany	1
2020-04-01	gov coronavirus uk	False	United Kingdom	1
2020-04-01	was ist das coronavirus	False	Germany	1
2020-04-01	public health covid 19	False	United Kingdom	1
2020-04-01	epidemie coronavirus	False	France	1
2020-04-01	didattica a distanza	True	Italy	2
2020-04-01	england coronavirus news	False	United States	1
2020-04-01	coronavirus live	False	Lithuania	2
2020-04-01	arrowe park hospital	True	United Kingdom	1
2020-04-01	coronavirus update illinois counties	False	United States	1
2020-04-01	coronavirus ny cases	False	United States	1
2020-04-01	corona virus by country	False	Australia	1
2020-04-01	worldometer	True	United States	5
2020-04-01	montgomery county coronavirus	False	United States	1
2020-04-01	coronavirus russia	False	United Kingdom	1
2020-04-01	covid 19 cases by county in texas	False	United States	1
2020-04-01	coronavirus egitto	False	Italy	1
2020-04-01	enhanced unemployment benefits coronavirus	False	United States	1
2020-04-01	coronavirus update in mexico	False	United States	1
2020-04-01	coronavirus münchen	False	Germany	1
2020-04-01	covid 19 numbers in canada	False	Canada	1
2020-04-01	coronavirus en canarias	False	Spain	1
2020-04-01	pa coronavirus cases	False	United States	1
2020-04-01	worldmeters.info/coronavirus	False	United States	1
2020-04-01	maryland stay at home order	True	United States	1
2020-04-01	coronavirus deutschland	False	Germany	38
2020-04-01	usa coronavirus deaths	False	United Kingdom	1
2020-04-01	biofire diagnostics	True	United States	1
2020-04-01	environmental effects of coronavirus	False	United States	1
2020-04-01	coronavirus updates in us	False	United States	1
2020-04-01	coronavirus	False	Lithuania	48
2020-04-01	cases of coronavirus	False	Canada	1
2020-04-01	coronavirus (covid-19)	False	United States	1
2020-04-01	coronavirus ny by county map	False	United States	1
2020-04-01	worldmeters coronavirus	False	United States	1
2020-04-01	canción del coronavirus	False	Spain	1
2020-04-01	corona virus australia latest news	False	Australia	1
2020-04-01	datos oficiales coronavirus	False	Spain	1
2020-04-01	coronavirus en ecuador	False	Chile	6
2020-04-01	epa approved disinfectant coronavirus	False	United States	1
2020-04-01	covid 19 mt	False	United States	1
2020-04-01	pa coronavirus cases by county	False	United States	1
2020-04-01	covid 19 mao	False	United States	1
2020-04-01	corona virus and o negative blood	False	United States	1
2020-04-01	montgomery county coronavirus cases	False	United States	1
2020-04-01	worldmeter covid 19	False	United States	1
2020-04-01	was ist coronavirus genau erklärt	False	Germany	1
2020-04-01	public health coronavirus	False	United Kingdom	1
2020-04-01	covid 19 mohave county az	False	United States	1
2020-04-01	coronavirus colorado springs	False	United States	1
2020-04-01	epa approved disinfectant list	True	United States	1
2020-04-01	coronavirus entwicklung deutschland	False	Germany	1
2020-04-01	que son los coronavirus	False	Mexico	1
2020-04-01	did nostradamus predict the coronavirus	False	United Kingdom	1
2020-04-01	corona virus statistics	False	Lithuania	2
2020-04-01	covid 19 live update	False	United States	1
2020-04-01	pa coronavirus county map	False	United States	1
2020-04-01	blanquer	True	France	2
2020-04-01	coronavirus ny by county	False	United States	1
2020-04-01	worldmeter coronavirus	False	United States	1
2020-04-01	cases of coronavirus in nc	False	United States	1
2020-04-01	epa approved disinfectant list for covid19	False	United States	1
2020-04-01	corona virus australia	False	Australia	8
2020-04-01	bing coronavirus	False	Italy	1
2020-04-01	ontario schools	True	Canada	1
2020-04-01	lysol spray	True	United States	2
2020-04-01	state numbers coronavirus	False	United States	1
2020-04-01	covid 19 who	False	United States	1
2020-04-01	coronavirus cases in nyc	False	United States	1
2020-04-01	worldinfometer coronavirus	False	United States	1
2020-04-01	corona virus no mundo	False	Brazil	3
2020-04-01	coronavirus cases	False	United Kingdom	3
2020-04-01	epa coronavirus	False	United States	1
2020-04-01	closing liquor stores because of coronavirus	False	United States	1
2020-04-01	coronavirus united states texas	False	United States	1
2020-04-01	coronavirus en moselle	False	France	1
2020-04-01	pa coronavirus curve	False	United States	1
2020-04-01	corona virus map	False	Lithuania	1
2020-04-01	anchorage coronavirus	False	United States	1
2020-04-01	coronavirus	False	United States	63
2020-04-01	world wide coronavirus stats	False	United States	1
2020-04-01	coronavirus update john hopkins map	False	United States	1
2020-04-01	corona virus tabelle von erkrankten	False	Germany	1
2020-04-01	epa coronavirus list	False	United States	1
2020-04-01	coronavirus ny	False	United States	1
2020-04-01	corona virus app	False	Australia	1
2020-04-01	covid 19 test	False	United Kingdom	1
2020-04-01	voce di mantova	True	Italy	1
2020-04-01	cdc self check for coronavirus	False	United States	1
2020-04-01	was ist coronavirus	False	Germany	1
2020-04-01	public health agency	True	United Kingdom	1
2020-04-01	world wide corona virus deaths	False	United States	1
2020-04-01	covid 19 fmla	False	United States	1
2020-04-01	enterrement coronavirus	False	France	1
2020-04-01	epa coronovirus cleaners	False	United States	1
2020-04-01	world covid 19 statistics	False	Canada	1
2020-04-01	pa coronavirus lockdown	False	United States	1
2020-04-01	coronavirus runny nose	False	United Kingdom	1
2020-04-01	montgomery county covid19	False	United States	1
2020-04-01	coronavirus johns hopkins map	False	Germany	1
2020-04-01	world wide corona virus	False	United States	1
2020-04-01	stimulus pay for coronavirus	False	United States	1
2020-04-01	worldometer coronavirus	False	Bahrain	55
2020-04-01	coronavirus virus update	False	United States	1
2020-04-01	diffusione coronavirus	False	Italy	1
2020-04-01	epa covid 19 disinfectants	False	United States	1
2020-04-01	gov coronavirus update	False	United Kingdom	1
2020-04-01	coronavirus nursing home	False	United States	1
2020-04-01	coronavirus manitoba	False	Canada	2
2020-04-01	corona virus america	False	Australia	1
2020-04-01	coronavirus update	False	Ecuador	6
2020-04-01	australia coronavirus update	False	United Kingdom	1
2020-04-01	maryland unemployment covid 19	False	United States	1
2020-04-01	size of corona viruses in microns	False	United States	1
2020-04-01	are smokers more susceptible to coronavirus	False	United States	1
2020-04-01	covid 19 numbers usa	False	Canada	1
2020-04-01	epa disinfectants coronavirus	False	United States	1
2020-04-01	world update coronavirus	False	United States	1
2020-04-01	coronavirus münchen aktuell	False	Germany	1
