Date	Query	IsImplicitIntent	Country	PopularityScore
2020-07-01	oregon covid stats	False	United States	1
2020-07-01	coronavirus update mi	False	United States	1
2020-07-01	vaccine for coronavirus	False	Australia	2
2020-07-01	arizona governor coronavirus	False	United States	1
2020-07-01	oregon covid updates	False	United States	1
2020-07-01	corona virus updates	False	Kenya	1
2020-07-01	coronavirus cases by day	False	United States	1
2020-07-01	track and trace covid	False	United Kingdom	1
2020-07-01	coronavirus saskatchewan	False	Canada	1
2020-07-01	gatlinburg tn coronavirus	False	United States	1
2020-07-01	oregon department of health	True	United States	1
2020-07-01	beijing coronavirus	False	United States	1
2020-07-01	sintomas covid 19	False	Brazil	13
2020-07-01	coronavirus update mexico	False	United States	1
2020-07-01	covid 19 russie	False	France	1
2020-07-01	oregon governor	True	United States	1
2020-07-01	oregon health authority	True	United States	1
2020-07-01	covid cases in las vegas nevada	False	United States	1
2020-07-01	oregon health authority coronavirus	False	United States	1
2020-07-01	risikogebiete coronavirus	False	Switzerland	5
2020-07-01	síntomas del coronavirus	False	Argentina	1
2020-07-01	coronavirus update md	False	United States	1
2020-07-01	covid symptome	False	Germany	1
2020-07-01	gator face mask	True	United States	1
2020-07-01	usa covid 19 update	False	Australia	2
2020-07-01	oregon health department	True	United States	1
2020-07-01	coronavirus cases by state	False	United States	1
2020-07-01	covid 19 gov	False	United Kingdom	1
2020-07-01	coronavirus statistics	False	Canada	12
2020-07-01	haven holidays coronavirus	False	United Kingdom	1
2020-07-01	oregon mask requirement	True	United States	1
2020-07-01	california covid restrictions	False	United States	1
2020-07-01	oregon news	True	United States	1
2020-07-01	circulación covid	False	Argentina	1
2020-07-01	covid 19 royaume uni	False	France	1
2020-07-01	coronavirus update massachusetts	False	United States	1
2020-07-01	oregon phase 2	True	United States	1
2020-07-01	covid cases in las vegas	False	United States	1
2020-07-01	oregon phase 2 reopening	True	United States	1
2020-07-01	how to get tested for coronavirus uk	False	United Kingdom	1
2020-07-01	coronavirus update maryland	False	United States	1
2020-07-01	oregon reopening	True	United States	1
2020-07-01	covid monitor	False	Germany	1
2020-07-01	gator mask	True	United States	1
2020-07-01	usa covid	False	Australia	1
2020-07-01	oregon state coronavirus update	False	United States	1
2020-07-01	coronavirus cases by state in usa	False	United States	1
2020-07-01	covid testing in ct	False	United States	1
2020-07-01	coronavirus statistics in canada	False	Canada	3
2020-07-01	edf energy	True	United Kingdom	3
2020-07-01	oregon state of emergency	True	United States	1
2020-07-01	arizona department of health services covid	False	United States	1
2020-07-01	coronavirus update map	False	United States	1
2020-07-01	oregon travel restrictions	True	United States	1
2020-07-01	covid 19 respirator	False	France	1
2020-07-01	oregon travel restrictions coronavirus	False	United States	1
2020-07-01	oregon travel restrictions covid 19	False	United States	1
2020-07-01	cdc approved disinfectant	True	United States	1
2020-07-01	coronavirus update maine	False	United States	1
2020-07-01	covid 19 france	False	United Kingdom	1
2020-07-01	oregon unemployment department	True	United States	1
2020-07-01	orlando coronavirus	False	United States	1
2020-07-01	covid mask protection	False	Germany	1
2020-07-01	gator masks	True	United States	1
2020-07-01	usa coronavirus update	False	Australia	8
2020-07-01	coronavirus update ma	False	United States	1
2020-07-01	coronavirus cases by states	False	United States	1
2020-07-01	covid spit test	False	United States	1
2020-07-01	coronavirus statistics in united states	False	Canada	5
2020-07-01	covid cases in iowa	False	United States	1
2020-07-01	orlando covid 19 update	False	United States	1
2020-07-01	covid 19 figures	False	United Kingdom	1
2020-07-01	orlando florida coronavirus	False	United States	1
2020-07-01	oscar health	True	United States	1
2020-07-01	covid 19 protection mask	False	France	1
2020-07-01	coronavirus	False	Chile	35
2020-07-01	coronavirus update louisiana	False	United States	1
2020-07-01	reisewarnungen eda	True	Switzerland	2
2020-07-01	osha covid	False	United States	1
2020-07-01	gator masks for coronavirus	False	United States	1
2020-07-01	osha covid 19 guidance	False	United States	1
2020-07-01	osha face masks covid	False	United States	1
2020-07-01	covid face masks for sale	False	Germany	1
2020-07-01	covid cases in indiana	False	United States	1
2020-07-01	usa coronavirus deaths	False	Australia	1
2020-07-01	coronavirus update los angeles ca	False	United States	1
2020-07-01	coronavirus cases california	False	United States	1
2020-07-01	diagnosis code for covid antibody testing	False	United States	1
2020-07-01	coronavirus stats	False	Canada	4
2020-07-01	az covid 19 dashboard	False	United States	1
2020-07-01	osha mask regulations	True	United States	1
2020-07-01	gavin newsom	True	United States	5
2020-07-01	osterholm coronavirus	False	United States	1
2020-07-01	coronavirus update los angeles	False	United States	1
2020-07-01	covid 19 portugal	False	France	1
2020-07-01	ottawa county coronavirus	False	United States	1
2020-07-01	outer banks corona virus	False	United States	1
2020-07-01	covid 19 face mask protection	False	United Kingdom	1
2020-07-01	outer banks corona virus update	False	United States	1
2020-07-01	cid coronavírus	False	Brazil	1
2020-07-01	blood type and coronavirus	False	United States	1
2020-07-01	coronavirus update live	False	United States	1
2020-07-01	covid deutschland	False	Germany	1
2020-07-01	us covid deaths	False	United Kingdom	1
2020-07-01	usa coronavirus	False	Australia	2
2020-07-01	outer banks coronavirus update	False	United States	1
2020-07-01	coronavirus cases colorado	False	United States	1
2020-07-01	arizona department of health covid 19	False	United States	1
2020-07-01	coronavirus symptoms	False	Canada	3
2020-07-01	covid 19 occitanie	False	France	1
2020-07-01	outer banks covid	False	United States	1
2020-07-01	sky news coronavirus tracker	False	United Kingdom	1
2020-07-01	outer banks covid 19	False	United States	1
2020-07-01	broadway actor coronavirus	False	United States	1
2020-07-01	coronavirus update las vegas	False	United States	1
2020-07-01	outer banks covid restrictions	False	United States	1
2020-07-01	outer banks covid update	False	United States	1
2020-07-01	covid cases in illinois today	False	United States	1
2020-07-01	cdc approved face masks	True	United States	1
2020-07-01	covid 19 wiki	False	Germany	1
2020-07-01	coronavirus update kentucky	False	United States	1
2020-07-01	oxford vaccine	True	United States	1
2020-07-01	us covid deaths	False	Australia	1
2020-07-01	gavin newsom coronavirus	False	United States	1
2020-07-01	ozium air sanitizer	True	United States	1
2020-07-01	quarantäne schweiz	True	Switzerland	2
2020-07-01	coronavirus cases florida	False	United States	1
2020-07-01	covid 19 normandie	False	France	1
2020-07-01	coronavirus tracker	False	Canada	3
2020-07-01	p-ebt	True	United States	1
2020-07-01	coronavirus update kansas	False	United States	1
2020-07-01	erie county pa coronavirus	False	United States	1
2020-07-01	p-ebt card	True	United States	1
2020-07-01	p-ebt nc	True	United States	1
2020-07-01	p100 mask	True	United States	1
2020-07-01	covid 19 deaths worldwide	False	United Kingdom	1
2020-07-01	covid 19 usa	False	Germany	1
2020-07-01	gavin newsom coronavirus update	False	United States	1
2020-07-01	us coronavirus update	False	Australia	3
2020-07-01	coronavirus update john hopkins dashboard	False	United States	1
2020-07-01	p95 mask	True	United States	1
2020-07-01	coronavirus vaccine	False	South Africa	2
2020-07-01	covid cases in illinois	False	United States	1
2020-07-01	covid 19 deaths usa	False	United Kingdom	1
2020-07-01	covid 19 n95 masks for sale	False	France	2
2020-07-01	pa car inspections extended	True	United States	1
2020-07-01	coronavirus cases georgia	False	United States	1
2020-07-01	pa corona virus	False	United States	1
2020-07-01	coronavirus trend in british columbia	False	Canada	1
2020-07-01	coronavirus update japan	False	United States	1
2020-07-01	covid return to work	False	United States	1
2020-07-01	doh coronavirus	False	United States	1
2020-07-01	pa corona virus update	False	United States	1
2020-07-01	pa coronavirus	False	United States	1
2020-07-01	covid 19 tracker	False	Germany	1
2020-07-01	us coronavirus	False	Australia	5
2020-07-01	coronavirus update italy	False	United States	1
2020-07-01	gavin newsom covid	False	United States	1
2020-07-01	covid cases in idaho	False	United States	1
2020-07-01	covid 19 n 95	False	France	1
2020-07-01	pa coronavirus by county	False	United States	1
2020-07-01	que es el coronavirus	False	Argentina	1
2020-07-01	pa coronavirus by zip code	False	United States	1
2020-07-01	gavin newsom press conference	True	United States	10
2020-07-01	pa coronavirus cases	False	United States	1
2020-07-01	sintomas da covid	False	Brazil	1
2020-07-01	coronavirus cases illinois	False	United States	1
2020-07-01	how to make a face mask	True	United Kingdom	2
2020-07-01	coronavirus trend in ontario	False	Canada	1
2020-07-01	covid 19 test	False	Germany	1
2020-07-01	uk coronavirus update	False	Australia	3
2020-07-01	arizona covid updates	False	United States	1
2020-07-01	coronavirus update iowa	False	United States	1
2020-07-01	pa coronavirus map	False	United States	1
2020-07-01	corona virus	False	Argentina	1
2020-07-01	covid 19 deaths uk today	False	United Kingdom	1
2020-07-01	covid 19 monde chiffres	False	France	1
2020-07-01	covid testing in houston	False	United States	1
2020-07-01	pa coronavirus news	False	United States	1
2020-07-01	pa coronavirus numbers	False	United States	1
2020-07-01	coronavirus update indiana	False	United States	1
2020-07-01	pa coronavirus update	False	United States	2
2020-07-01	pa coronavirus update by county	False	United States	1
2020-07-01	pressekonferenz bundesrat	True	Switzerland	6
2020-07-01	cdc asymptomatic coronavirus	False	United States	1
2020-07-01	covid 19 symptome	False	Germany	1
2020-07-01	coronavirus cases in alabama	False	United States	1
2020-07-01	uk coronavirus	False	Australia	1
2020-07-01	coronavirus trend in united states	False	Canada	1
2020-07-01	pa coronavirus update today	False	United States	1
2020-07-01	worldometer coronavirus	False	Isle Of Man	20
2020-07-01	covid cases in hawaii	False	United States	1
2020-07-01	coronavirus update india	False	United States	1
2020-07-01	pa county coronavirus map	False	United States	1
2020-07-01	covid 19 monde	False	France	1
2020-07-01	pa county map of coronavirus	False	United States	1
2020-07-01	鹿児島コロナウイルス	False	Japan	1
2020-07-01	covid mn	False	United States	1
2020-07-01	pa covid	False	United States	1
2020-07-01	gavin newsom updates coronavirus	False	United States	1
2020-07-01	coronavirus update in usa	False	United States	1
2020-07-01	pa covid 19	False	United States	1
2020-07-01	covid 19 schweden	False	Germany	1
2020-07-01	covid 19 deaths uk	False	United Kingdom	1
2020-07-01	total deaths coronavirus	False	Australia	1
2020-07-01	pa covid 19 by county	False	United States	1
2020-07-01	coronavirus cases in arizona	False	United States	1
2020-07-01	genesee county coronavirus	False	United States	1
2020-07-01	coronavirus united states update	False	Canada	1
2020-07-01	covid 19 mexique	False	France	1
2020-07-01	pa covid 19 cases	False	United States	1
2020-07-01	ecb cricket	True	United Kingdom	6
2020-07-01	coronavirus update in us	False	United States	1
2020-07-01	pa covid 19 dashboard	False	United States	1
2020-07-01	鹿児島　コロナウイルス	False	Japan	1
2020-07-01	pa covid 19 map	False	United States	1
2020-07-01	diabetes and coronavirus	False	United States	1
2020-07-01	covid cases in georgia	False	United States	1
2020-07-01	covid 19 pandemie deutschland	False	Germany	1
2020-07-01	tasmania coronavirus	False	Australia	1
2020-07-01	pa covid 19 update	False	United States	1
2020-07-01	coronavirus argentina	False	Chile	1
2020-07-01	coronavirus update in texas today	False	United States	1
2020-07-01	az coronavirus update today	False	United States	1
2020-07-01	covid 19 deaths today uk	False	United Kingdom	1
2020-07-01	covid 19 masks n95	False	France	1
2020-07-01	coronavirus cases in arkansas	False	United States	1
2020-07-01	pa covid 19 update today	False	United States	1
2020-07-01	coronavirus update	False	Canada	87
2020-07-01	韓国のコロナウイルス感染	False	Japan	1
2020-07-01	pa covid 19 updates	False	United States	1
2020-07-01	genmark diagnostics	True	United States	1
2020-07-01	pa covid cases	False	United States	1
2020-07-01	coronavirus update in tennessee	False	United States	1
2020-07-01	arizona covid update	False	United States	1
2020-07-01	covid 19 pandemie	False	Germany	1
2020-07-01	tafe qld	True	Australia	14
2020-07-01	belarus coronavirus	False	United States	1
2020-07-01	pa covid cases by county	False	United States	1
2020-07-01	portugal coronavirus	False	Switzerland	2
2020-07-01	pa covid dashboard	False	United States	1
2020-07-01	pa covid news	False	United States	1
2020-07-01	covid 19 masks for sale	False	France	1
2020-07-01	us covid statistics	False	United Kingdom	1
2020-07-01	british airways coronavirus	False	United States	1
2020-07-01	豚コロナウイルス	False	Japan	1
2020-07-01	coronavirus cases in az	False	United States	1
2020-07-01	coronavirus update in pa	False	United States	1
2020-07-01	coronavirus update alberta	False	Canada	1
2020-07-01	covid cases in ga by county	False	United States	1
2020-07-01	covid 19 n95 masks for sale	False	Germany	2
2020-07-01	cdc cleaning guidelines	True	United States	1
2020-07-01	pa covid numbers	False	United States	1
2020-07-01	pa covid update	False	United States	1
2020-07-01	symptoms of covid 19	False	Australia	2
2020-07-01	pa covid19	False	United States	1
2020-07-01	george floyd	True	United States	2
2020-07-01	covid 19 deaths today	False	United Kingdom	2
2020-07-01	covid 19 maroc	False	France	1
2020-07-01	blood type and covid	False	United States	1
2020-07-01	coronavirus update in nj	False	United States	1
2020-07-01	pa covid19 cases	False	United States	1
2020-07-01	群馬県　コロナウイルス	False	Japan	1
2020-07-01	sky news coronavirus	False	United Kingdom	1
2020-07-01	pa department of health coronavirus	False	United States	1
2020-07-01	california covid orders	False	United States	1
2020-07-01	coronavirus cases in brazil	False	United States	1
2020-07-01	covid 19 masks n95	False	Germany	1
2020-07-01	coronavirus update bc	False	Canada	1
2020-07-01	symptoms of coronavirus	False	Australia	5
2020-07-01	pa dept of health	True	United States	2
2020-07-01	covid cases in ga	False	United States	1
2020-07-01	coronavirus update in nh	False	United States	1
2020-07-01	pa dept of health coronavirus	False	United States	1
2020-07-01	escambia county coronavirus	False	United States	1
2020-07-01	covid 19 italie	False	France	1
2020-07-01	pa dept of health covid 19	False	United States	1
2020-07-01	can you have coronavirus without fever	False	United States	1
2020-07-01	経済産業省　コロナ	True	Japan	1
2020-07-01	pa doh coronavirus	False	United States	1
2020-07-01	coronavirus update in new york	False	United States	1
2020-07-01	pa doh covid	False	United States	1
2020-07-01	george floyd autopsy	True	United States	1
2020-07-01	tui holidays	True	United Kingdom	11
2020-07-01	covid 19 masks for sale	False	Germany	1
2020-07-01	sweden coronavirus update	False	Australia	2
2020-07-01	coronavirus cases in california	False	United States	1
2020-07-01	pa gov coronavirus	False	United States	1
2020-07-01	coronavirus update canada	False	Canada	5
2020-07-01	arizona covid stats	False	United States	1
2020-07-01	covid 19 inde	False	France	1
2020-07-01	covid 19 deaths scotland	False	United Kingdom	1
2020-07-01	pa governor	True	United States	1
2020-07-01	coronavirus updates	False	South Africa	1
2020-07-01	coronavirus update in michigan today	False	United States	1
2020-07-01	経済産業省 ホームページ	True	Japan	10
2020-07-01	pa governor coronavirus	False	United States	1
2020-07-01	george soros coronavirus	False	United States	1
2020-07-01	covid cases in florida today	False	United States	1
2020-07-01	covid 19 map	False	Germany	1
2020-07-01	pa green phase	True	United States	1
2020-07-01	pa health coronavirus	False	United States	1
2020-07-01	sweden coronavirus	False	Australia	2
2020-07-01	politologue coronavirus	False	Switzerland	1
2020-07-01	coronavirus update in maryland	False	United States	1
2020-07-01	how to make a face mask for coronavirus	False	United Kingdom	1
2020-07-01	coronavirus cases in colorado	False	United States	1
2020-07-01	covid 19 france	False	France	4
2020-07-01	coronavirus update live	False	Canada	1
2020-07-01	pa mask order	True	United States	1
2020-07-01	神奈川県　コロナ	True	Japan	2
2020-07-01	covid 19 deaths in usa	False	United Kingdom	1
2020-07-01	pa news coronavirus	False	United States	1
2020-07-01	pa small business grant for covid 19	False	United States	1
2020-07-01	coronavirus update in georgia	False	United States	1
2020-07-01	covid testing in maryland	False	United States	1
2020-07-01	covid 19 krankenhausentlastungsgesetz	False	Germany	1
2020-07-01	george soros eu coronavirus	False	United States	1
2020-07-01	superannuation coronavirus	False	Australia	2
2020-07-01	pa small business grants	True	United States	1
2020-07-01	pa state grants covid 19	False	United States	1
2020-07-01	pa travel restrictions	True	United States	1
2020-07-01	cdc close contact	True	United States	1
2020-07-01	covid cases in florida by county	False	United States	1
2020-07-01	covid 19 face mask protection	False	France	1
2020-07-01	coronavirus update in florida	False	United States	1
2020-07-01	coronavirus cases in fl	False	United States	1
2020-07-01	神奈川　コロナ	True	Japan	3
2020-07-01	coronavirus update montreal	False	Canada	1
2020-07-01	pa travel restrictions coronavirus	False	United States	1
2020-07-01	covid missouri	False	United States	1
2020-07-01	easyjet uk	True	United Kingdom	7
2020-07-01	pa unemployment compensation	True	United States	1
2020-07-01	pa unemployment for self employed	True	United States	1
2020-07-01	covid 19 fallzahlen deutschland	False	Germany	1
2020-07-01	stimulus package 2020	True	Australia	2
2020-07-01	protocolo covid 19	False	Argentina	1
2020-07-01	georgia corona virus	False	United States	1
2020-07-01	covid 19 deaths in uk today	False	United Kingdom	1
2020-07-01	covid 19 face mask n95	False	France	1
2020-07-01	coronavirus update in colorado today	False	United States	1
2020-07-01	pa.gov coronavirus	False	United States	1
2020-07-01	pa.gov covid-19	False	United States	1
2020-07-01	dhs wisconsin coronavirus	False	United States	1
2020-07-01	環境感染学会	True	Japan	1
2020-07-01	pa.health.gov/coronavirus	False	United States	1
2020-07-01	coronavirus cases in florida	False	United States	1
2020-07-01	cid covid	False	Brazil	2
2020-07-01	coronavirus update ontario	False	Canada	4
2020-07-01	covid 19 face mask n95	False	Germany	1
2020-07-01	stage 3 restrictions	True	Australia	1
2020-07-01	testing for coronavirus in my area	False	United Kingdom	1
2020-07-01	coronavirus update in california today	False	United States	1
2020-07-01	pacific seafood	True	United States	1
2020-07-01	pakistan coronavirus	False	United States	1
2020-07-01	arizona covid statistics	False	United States	1
2020-07-01	covid 19 etats unis	False	France	1
2020-07-01	covid cases in florida	False	United States	1
2020-07-01	palm beach county coronavirus	False	United States	1
2020-07-01	滋賀県コロナウイルス	False	Japan	1
2020-07-01	sintomas da covid 19	False	Brazil	1
2020-07-01	coronavirus update in california	False	United States	1
2020-07-01	palm beach county covid update	False	United States	1
2020-07-01	georgia corona virus update	False	United States	1
2020-07-01	covid 19 deaths in uk	False	United Kingdom	1
2020-07-01	covid 19 deutschland	False	Germany	1
2020-07-01	coronavirus cases in florida 2020	False	United States	1
2020-07-01	spirit of tasmania	True	Australia	5
2020-07-01	coronavirus update ontario canada	False	Canada	1
2020-07-01	palm beach county mask order	True	United States	1
2020-07-01	pkorg	True	Switzerland	1
2020-07-01	georgia coronavirus	False	United States	2
2020-07-01	palm beach county schools	True	United States	1
2020-07-01	palm springs coronavirus update	False	United States	1
2020-07-01	covid 19 espagne	False	France	1
2020-07-01	coronavirus	False	Argentina	4
2020-07-01	沖縄県コロナウイルス	False	Japan	1
2020-07-01	covid cases in colorado	False	United States	1
2020-07-01	coronavirus update in alabama	False	United States	1
2020-07-01	covid 19 deaths by country	False	United Kingdom	1
2020-07-01	palm springs covid	False	United States	1
2020-07-01	palm springs covid cases	False	United States	1
2020-07-01	covid 19 dashboard	False	Germany	1
2020-07-01	us deaths from coronavirus	False	United Kingdom	1
2020-07-01	spain coronavirus update	False	Australia	1
2020-07-01	panama city beach covid	False	United States	1
2020-07-01	coronavirus cases in florida today	False	United States	1
2020-07-01	simpsons predictions	True	United Kingdom	1
2020-07-01	coronavirus update quebec	False	Canada	1
2020-07-01	covid 19 en normandie	False	France	1
2020-07-01	coronavirus update illinois	False	United States	1
2020-07-01	cdc contact tracing covid	False	United States	1
2020-07-01	panama city beach florida coronavirus	False	United States	1
2020-07-01	panama city beach florida covid 19	False	United States	1
2020-07-01	栃木県コロナウイルス	False	Japan	1
2020-07-01	panama city beach florida covid update	False	United States	1
2020-07-01	georgia coronavirus cases	False	United States	1
2020-07-01	escambia county covid cases	False	United States	1
2020-07-01	covid 19 app	False	Germany	1
2020-07-01	south australia coronavirus	False	Australia	1
2020-07-01	coronavirus update idaho	False	United States	1
2020-07-01	panama city beach news	True	United States	1
2020-07-01	pancare	True	United States	1
2020-07-01	covid mississippi	False	United States	1
2020-07-01	covid cases in canada	False	United States	1
2020-07-01	covid 19 en france	False	France	1
2020-07-01	coronavirus cases in ga	False	United States	1
2020-07-01	pancare panama city fl	True	United States	1
2020-07-01	coronavirus update today	False	Canada	1
2020-07-01	栃木　コロナウイルス	False	Japan	1
2020-07-01	pandemic ebt	True	United States	1
2020-07-01	georgia coronavirus dashboard	False	United States	1
2020-07-01	coronavirus update hawaii	False	United States	1
2020-07-01	pandemic unemployment assistance	True	United States	2
2020-07-01	covid 19 deaths	False	United Kingdom	1
2020-07-01	covid 19	False	Germany	5
2020-07-01	small business recovery grant	True	Australia	2
2020-07-01	dupage county coronavirus	False	United States	1
2020-07-01	pandemic unemployment assistance program	True	United States	1
2020-07-01	arizona covid restrictions	False	United States	1
2020-07-01	pangolins	True	United States	1
2020-07-01	coronavirus update germany	False	United States	1
2020-07-01	covid 19 dans le monde	False	France	1
2020-07-01	covid cases in california	False	United States	1
2020-07-01	panhandle health district	True	United States	1
2020-07-01	東洋経済　コロナ	True	Japan	1
2020-07-01	coronavirus cases in georgia	False	United States	1
2020-07-01	panhandle health district coronavirus	False	United States	1
2020-07-01	coronavirus update usa	False	Canada	3
2020-07-01	pays a risque coronavirus	False	Switzerland	1
2020-07-01	covid	False	Germany	2
2020-07-01	georgia coronavirus map	False	United States	1
2020-07-01	paper face masks	True	United States	1
2020-07-01	coronavirus update georgia	False	United States	1
2020-07-01	paper masks	True	United States	1
2020-07-01	servicesaustralia.gov.au	True	Australia	6
2020-07-01	parker county	True	United States	1
2020-07-01	covid 19 death toll	False	United Kingdom	1
2020-07-01	georgia coronavirus news	False	United States	1
2020-07-01	covid 19 chine	False	France	1
2020-07-01	parker county coronavirus	False	United States	1
2020-07-01	coronavirus chile	False	Chile	17
2020-07-01	coronavirus update ga	False	United States	1
2020-07-01	covid cases in az	False	United States	1
2020-07-01	東京都庁ホームページ	True	Japan	1
2020-07-01	parker county covid cases	False	United States	1
2020-07-01	coronavirus cases in idaho	False	United States	1
2020-07-01	covid 19 data uk	False	United Kingdom	1
2020-07-01	coronavirus update world	False	Canada	1
2020-07-01	costa kreuzfahrten coronavirus	False	Germany	1
2020-07-01	pasco county coronavirus	False	United States	1
2020-07-01	how to make a mask for coronavirus	False	United Kingdom	1
2020-07-01	patient first covid testing	False	United States	1
2020-07-01	brian kemp	True	United States	1
2020-07-01	service nsw small business grant	True	Australia	1
2020-07-01	coronavirus update france	False	United States	1
2020-07-01	covid testing in nc	False	United States	1
2020-07-01	easyjet refunds	True	United Kingdom	1
2020-07-01	covid 19 brésil	False	France	1
2020-07-01	patient zero	True	United States	1
2020-07-01	patriotic face masks	True	United States	1
2020-07-01	patriotic face masks for coronavirus	False	United States	1
2020-07-01	東京都コロナウイルス	False	Japan	1
2020-07-01	cdc contaminated surfaces	True	United States	1
2020-07-01	coronavirus update for usa	False	United States	1
2020-07-01	georgia coronavirus stats	False	United States	1
2020-07-01	coronavirus cases in il	False	United States	1
2020-07-01	costa kreuzfahrten	True	Germany	1
2020-07-01	coronavirus updates	False	Canada	4
2020-07-01	service nsw	True	Australia	100
2020-07-01	pattern for face mask	True	United States	1
2020-07-01	belize coronavirus	False	United States	1
2020-07-01	pattern for masks for coronavirus	False	United States	1
2020-07-01	patterns for masks for coronavirus	False	United States	1
2020-07-01	permiso covid	False	Argentina	1
2020-07-01	covid 19 bretagne	False	France	1
2020-07-01	coronavirus update florida cases	False	United States	1
2020-07-01	covid cases in arkansas	False	United States	1
2020-07-01	東京都コロナウィルス	False	Japan	1
2020-07-01	payroll tax	True	United States	1
2020-07-01	payroll tax cut	True	United States	1
2020-07-01	payroll tax holiday	True	United States	1
2020-07-01	georgia coronavirus update	False	United States	1
2020-07-01	dhhs nebraska coronavirus	False	United States	1
2020-07-01	coronavirus.jhu.edu map	False	Germany	1
2020-07-01	scott morrison announcements today	True	Australia	2
2020-07-01	coronavirus cases in illinois	False	United States	1
2020-07-01	blood type and covid 19	False	United States	1
2020-07-01	coronavirus us	False	Canada	1
2020-07-01	arizona covid numbers	False	United States	1
2020-07-01	covid 19 bresil	False	France	1
2020-07-01	covid 19 data	False	United Kingdom	1
2020-07-01	coronavirus update florida	False	United States	1
2020-07-01	pcr covid	False	United States	1
2020-07-01	pcr covid test	False	United States	1
2020-07-01	東京都　コロナウイルス	False	Japan	1
2020-07-01	pcr covid testing	False	United States	1
2020-07-01	ofsp coronavirus	False	Switzerland	9
2020-07-01	california covid numbers	False	United States	1
2020-07-01	coronavirus-monitor	False	Germany	1
2020-07-01	pcr test for coronavirus	False	United States	1
2020-07-01	coronavirus update worldometer	False	South Africa	1
2020-07-01	scott morrison	True	Australia	8
2020-07-01	covid cases in arizona	False	United States	1
2020-07-01	coronavirus update fl	False	United States	1
2020-07-01	georgia covid	False	United States	1
2020-07-01	coronavirus cases in indiana	False	United States	1
2020-07-01	covid 19 belgique	False	France	1
2020-07-01	coronavirus usa	False	Canada	9
2020-07-01	pcr testing	True	United States	1
2020-07-01	東京都　コロナウィルス	False	Japan	1
2020-07-01	covid 19 dashboard	False	United Kingdom	1
2020-07-01	pcr testing for coronavirus	False	United States	1
2020-07-01	pcr testing for covid 19	False	United States	1
2020-07-01	coronavirus update delaware	False	United States	1
2020-07-01	coronavirus	False	El Salvador	1
2020-07-01	coronavirus-karte für deutschland	False	Germany	1
2020-07-01	georgia covid 19	False	United States	1
2020-07-01	sapol	True	Australia	8
2020-07-01	pcr tests	True	United States	1
2020-07-01	peachtree immediate care	True	United States	1
2020-07-01	pebt california	True	United States	1
2020-07-01	boston coronavirus update	False	United States	1
2020-07-01	simon calder travel advice	True	United Kingdom	1
2020-07-01	covid 19 aveyron	False	France	1
2020-07-01	coronavirus update dallas texas	False	United States	1
2020-07-01	coronavirus cases in iowa	False	United States	1
2020-07-01	東京都　コロナ	True	Japan	8
2020-07-01	coronavirus usa update	False	Canada	1
2020-07-01	peggy noonan	True	United States	1
2020-07-01	covid cases in alabama today	False	United States	1
2020-07-01	cdc corona virus	False	United States	1
2020-07-01	pelosi	True	United States	1
2020-07-01	pence	True	United States	1
2020-07-01	coronavirus österreich	False	Germany	1
2020-07-01	safe work australia	True	Australia	12
2020-07-01	pennsylvania coronavirus	False	United States	2
2020-07-01	covid 19 cases uk	False	United Kingdom	1
2020-07-01	usa coronavirus	False	United Kingdom	1
2020-07-01	covid 19 angleterre	False	France	1
2020-07-01	coronavirus update ct	False	United States	1
2020-07-01	pennsylvania coronavirus cases	False	United States	1
2020-07-01	pennsylvania coronavirus map	False	United States	1
2020-07-01	essential workers	True	United States	1
2020-07-01	東京都 コロナウイルス	False	Japan	1
2020-07-01	pennsylvania coronavirus update	False	United States	1
2020-07-01	coronavirus cases in italy	False	United States	1
2020-07-01	georgia covid 19 cases	False	United States	1
2020-07-01	coronavirus vaccine	False	Canada	2
2020-07-01	coronavirus zahlen weltweit	False	Germany	1
2020-07-01	sa health coronavirus	False	Australia	2
2020-07-01	covid cases illinois	False	United States	1
2020-07-01	permiso único para circular covid 19	False	Argentina	1
2020-07-01	coronavirus update connecticut	False	United States	1
2020-07-01	pennsylvania coronavirus update today	False	United States	1
2020-07-01	arizona covid news	False	United States	1
2020-07-01	covid 19 allemagne	False	France	1
2020-07-01	georgia covid cases	False	United States	1
2020-07-01	pennsylvania covid	False	United States	1
2020-07-01	東京都	True	Japan	29
2020-07-01	pennsylvania covid 19	False	United States	1
2020-07-01	coronavirus update colorado	False	United States	1
2020-07-01	pennsylvania covid 19 cases	False	United States	1
2020-07-01	ofsp	True	Switzerland	27
2020-07-01	covid 19 cases in my area	False	United Kingdom	1
2020-07-01	coronavirus zahlen	False	Germany	1
2020-07-01	coronavirus cases in kansas	False	United States	1
2020-07-01	sa health	True	Australia	9
2020-07-01	coronavirus world	False	Canada	1
2020-07-01	pennsylvania covid 19 updates	False	United States	1
2020-07-01	cid covid 19	False	Brazil	2
2020-07-01	covid cases georgia	False	United States	1
2020-07-01	pennsylvania covid cases	False	United States	1
2020-07-01	pennsylvania covid dashboard	False	United States	1
2020-07-01	covid 19	False	France	5
2020-07-01	coronavirus update china	False	United States	1
2020-07-01	東京コロナウイルス	False	Japan	1
2020-07-01	georgia covid cases by day	False	United States	1
2020-07-01	pennsylvania covid restrictions	False	United States	1
2020-07-01	government covid	False	United Kingdom	1
2020-07-01	pennsylvania department of health coronavirus	False	United States	1
2020-07-01	pennsylvania reopening	True	United States	1
2020-07-01	coronavirus worldometers	False	Germany	1
2020-07-01	how to make face masks	True	United Kingdom	1
2020-07-01	sa covid restrictions	False	Australia	1
2020-07-01	sintomas de covid 19	False	Brazil	1
2020-07-01	coronavirus cases in maine	False	United States	1
2020-07-01	covid 19 cases	False	United Kingdom	1
2020-07-01	coronavirus world update	False	Canada	1
2020-07-01	covid	False	France	3
2020-07-01	coronavirus update cdc	False	United States	1
2020-07-01	georgia covid numbers	False	United States	1
2020-07-01	pennsylvania shutdown	True	United States	1
2020-07-01	pennsylvania travel restriction	True	United States	1
2020-07-01	東京　コロナウイルス	False	Japan	1
2020-07-01	pennsylvania travel restrictions coronavirus	False	United States	1
2020-07-01	covid testing in orange county ca	False	United States	1
2020-07-01	covid minnesota	False	United States	1
2020-07-01	coronavirus worldometer	False	Germany	1
2020-07-01	sa covid	False	Australia	1
2020-07-01	coronavirus update cases	False	United States	1
2020-07-01	pensacola coronavirus update	False	United States	1
2020-07-01	pepcid and coronavirus	False	United States	1
2020-07-01	cdc coronavirus	False	United States	1
2020-07-01	covid cases florida	False	United States	1
2020-07-01	courbes coronavirus france	False	France	1
2020-07-01	coronavirus cases in michigan	False	United States	1
2020-07-01	pepsi center covid testing	False	United States	1
2020-07-01	coronavirus worldometer	False	Canada	5
2020-07-01	東京　コロナウィルス	False	Japan	1
2020-07-01	per capita coronavirus cases by country	False	United States	1
2020-07-01	covid 19 brazil	False	United Kingdom	1
2020-07-01	coronavirus update canada	False	United States	1
2020-07-01	percentage of positive coronavirus tests	False	United States	1
2020-07-01	arizona covid map	False	United States	1
2020-07-01	coronavirus weltweit	False	Germany	1
2020-07-01	sa border pass	True	Australia	1
2020-07-01	easyjet refund	True	United Kingdom	1
2020-07-01	peru coronavirus	False	United States	1
2020-07-01	georgia covid testing	False	United States	1
2020-07-01	pete ricketts	True	United States	1
2020-07-01	coronavirus argentina	False	Argentina	4
2020-07-01	courbe coronavirus france	False	France	1
2020-07-01	covid cases fl	False	United States	1
2020-07-01	coronavirus update california today	False	United States	1
2020-07-01	東京 コロナウイルス	False	Japan	1
2020-07-01	coronavirus cases in michigan today	False	United States	1
2020-07-01	peter navarro	True	United States	1
2020-07-01	coronavirus worldometers	False	Canada	24
2020-07-01	georgia covid update	False	United States	1
2020-07-01	coronavirus weltkarte	False	Germany	1
2020-07-01	oesterreich coronavirus	False	Switzerland	1
2020-07-01	pfizer biontech vaccine	True	United States	1
2020-07-01	pfizer coronavirus	False	United States	1
2020-07-01	ryde hospital	True	Australia	1
2020-07-01	coronavirus update california	False	United States	1
2020-07-01	covid 19 antibody test uk	False	United Kingdom	1
2020-07-01	covid cases colorado	False	United States	1
2020-07-01	courbe coronavirus	False	France	1
2020-07-01	pfizer coronavirus vaccine	False	United States	1
2020-07-01	pfizer covid	False	United States	1
2020-07-01	pfizer covid 19 vaccine	False	United States	1
2020-07-01	札幌市　コロナ	True	Japan	1
2020-07-01	dhhs coronavirus	False	United States	1
2020-07-01	pfizer covid vaccine	False	United States	1
2020-07-01	havering covid 19 cases	False	United Kingdom	1
2020-07-01	coronavirus cases in minnesota	False	United States	1
2020-07-01	coronavirus usa aktuell	False	Germany	1
2020-07-01	covid	False	Canada	20
2020-07-01	russia coronavirus	False	Australia	1
2020-07-01	coronavirus update ca	False	United States	1
2020-07-01	georgia covid updates	False	United States	1
2020-07-01	pfizer stock	True	United States	3
2020-07-01	pfizer vaccine coronavirus	False	United States	1
2020-07-01	covid 19 antibody test	False	United Kingdom	1
2020-07-01	costa croisière	True	France	1
2020-07-01	pfizer vaccine trials	True	United States	1
2020-07-01	usa coronavirus cases	False	United Kingdom	1
2020-07-01	札幌　コロナ	True	Japan	2
2020-07-01	coronavirus update by state usa	False	United States	1
2020-07-01	pga tour coronavirus	False	United States	1
2020-07-01	phase 2 reopening	True	United States	1
2020-07-01	georgia department of health	True	United States	1
2020-07-01	covid cases california	False	United States	1
2020-07-01	coronavirus usa	False	Germany	2
2020-07-01	restrictions in victoria	True	Australia	1
2020-07-01	coronavirus cases in mississippi	False	United States	1
2020-07-01	phase 2 washington state	True	United States	1
2020-07-01	covid 19	False	Canada	29
2020-07-01	simon calder	True	United Kingdom	1
2020-07-01	corsica linea	True	France	2
2020-07-01	essex county ny coronavirus	False	United States	1
2020-07-01	coronavirus update by state	False	United States	1
2020-07-01	phase 3 michigan	True	United States	1
2020-07-01	phase 3 reopening	True	United States	1
2020-07-01	日本環境感染学会	True	Japan	1
2020-07-01	phase 3 virginia	True	United States	1
2020-07-01	arizona covid deaths	False	United States	1
2020-07-01	cdc coronavirus cases	False	United States	1
2020-07-01	coronavirus update live	False	Germany	1
2020-07-01	phase 4 illinois	True	United States	1
2020-07-01	coronavirus update brazil	False	United States	1
2020-07-01	remdesivir coronavirus	False	Australia	3
2020-07-01	covid 19 advice	False	United Kingdom	1
2020-07-01	phase 4 stimulus	True	United States	1
2020-07-01	georgia news	True	United States	1
2020-07-01	coronavirus cases in missouri	False	United States	1
2020-07-01	corsica ferries	True	France	5
2020-07-01	covid 19 alberta	False	Canada	16
2020-07-01	phase 4 stimulus bill	True	United States	1
2020-07-01	日本　コロナウイルス	False	Japan	1
2020-07-01	bell county coronavirus	False	United States	1
2020-07-01	philadelphia coronavirus	False	United States	1
2020-07-01	coronavirus update az	False	United States	1
2020-07-01	philadelphia coronavirus cases	False	United States	1
2020-07-01	covid spokane wa	False	United States	1
2020-07-01	coronavirus update	False	Germany	1
2020-07-01	covid cases by zip code nc	False	United States	1
2020-07-01	queensland health coronavirus	False	Australia	1
2020-07-01	philadelphia coronavirus update	False	United States	1
2020-07-01	philadelphia covid	False	United States	1
2020-07-01	coronavirus update australia	False	United States	1
2020-07-01	georgia public health coronavirus update	False	United States	1
2020-07-01	nzz	True	Switzerland	1
2020-07-01	coronavirus.gouv	False	France	1
2020-07-01	coronavirus cases in montana	False	United States	1
2020-07-01	philadelphia covid 19	False	United States	1
2020-07-01	covid 19 alberta update	False	Canada	1
2020-07-01	新型コロナウイルス茨城	False	Japan	1
2020-07-01	covid 19	False	United Kingdom	9
2020-07-01	philadelphia covid 19 update	False	United States	1
2020-07-01	philadelphia covid cases	False	United States	1
2020-07-01	philadelphia green phase	True	United States	1
2020-07-01	california covid newsome update	False	United States	1
2020-07-01	coronavirus türkei	False	Germany	1
2020-07-01	covid rash	False	United States	1
2020-07-01	queensland health	True	Australia	11
2020-07-01	coronavirus update arkansas	False	United States	1
2020-07-01	philippines coronavirus	False	United States	1
2020-07-01	phoebe putney memorial hospital	True	United States	1
2020-07-01	how to make face masks for coronavirus	False	United Kingdom	1
2020-07-01	covid testing in san antonio	False	United States	1
2020-07-01	coronavirus états-unis	False	France	1
2020-07-01	coronavirus cases in nc	False	United States	1
2020-07-01	phoenix coronavirus	False	United States	1
2020-07-01	covid 19 bc	False	Canada	6
2020-07-01	新型コロナウイルス禍	False	Japan	1
2020-07-01	covid cases by zip code	False	United States	1
2020-07-01	coronavirus update arizona	False	United States	1
2020-07-01	phoenix covid	False	United States	1
2020-07-01	phoenix covid cases	False	United States	1
2020-07-01	georgia state of emergency	True	United States	1
2020-07-01	coronavirus tagesschau	False	Germany	1
2020-07-01	covid	False	United Kingdom	3
2020-07-01	queensland covid 19 restrictions	False	Australia	1
2020-07-01	physicians immediate care	True	United States	1
2020-07-01	coronavirus update alaska	False	United States	1
2020-07-01	picture of coronavirus	False	United States	1
2020-07-01	az governor coronavirus update	False	United States	1
2020-07-01	georgia state of emergency covid 19	False	United States	1
2020-07-01	coronavirus états unis bilan	False	France	1
2020-07-01	coronavirus cases in new york	False	United States	1
2020-07-01	pictures of masks for coronavirus	False	United States	1
2020-07-01	covid 19 bc update	False	Canada	1
2020-07-01	新型コロナウイルス症状	False	Japan	1
2020-07-01	arizona covid dashboard	False	United States	1
2020-07-01	piedmont urgent care	True	United States	1
2020-07-01	coronavirus update alabama	False	United States	1
2020-07-01	piedmont urgent care covid testing	False	United States	1
2020-07-01	gloucestershire live	True	United Kingdom	3
2020-07-01	coronavirus symptoms	False	Germany	1
2020-07-01	covid cases by state	False	United States	1
2020-07-01	queensland coronavirus update	False	Australia	2
2020-07-01	pierce county coronavirus	False	United States	1
2020-07-01	pierce county coronavirus cases	False	United States	1
2020-07-01	coronavirus update	False	United States	37
2020-07-01	cdc coronavirus dashboard	False	United States	1
2020-07-01	coventry telegraph	True	United Kingdom	2
2020-07-01	coronavirus états unis	False	France	1
2020-07-01	coronavirus cases in new york state	False	United States	1
2020-07-01	pierce county covid	False	United States	1
2020-07-01	covid 19 bc update today	False	Canada	1
2020-07-01	新型コロナウイルス東京	False	Japan	1
2020-07-01	georgia tech covid 19 testing	False	United States	1
2020-07-01	pierce county covid 19 update	False	United States	1
2020-07-01	pierce county health department	True	United States	1
2020-07-01	coronavirus united states update	False	United States	1
2020-07-01	news coronavirus schweiz	False	Switzerland	1
2020-07-01	coronavirus symptome	False	Germany	1
2020-07-01	dhhr wv coronavirus	False	United States	1
2020-07-01	queensland border restrictions update	True	Australia	1
2020-07-01	pierce county health department coronavirus	False	United States	1
2020-07-01	pierce county wi	True	United States	1
2020-07-01	pigeon forge coronavirus	False	United States	1
2020-07-01	covid cases by county	False	United States	1
2020-07-01	georgia tech covid testing	False	United States	1
2020-07-01	coronavirus worldometer	False	France	1
2020-07-01	coronavirus cases in north carolina	False	United States	1
2020-07-01	pigeon forge tennessee coronavirus update	False	United States	1
2020-07-01	covid 19 bilan	False	Canada	4
2020-07-01	新型コロナウイルス成分	False	Japan	1
2020-07-01	coventry building society	True	United Kingdom	8
2020-07-01	coronavirus united states	False	United States	1
2020-07-01	pima county coronavirus	False	United States	1
2020-07-01	pima county health department	True	United States	1
2020-07-01	cloroquina	True	Brazil	3
2020-07-01	coronavirus statistiken usa	False	Germany	1
2020-07-01	dog face mask	True	United States	1
2020-07-01	queensland border restrictions	True	Australia	12
2020-07-01	pine bluff arkansas	True	United States	1
2020-07-01	coronavirus unemployment relief	False	United States	1
2020-07-01	pinellas county coronavirus	False	United States	1
2020-07-01	covid michigan update	False	United States	1
2020-07-01	covid cases by country	False	United States	1
2020-07-01	coronavirus wikipedia	False	France	1
2020-07-01	coronavirus cases in ny	False	United States	1
2020-07-01	pinellas county coronavirus updates	False	United States	1
2020-07-01	covid 19 by country	False	Canada	1
2020-07-01	新型コロナウイルス感染者	False	Japan	1
2020-07-01	georgia travel restrictions	True	United States	1
2020-07-01	pinellas county covid	False	United States	1
2020-07-01	coronavirus unemployment	False	United States	1
2020-07-01	pinellas county covid 19	False	United States	1
2020-07-01	countries with coronavirus	False	United Kingdom	1
2020-07-01	coronavirus statistiken	False	Germany	2
2020-07-01	expressen	True	Denmark	9
2020-07-01	queensland border pass	True	Australia	11
2020-07-01	pinellas county covid cases	False	United States	1
2020-07-01	pinellas county florida	True	United States	1
2020-07-01	pink eye and coronavirus	False	United States	1
2020-07-01	signs of coronavirus	False	United Kingdom	1
2020-07-01	arizona covid cases	False	United States	1
2020-07-01	coronavirus var	False	France	1
2020-07-01	coronavirus cases in ohio	False	United States	1
2020-07-01	coronavirus uk	False	United States	1
2020-07-01	covid 19 canada	False	Canada	18
2020-07-01	新型コロナウイルス感染症緊急包括支援交付金（介護分）	False	Japan	1
2020-07-01	georgia travel restrictions covid 19	False	United States	1
2020-07-01	pismo beach coronavirus	False	United States	1
2020-07-01	pitkin county coronavirus	False	United States	1
2020-07-01	pittsburgh coronavirus	False	United States	1
2020-07-01	covid cases by city	False	United States	1
2020-07-01	coronavirus statistics	False	Germany	1
2020-07-01	easyjet holidays	True	United Kingdom	3
2020-07-01	qld restrictions	True	Australia	1
2020-07-01	coronavirus tx	False	United States	1
2020-07-01	pittsburgh coronavirus update	False	United States	1
2020-07-01	pittsburgh covid 19 cases	False	United States	1
2020-07-01	mundschutzmasken schweiz	True	Switzerland	2
2020-07-01	cdc coronavirus data	False	United States	1
2020-07-01	coronavirus vaccin	False	France	1
2020-07-01	coronavirus cases in ohio by county	False	United States	1
2020-07-01	pixel covid tests	False	United States	1
2020-07-01	covid 19 canada by province	False	Canada	1
2020-07-01	新型コロナウイルス感染症緊急包括支援交付金	False	Japan	1
2020-07-01	cottages.com uk	True	United Kingdom	1
2020-07-01	coronavirus tulsa	False	United States	1
2020-07-01	pixel labcorp	True	United States	1
2020-07-01	pixel.labcorp.com/covid-19	False	United States	1
2020-07-01	georgia unemployment filing	True	United States	1
2020-07-01	coronavirus starnberg	False	Germany	1
2020-07-01	covid cases arizona	False	United States	1
2020-07-01	qld health coronavirus update	False	Australia	2
2020-07-01	placer county coronavirus	False	United States	1
2020-07-01	placer county coronavirus cases	False	United States	1
2020-07-01	coronavirus trump	False	United States	1
2020-07-01	usa coronavirus deaths	False	United Kingdom	1
2020-07-01	germany coronavirus	False	United States	1
2020-07-01	coronavirus usa bilan	False	France	1
2020-07-01	coronavirus cases in oklahoma	False	United States	1
2020-07-01	placer county coronavirus update	False	United States	1
2020-07-01	covid 19 canada update	False	Canada	1
2020-07-01	新型コロナウイルス感染症緊急包括支援事業（介護分）	False	Japan	1
2020-07-01	cottages.com	True	United Kingdom	3
2020-07-01	placer county covid	False	United States	1
2020-07-01	places to get tested for coronavirus near me	False	United States	1
2020-07-01	coronavirus trends usa	False	United States	1
2020-07-01	government travel advice coronavirus	False	United Kingdom	1
2020-07-01	coronavirus schweiz	False	Germany	1
2020-07-01	how to register a death	True	United Kingdom	1
2020-07-01	qld health coronavirus	False	Australia	3
2020-07-01	places to get tested for covid 19	False	United States	1
2020-07-01	places to go during coronavirus	False	United States	1
2020-07-01	places to travel during covid	False	United States	1
2020-07-01	germany coronavirus cases	False	United States	1
2020-07-01	covid testing in virginia	False	United States	1
2020-07-01	coronavirus usa	False	France	3
2020-07-01	coronavirus cases in oregon	False	United States	1
2020-07-01	coronavirus trends texas	False	United States	1
2020-07-01	covid 19 cases	False	Canada	3
2020-07-01	新型コロナウイルス感染症対策雇用環境整備促進奨励金	False	Japan	1
2020-07-01	covid cases and deaths	False	United States	1
2020-07-01	planet fitness coronavirus	False	United States	1
2020-07-01	planet fitness covid	False	United States	1
2020-07-01	plaquenil and covid 19	False	United States	1
2020-07-01	arizona covid 19 update	False	United States	1
2020-07-01	coronavirus schweden	False	Germany	1
2020-07-01	germany coronavirus update	False	United States	1
2020-07-01	qld health	True	Australia	11
2020-07-01	plastic face shield	True	United States	1
2020-07-01	coronavirus trends new york	False	United States	1
2020-07-01	plastic face shields for sale	True	United States	1
2020-07-01	costa coffee	True	United Kingdom	2
2020-07-01	covid cases	False	United States	1
2020-07-01	coronavirus update	False	France	1
2020-07-01	coronavirus cases in pa	False	United States	1
2020-07-01	playhouse square	True	United States	1
2020-07-01	covid 19 cases by country	False	Canada	1
2020-07-01	新型コロナウイルス感染症対策の基本的対処方針	False	Japan	1
2020-07-01	masque coronavirus	False	Switzerland	1
2020-07-01	plexiglass barriers	True	United States	1
2020-07-01	coronavirus trends in texas	False	United States	1
2020-07-01	plexiglass shield	True	United States	1
2020-07-01	germany covid	False	United States	1
2020-07-01	coronavirus schleswig holstein	False	Germany	1
2020-07-01	corporation tax	True	United Kingdom	1
2020-07-01	qld govt covid 19	False	Australia	1
2020-07-01	pm 2.5 filter	True	United States	1
2020-07-01	pm 2.5 filter coronavirus	False	United States	1
2020-07-01	coronavirus trends in florida	False	United States	1
2020-07-01	etruenorth covid testing	False	United States	1
2020-07-01	germany covid cases	False	United States	1
2020-07-01	coronavirus uk	False	France	1
2020-07-01	coronavirus cases in south carolina	False	United States	1
2020-07-01	pm2.5 vs n95	True	United States	1
2020-07-01	covid 19 cases in canada	False	Canada	1
2020-07-01	新型コロナウイルス感染症対応従事者慰労金交付事業	False	Japan	1
2020-07-01	cdc coronavirus death rate	False	United States	1
2020-07-01	pokemon go	True	United States	1
2020-07-01	poland coronavirus	False	United States	1
2020-07-01	polio vaccine	True	United States	1
2020-07-01	coronavirus live update	False	South Africa	1
2020-07-01	coronavirus sachsen anhalt	False	Germany	1
2020-07-01	bell county coronavirus update	False	United States	1
2020-07-01	qld government coronavirus	False	Australia	2
2020-07-01	coronavirus trends in arizona	False	United States	1
2020-07-01	polio vaccine coronavirus	False	United States	1
2020-07-01	polk county health department	True	United States	1
2020-07-01	dhhr coronavirus	False	United States	1
2020-07-01	tui holidays 2020	True	United Kingdom	5
2020-07-01	coronavirus turquie	False	France	1
2020-07-01	coronavirus cases in tennessee	False	United States	1
2020-07-01	polk county iowa covid cases	False	United States	1
2020-07-01	covid 19 cases in ontario	False	Canada	3
2020-07-01	新型コロナウイルス感染症対応地方創生臨時交付金	False	Japan	1
2020-07-01	covid case tracker	False	United States	1
2020-07-01	coronavirus trends georgia	False	United States	1
2020-07-01	pomona fairplex covid testing	False	United States	1
2020-07-01	pomona valley hospital	True	United States	1
2020-07-01	germany covid update	False	United States	1
2020-07-01	coronavirus sachsen	False	Germany	1
2020-07-01	corovirus	False	United Kingdom	1
2020-07-01	qld covid restrictions	False	Australia	3
2020-07-01	port everglades	True	United States	1
2020-07-01	coronavirus trends florida	False	United States	1
2020-07-01	portal.ct.gov/coronavirus	False	United States	1
2020-07-01	covid michigan	False	United States	1
2020-07-01	arizona covid 19 news	False	United States	1
2020-07-01	coronavirus toulouse	False	France	1
2020-07-01	coronavirus cases in texas	False	United States	1
2020-07-01	porter county coronavirus	False	United States	1
2020-07-01	covid 19 cases in ontario today	False	Canada	1
2020-07-01	新型コロナウイルス感染症	False	Japan	1
2020-07-01	california covid news	False	United States	1
2020-07-01	portland oregon coronavirus	False	United States	1
2020-07-01	portugal coronavirus	False	United States	1
2020-07-01	coronavirus trends deaths	False	United States	1
2020-07-01	masken kaufen schweiz	True	Switzerland	7
2020-07-01	coronavirus saarland	False	Germany	1
2020-07-01	get my payment	True	United States	3
2020-07-01	qld covid grants	False	Australia	1
2020-07-01	positivity rate	True	United States	1
2020-07-01	ppe for coronavirus	False	United States	1
2020-07-01	prayer for coronavirus	False	United States	1
2020-07-01	covid case counts	False	United States	1
2020-07-01	get my stimulus check	True	United States	1
2020-07-01	coronavirus tendances	False	France	1
2020-07-01	coronavirus cases in texas today	False	United States	1
2020-07-01	coronavirus trends by state	False	United States	1
2020-07-01	covid 19 cases in usa	False	Canada	1
2020-07-01	新型コロナウイルス対策	False	Japan	1
2020-07-01	coronavirus	False	Dominican Republic	100
2020-07-01	coronvirus	False	United Kingdom	1
2020-07-01	prayers for coronavirus	False	United States	1
2020-07-01	prednisone and coronavirus	False	United States	1
2020-07-01	pregnancy and covid	False	United States	1
2020-07-01	signage for coronavirus	False	United Kingdom	1
2020-07-01	coronavirus russland	False	Germany	1
2020-07-01	covid case	False	United States	1
2020-07-01	qld covid 19 update	False	Australia	1
2020-07-01	coronavirus trends arizona	False	United States	1
2020-07-01	pregnancy and covid 19	False	United States	1
2020-07-01	korona virus'	True	Serbia	1
2020-07-01	easyjet coronavirus	False	United Kingdom	1
2020-07-01	test-for-coronavirus.service.gov.uk/care-home	False	United Kingdom	1
2020-07-01	coronavirus sénégal	False	France	1
2020-07-01	coronavirus cases in the us	False	United States	1
2020-07-01	pregnant women coronavirus	False	United States	1
2020-07-01	covid 19 cases ontario	False	Canada	1
2020-07-01	新型コロナウイルス北海道	False	Japan	1
2020-07-01	covid-19	False	Dominican Republic	8
2020-07-01	get tested covid 19	False	United States	1
2020-07-01	preppers	True	United States	1
2020-07-01	coronavirus trends	False	United States	1
2020-07-01	president trump speech today	True	United States	1
2020-07-01	cdc coronavirus deaths	False	United States	1
2020-07-01	coronavirus robert koch institut fallzahlen	False	Germany	1
2020-07-01	dupage county health department	True	United States	1
2020-07-01	qld covid	False	Australia	2
2020-07-01	fond za razvoj	True	Serbia	67
2020-07-01	pretty face masks	True	United States	1
2020-07-01	price gouging	True	United States	1
2020-07-01	coronovirus update	False	United Kingdom	1
2020-07-01	arizona covid 19 cases	False	United States	1
2020-07-01	coronavirus sénat enquête	False	France	1
2020-07-01	coronavirus cases in us	False	United States	1
2020-07-01	coronavirus trend usa	False	United States	1
2020-07-01	covid 19 cases usa	False	Canada	1
2020-07-01	新型コロナウイルス予防	False	Japan	1
2020-07-01	ministerio de salud	True	Dominican Republic	1
