Date	Query	IsImplicitIntent	Country	PopularityScore
2021-02-01	idph covid 19	False	United States	1
2021-02-01	register covid test	False	United Kingdom	1
2021-02-01	idph covid	False	United States	1
2021-02-01	coronavirus monitor	False	Germany	1
2021-02-01	idph coronavirus	False	United States	1
2021-02-01	idph	True	United States	2
2021-02-01	ides login	True	United States	2
2021-02-01	ides illinois unemployment	True	United States	11
2021-02-01	idaho vaccine for covid	False	United States	1
2021-02-01	idaho vaccine	True	United States	1
2021-02-01	idaho unemployment claimant portal	True	United States	1
2021-02-01	contra costa covid vaccines	False	United States	1
2021-02-01	idaho governor	True	United States	1
2021-02-01	covid chiffre du jour	False	France	1
2021-02-01	idaho covid vaccine info	False	United States	1
2021-02-01	ascension covid vaccine sign up	False	United States	1
2021-02-01	idaho covid vaccine	False	United States	1
2021-02-01	idaho covid cases	False	United States	1
2021-02-01	idaho covid	False	United States	1
2021-02-01	idaho coronavirus update	False	United States	1
2021-02-01	idaho coronavirus	False	United States	1
2021-02-01	icd10 covid	False	United States	1
2021-02-01	icd 10 history of covid 19	False	United States	1
2021-02-01	contra costa health	True	United States	1
2021-02-01	icd 10 history of covid	False	United States	1
2021-02-01	vaccin covid	False	Canada	1
2021-02-01	icd 10 for covid	False	United States	1
2021-02-01	am i eligible for covid vacine new york	False	United States	1
2021-02-01	icd 10 covid pneumonia	False	United States	1
2021-02-01	icd 10 covid 19	False	United States	1
2021-02-01	icd 10 covid	False	United States	1
2021-02-01	icd 10 code for covid pneumonia	False	United States	1
2021-02-01	icd 10 code for covid 19	False	United States	1
2021-02-01	icd 10 code for covid	False	United States	1
2021-02-01	icd 10 code covid	False	United States	1
2021-02-01	contra costa health services	True	United States	1
2021-02-01	icd 10 cm code for pneumonia due to covid	False	United States	1
2021-02-01	register a covid test	False	United Kingdom	1
2021-02-01	ibermectim covid	False	United States	1
2021-02-01	reinfocovid	False	France	1
2021-02-01	hyvee vaccine covid	False	United States	1
2021-02-01	hyvee covid vacinations	False	United States	1
2021-02-01	hyvee covid vaccine sign up	False	United States	1
2021-02-01	hyvee covid vaccine registration	False	United States	1
2021-02-01	hyvee covid vaccine form	False	United States	1
2021-02-01	hyvee covid vaccine consent	False	United States	1
2021-02-01	hyvee covid vaccine	False	United States	1
2021-02-01	contracted covid	False	United States	1
2021-02-01	hyvee covid testing	False	United States	1
2021-02-01	コロナ ワクチン 種類	True	Japan	1
2021-02-01	hyvee covid shots	False	United States	1
2021-02-01	coronavirus liveticker ntv	False	Germany	1
2021-02-01	hyvee covid 19 shots	False	United States	1
2021-02-01	hyvee covid	False	United States	1
2021-02-01	hyvee com covid	False	United States	1
2021-02-01	hyvee antibody testing	True	United States	1
2021-02-01	hydroxychloroquine for covid	False	United States	1
2021-02-01	hydroxychloroquine covid	False	United States	1
2021-02-01	hydroxychloroquine coronavirus	False	United States	1
2021-02-01	contraindications for covid vaccines	False	United States	1
2021-02-01	hydrogen peroxide uses	True	United States	1
2021-02-01	reinfo covid	False	France	1
2021-02-01	hyde amendment	True	United States	1
2021-02-01	covid chiffre	False	France	1
2021-02-01	hy vee vaccination consent form	True	United States	1
2021-02-01	hy vee covid vaccines	False	United States	1
2021-02-01	hy vee covid vaccine appointment	False	United States	1
2021-02-01	hy vee covid vaccine	False	United States	1
2021-02-01	hy vee covid shots	False	United States	1
2021-02-01	hy vee covid 19	False	United States	1
2021-02-01	hy vee com my pharmacy covid vaccine consent	False	United States	1
2021-02-01	contraindications to covid vaccine	False	United States	1
2021-02-01	hy vee com covid vaccine	False	United States	1
2021-02-01	usa covid deaths	False	Canada	1
2021-02-01	hy vee com covid	False	United States	1
2021-02-01	redundancy	True	United Kingdom	1
2021-02-01	huntsville hospital covid vaccines	False	United States	1
2021-02-01	huntsville hospital covid sign up	False	United States	1
2021-02-01	hunterdon medical center flemington nj	True	United States	1
2021-02-01	hunterdon medical center	True	United States	1
2021-02-01	hunterdon healthcare	True	United States	1
2021-02-01	hunterdon county covid vaccine	False	United States	1
2021-02-01	hunter pharmacy	True	United States	1
2021-02-01	convalescent plasma	True	United States	1
2021-02-01	humboldt county covid vaccinations	False	United States	1
2021-02-01	adph	True	United States	1
2021-02-01	humboldt county	True	United States	1
2021-02-01	coronavirus landkreis görlitz	False	Germany	1
2021-02-01	hudson headwaters health network	True	United States	1
2021-02-01	hudson headwaters	True	United States	1
2021-02-01	https www walgreens com findcare vaccination covid 19	False	United States	1
2021-02-01	https www walgreens com covid19	False	United States	1
2021-02-01	https www publix com covid vaccine florida	False	United States	1
2021-02-01	https www publix com covid vaccine	False	United States	1
2021-02-01	https www hy vee com my pharmacy covid vaccine consent	False	United States	1
2021-02-01	convalescent plasma therapy	True	United States	1
2021-02-01	https walgreens com findcare vaccination covid 19	False	United States	1
2021-02-01	covid cas contact	False	France	1
2021-02-01	https vaccine coronavirus in gov	False	United States	1
2021-02-01	usa covid 19 update today	False	Canada	1
2021-02-01	https qsep cms gov welcome aspx	True	United States	1
2021-02-01	https covid19vaccine health ny gov	False	United States	1
2021-02-01	https bit ly 2xf64cp	True	United States	1
2021-02-01	https am i eligible covid19vaccine health ny	False	United States	1
2021-02-01	hrsa covid uninsured	False	United States	1
2021-02-01	hronestop att	True	United States	1
2021-02-01	hronestop	True	United States	1
2021-02-01	conway medical center	True	United States	1
2021-02-01	hr one stop	True	United States	1
2021-02-01	red whale	True	United Kingdom	1
2021-02-01	howard county health department	True	United States	1
2021-02-01	coronavirus kreis wesel aktuell	False	Germany	1
2021-02-01	howard county covid vaccine	False	United States	1
2021-02-01	how to treat covid at home	False	United States	1
2021-02-01	how to sign up for the covid vaccination	False	United States	1
2021-02-01	how to sign up for covid vaccine	False	United States	1
2021-02-01	how to sign up for covid shot	False	United States	1
2021-02-01	how to say coronavirus in chinese	False	United States	1
2021-02-01	how to register for covid vaccine in va	False	United States	1
2021-02-01	conway medical center conway sc	True	United States	1
2021-02-01	how to register for covid vaccine in indiana	False	United States	1
2021-02-01	covid bretagne	False	France	1
2021-02-01	how to register for covid vaccine	False	United States	1
2021-02-01	cgtn	True	China	3
2021-02-01	how to prepare for covid vaccine	False	United States	1
2021-02-01	how to make hand sanitizer	True	United States	1
2021-02-01	how to make an appointment for covid vacine	False	United States	1
2021-02-01	how to make an appointment covid vaccine	False	United States	1
2021-02-01	how to make a face mask	True	United States	1
2021-02-01	how to get the covid vaccine	False	United States	1
2021-02-01	how to get stimulus check	True	United States	1
2021-02-01	cook county covid	False	United States	1
2021-02-01	how to get on the list for a covid vaccine	False	United States	1
2021-02-01	usa covid 19 update	False	Canada	4
2021-02-01	how to get covid vaccine	False	United States	1
2021-02-01	red list countries uk	True	United Kingdom	1
2021-02-01	how to get covid 19 vaccine california	False	United States	1
2021-02-01	how to get a covid test	False	United States	1
2021-02-01	how to file for unemployment	True	United States	1
2021-02-01	how to cancel covid appointment	False	United States	1
2021-02-01	how to apply for unemployment	True	United States	1
2021-02-01	how to apply for stimulus check	True	United States	1
2021-02-01	how soon to get vaccine after having covid	False	United States	1
2021-02-01	cook county covid 19 vaccination registration	False	United States	1
2021-02-01	how soon after exposure do symptoms appear	True	United States	1
2021-02-01	coronavirus karte für mecklenburg vorpommern	False	Germany	1
2021-02-01	how safe is the moderna covid 19 vaccine	False	United States	1
2021-02-01	covid bresil	False	France	1
2021-02-01	how safe is the covidvaccine	False	United States	1
2021-02-01	how safe is the covid vacinne	False	United States	1
2021-02-01	how safe is the covid vaccine	False	United States	1
2021-02-01	how safe is the covid 19 vaccines	False	United States	1
2021-02-01	how old do you have to be to get the covid vaccine	False	United States	1
2021-02-01	how much zinc to take daily	True	United States	1
2021-02-01	how much was the first stimulus package	True	United States	1
2021-02-01	cook county covid 19 vaccine sign up	False	United States	1
2021-02-01	how much was the first stimulus check	True	United States	4
2021-02-01	ascension health covid vaccine schedule	False	United States	1
2021-02-01	how much is a covid test	False	United States	1
2021-02-01	usa covid	False	Canada	2
2021-02-01	how much does the covid vaccines cost	False	United States	1
2021-02-01	how much does a covid test cost	False	United States	1
2021-02-01	how many people in the us died of coronavirus	False	United States	1
2021-02-01	how many people have received covid19 vaccine	False	United States	1
2021-02-01	how many people have gotten the covid vaccine	False	United States	1
2021-02-01	how many people have gotten covid vaccines	False	United States	1
2021-02-01	how many people have died from the covid vaccine	False	United States	1
2021-02-01	cook county covid vaccine	False	United States	1
2021-02-01	how many people have died from the covid 19 vaccine	False	United States	1
2021-02-01	コロナ ワクチン	True	Japan	18
2021-02-01	how many people have died from covid vacinne	False	United States	1
2021-02-01	red list countries	True	United Kingdom	1
2021-02-01	how many people have died from covid vaccine	False	United States	1
2021-02-01	how many people have died from covid 19 vaccine	False	United States	1
2021-02-01	how many people have died from covid	False	United States	1
2021-02-01	how many people have died from coronavirus vaccine	False	United States	1
2021-02-01	how many people have died from coronavirus in the world	False	United States	1
2021-02-01	how many people have died from coronavirus in the us	False	United States	1
2021-02-01	how many people have died from coronavirus	False	United States	1
2021-02-01	cook county covid vaccine 1b	False	United States	1
2021-02-01	how many people have died after covid shot	False	United States	1
2021-02-01	worldometer coronavirus	False	Ghana	15
2021-02-01	how many people have been vaccinated	True	United States	1
2021-02-01	adl health	True	United States	1
2021-02-01	how many people died from covid	False	United States	1
2021-02-01	how many people die from the flu each year	True	United States	1
2021-02-01	how many have died from the covid shot	False	United States	1
2021-02-01	how many different vaccines for covid 19	False	United States	1
2021-02-01	how many deaths from covid vaccine so far	False	United States	1
2021-02-01	how many deaths from covid vaccine	False	United States	1
2021-02-01	how many deaths from coronavirus	False	United States	1
2021-02-01	cook county covid vaccine register	False	United States	1
2021-02-01	how many covid vacinations	False	United States	1
2021-02-01	coronavirus karte für deutschland	False	Germany	1
2021-02-01	how many covid deaths today	False	United States	1
2021-02-01	reconfinement france	True	France	1
2021-02-01	how many covid deaths in us	False	United States	1
2021-02-01	how many covid 19 vaccines administered	False	United States	1
2021-02-01	how many covid 19 cases in iowa	False	United States	1
2021-02-01	how many coronavirus cases in minnesota	False	United States	1
2021-02-01	how many coronavirus cases	False	United States	1
2021-02-01	how many cases of coronavirus in usa today	False	United States	1
2021-02-01	how many cases of coronavirus in florida	False	United States	1
2021-02-01	cook county covid vaccine sign up	False	United States	1
2021-02-01	how many cases of coronavirus	False	United States	1
2021-02-01	covid belgique	False	France	1
2021-02-01	how long will you test positive for covid	False	United States	1
2021-02-01	usa coronavirus cases	False	Canada	1
2021-02-01	how long will i test positive for covid	False	United States	1
2021-02-01	how long to quarantine after testing positive	True	United States	1
2021-02-01	how long to quarantine after contact	True	United States	1
2021-02-01	how long should you quarantine	True	United States	1
2021-02-01	how long is the covid vaccine work for	False	United States	1
2021-02-01	how long is the covid vaccine shot good for	False	United States	1
2021-02-01	how long is pfizer covid19 vaccine effective	False	United States	1
2021-02-01	cook county covid vaccine sites	False	United States	1
2021-02-01	how long is covid contagious	False	United States	1
2021-02-01	red funnel ferries	True	United Kingdom	1
2021-02-01	how long has civid 19 been around	False	United States	1
2021-02-01	symptoms of covid 19	False	Ghana	1
2021-02-01	how long does the covid vaccine lasts	False	United States	1
2021-02-01	how long does the covid vaccine last	False	United States	1
2021-02-01	how long does the covid vaccine imunity last	False	United States	1
2021-02-01	how long does it take for covid vaccine to work	False	United States	1
2021-02-01	how long does immunity for covid vaccine last	False	United States	1
2021-02-01	how long does fatigue last after coronavirus	False	United States	1
2021-02-01	how long does covid vacvine last	False	United States	1
2021-02-01	cook county department of public health	True	United States	1
2021-02-01	how long does covid vaccine last	False	United States	1
2021-02-01	coronavirus karte	False	Germany	1
2021-02-01	how long does covid symptoms last	False	United States	1
2021-02-01	covid australie	False	France	1
2021-02-01	how long does covid natural immunity last	False	United States	1
2021-02-01	how long does covid live on surfacea	False	United States	1
2021-02-01	how long does covid last on surfaces	False	United States	1
2021-02-01	how long does covid last	False	United States	1
2021-02-01	how long does covid antibodies last in system	False	United States	1
2021-02-01	how long does coronavirus live on surfaces	False	United States	1
2021-02-01	how long does coronavirus last on surfaces	False	United States	1
2021-02-01	cook county dept of health covid vaccine	False	United States	1
2021-02-01	how long does coronavirus last	False	United States	1
2021-02-01	usa coronavirus	False	Canada	1
2021-02-01	how long does caronavirus vaccine last	False	United States	1
2021-02-01	red funnel	True	United Kingdom	1
2021-02-01	how long do covid vaccine side effects last	False	United States	1
2021-02-01	how long do covid symptoms last	False	United States	1
2021-02-01	how long do covid antibody stay in system	False	United States	1
2021-02-01	how long do covid antibodies stay with you	False	United States	1
2021-02-01	how long do covid antibodies last	False	United States	1
2021-02-01	how long can you test positive for covid	False	United States	1
2021-02-01	how long can you go between covid shots	False	United States	1
2021-02-01	cook county health website	True	United States	1
2021-02-01	how long between covid vacinations	False	United States	1
2021-02-01	coronavirus italien aktuell	False	Germany	1
2021-02-01	how long between covid shots	False	United States	1
2021-02-01	covid aujourd hui en france	False	France	1
2021-02-01	how long are you contagious with covid	False	United States	1
2021-02-01	how long after second dose are you immune	True	United States	1
2021-02-01	how long after having covid to take vaccine	False	United States	1
2021-02-01	how long after exposure to covid do symptoms appear	False	United States	1
2021-02-01	how long after exposure should you be tested	True	United States	1
2021-02-01	how long after exposure do symptoms appear	True	United States	1
2021-02-01	how long after covid vaccine before effective	False	United States	1
2021-02-01	cook county il covid vaccine sign up	False	United States	1
2021-02-01	how long after 2nd covid vaccine for immunity	False	United States	1
2021-02-01	china vaccine	True	China	1
2021-02-01	how is the covid vaccine made	False	United States	1
2021-02-01	us covid deaths	False	Canada	2
2021-02-01	how is germany dealing with coronavirus	False	United States	1
2021-02-01	how is covid spread	False	United States	1
2021-02-01	how effective is the covid vaccine	False	United States	1
2021-02-01	how effective is pfizer covid19 vaccine	False	United States	1
2021-02-01	how effective is one dose of pfizer	True	United States	1
2021-02-01	how effective is one dose of moderna	True	United States	1
2021-02-01	how does the pfizer covid vaccine works	False	United States	1
2021-02-01	cook county vaccine	True	United States	1
2021-02-01	how does the moderna vaccine work	True	United States	1
2021-02-01	recovery trial	True	United Kingdom	2
2021-02-01	how does the johnson and johnson vaccine work	True	United States	1
2021-02-01	coronavirus italien	False	Germany	1
2021-02-01	how does the covid vaccine work	False	United States	1
2021-02-01	how does mrna vaccine work	True	United States	1
2021-02-01	how does covid vaccine work	False	United States	1
2021-02-01	how does covid spread	False	United States	1
2021-02-01	how do you say coronavirus in chinese	False	United States	1
2021-02-01	how do i sign up for covid vaccination ct	False	United States	1
2021-02-01	how do i schedule my second covid shot	False	United States	1
2021-02-01	cool face masks	True	United States	1
2021-02-01	how do i register for the covid 19 vacine	False	United States	1
2021-02-01	covid aube	False	France	1
2021-02-01	how do i register for my covid shot	False	United States	1
2021-02-01	ascension sacred heart	True	United States	1
2021-02-01	how do i register for covid vacinne	False	United States	1
2021-02-01	how do i register for covid 19 shot	False	United States	1
2021-02-01	how do i register for a covid 19 vaccination	False	United States	1
2021-02-01	how do i make an appointment for a covid shot	False	United States	1
2021-02-01	how do i get my stimulus check	True	United States	1
2021-02-01	how do i get a covid vaccine appointment	False	United States	1
2021-02-01	how did hank aaron die	True	United States	1
2021-02-01	copper mask	True	United States	1
2021-02-01	how did covid start	False	United States	1
2021-02-01	us covid cases	False	Canada	2
2021-02-01	how did coronavirus start	False	United States	1
2021-02-01	reconfinement	True	France	4
2021-02-01	how did coronavirus begin	False	United States	1
2021-02-01	houstonemergency org	True	United States	1
2021-02-01	houston methodist vaccine	True	United States	1
2021-02-01	houston methodist covid vacine scheduling	False	United States	1
2021-02-01	houston methodist covid vaccine hub	False	United States	1
2021-02-01	houston methodist covid vaccine	False	United States	1
2021-02-01	houston methodist covid 19 vaccinations	False	United States	1
2021-02-01	copperfit face mask	True	United States	1
2021-02-01	houston methodist	True	United States	1
2021-02-01	reactions to vaccine covid	False	United Kingdom	1
2021-02-01	houston health department	True	United States	1
2021-02-01	allegheny county covid vacine	False	United States	1
2021-02-01	houston covid vaccines	False	United States	1
2021-02-01	houston covid vaccine update	False	United States	1
2021-02-01	houston covid vaccine scheduling	False	United States	1
2021-02-01	houston covid vaccine map	False	United States	1
2021-02-01	houston covid vaccination appointments	False	United States	1
2021-02-01	houston covid testing	False	United States	1
2021-02-01	houston covid	False	United States	1
2021-02-01	cornavirus	False	United States	1
2021-02-01	housing market	True	United States	1
2021-02-01	covid19	False	Ghana	26
2021-02-01	hospitals paid more for coronavirus deaths	False	United States	1
2021-02-01	coronavirus inzidenzwert	False	Germany	1
2021-02-01	horry county	True	United States	1
2021-02-01	hopkins coronavirus map	False	United States	1
2021-02-01	hopkins coronavirus	False	United States	1
2021-02-01	hope hicks	True	United States	1
2021-02-01	honor health covid vaccines	False	United States	1
2021-02-01	honor health covid vaccine appointment	False	United States	1
2021-02-01	hong kong coronavirus	False	United States	1
2021-02-01	cornovirus	False	United States	1
2021-02-01	hometown pharmacy	True	United States	1
2021-02-01	rdv vaccination covid doctolib	False	France	1
2021-02-01	homeless covid	False	United States	1
2021-02-01	covid au portugal actuellement	False	France	1
2021-02-01	home test for covid	False	United States	1
2021-02-01	home depot return policy	True	United States	1
2021-02-01	home covid tests	False	United States	1
2021-02-01	home covid test kit	False	United States	1
2021-02-01	home covid test	False	United States	1
2021-02-01	holy redeemer hospital	True	United States	1
2021-02-01	holy name hospital teaneck nj	True	United States	1
2021-02-01	corona virus	False	United States	1
2021-02-01	holy cross hospital fort lauderdale	True	United States	1
2021-02-01	us covid 19 update	False	Canada	2
2021-02-01	holy cross hospital covid19 vaccine	False	United States	1
2021-02-01	reactions to covid vaccine so far	False	United Kingdom	1
2021-02-01	holy cross hospital covid vaccine	False	United States	1
2021-02-01	holy cross hospital covid	False	United States	1
2021-02-01	holy cross covid vaccine sign up	False	United States	1
2021-02-01	holx	True	United States	1
2021-02-01	hologic	True	United States	1
2021-02-01	holiday park fort lauderdale	True	United States	1
2021-02-01	hoboken	True	United States	1
2021-02-01	corona virus by country	False	United States	1
2021-02-01	hoag hospital covid vaccinations	False	United States	1
2021-02-01	covid 19 update	False	Ghana	26
2021-02-01	history of covid icd 10	False	United States	1
2021-02-01	coronavirus interaktive karte	False	Germany	1
2021-02-01	history of covid 19 icd 10	False	United States	1
2021-02-01	hippa laws 2020	True	United States	1
2021-02-01	hilton head regional healthcare	True	United States	1
2021-02-01	hilltop pharmacy pittsburgh	True	United States	1
2021-02-01	hilltop pharmacy	True	United States	1
2021-02-01	hillsborough county vaccine	True	United States	1
2021-02-01	hillsborough county covid vaccinne	False	United States	1
2021-02-01	corona virus by state	False	United States	1
2021-02-01	hillsborough county covid vaccine	False	United States	1
2021-02-01	covid au portugal	False	France	1
2021-02-01	hillcountrycovid care	False	United States	1
2021-02-01	us covid	False	Canada	1
2021-02-01	hill country memorial hospital fredericksburg	True	United States	1
2021-02-01	highmark health	True	United States	1
2021-02-01	hidalgo county covid vaccine clinic	False	United States	1
2021-02-01	hidalgo county covid vaccine	False	United States	1
2021-02-01	hidalgo county	True	United States	1
2021-02-01	hhhn org	True	United States	1
2021-02-01	hf org staywell	True	United States	1
2021-02-01	corona virus cases	False	United States	1
2021-02-01	hershey pharmacy pa	True	United States	1
2021-02-01	rcog covid	False	United Kingdom	1
2021-02-01	hershey pharmacy	True	United States	1
2021-02-01	coronavirus in russland	False	Germany	1
2021-02-01	heroes act 2020 senate vote	True	United States	1
2021-02-01	heroes act 2020	True	United States	1
2021-02-01	hero pay	True	United States	1
2021-02-01	herny county covid cases	False	United States	1
2021-02-01	hernando county health department spring hill	True	United States	1
2021-02-01	hernando county health department	True	United States	1
2021-02-01	herman memorial covid shots	False	United States	1
2021-02-01	corona virus cases by state in usa	False	United States	1
2021-02-01	heritage valley health system	True	United States	1
2021-02-01	covid attestation couvre feu	False	France	1
2021-02-01	heritage valley covid vaccine	False	United States	1
2021-02-01	corona virus	False	China	1
2021-02-01	herd immunity	True	United States	1
2021-02-01	hepa filters	True	United States	1
2021-02-01	henry stark county health dept	True	United States	1
2021-02-01	henry ford health system	True	United States	1
2021-02-01	henry ford covid vaccination schedule	False	United States	1
2021-02-01	henry ford covid shots	False	United States	1
2021-02-01	henry ford covid appointments	False	United States	1
2021-02-01	corona virus deaths	False	United States	1
2021-02-01	henry county health department ga	True	United States	1
2021-02-01	us coronavirus update	False	Canada	1
2021-02-01	henrico county health department	True	United States	1
2021-02-01	rapid testing	True	United Kingdom	1
2021-02-01	heb vaccine registration	True	United States	1
2021-02-01	heb vaccine covid portal	False	United States	1
2021-02-01	heb vaccine	True	United States	1
2021-02-01	heb pharmacy covid vaccine portal	False	United States	1
2021-02-01	heb pharmacy covid vaccine	False	United States	1
2021-02-01	heb pharmacy covid 19 vaccine portal	False	United States	1
2021-02-01	heb pharmacy	True	United States	1
2021-02-01	corona virus florida	False	United States	1
2021-02-01	heb covid waiting list	False	United States	1
2021-02-01	coronavirus in deutschland	False	Germany	1
2021-02-01	heb covid vaccines	False	United States	1
2021-02-01	ascension sacred heart pensacola fl	True	United States	1
2021-02-01	heb covid vaccine waitlist	False	United States	1
2021-02-01	heb covid vaccine sign up	False	United States	1
2021-02-01	heb covid vaccine	False	United States	1
2021-02-01	heb covid schedule	False	United States	1
2021-02-01	heb covid portal	False	United States	1
2021-02-01	heb covid 19 vaccine signup	False	United States	1
2021-02-01	heb covid 19 vaccine	False	United States	1
2021-02-01	corona virus in gov	False	United States	1
2021-02-01	heb covid	False	United States	1
2021-02-01	covid attestation	False	France	1
2021-02-01	heartburn medication covid	False	United States	1
2021-02-01	rdv vaccination covid	False	France	1
2021-02-01	heart of florida ocala fl	True	United States	1
2021-02-01	heart of florida health center	True	United States	1
2021-02-01	heart of florida	True	United States	1
2021-02-01	healthymke com	True	United States	1
2021-02-01	healthymke	True	United States	1
2021-02-01	healthyguilford com	True	United States	1
2021-02-01	healthy together app	True	United States	1
2021-02-01	corona virus map	False	United States	1
2021-02-01	healthy together	True	United States	1
2021-02-01	update on coronavirus	False	Canada	1
2021-02-01	healthvana covid testing	False	United States	1
2021-02-01	covid 19	False	Ghana	100
2021-02-01	healthvana covid 19 results	False	United States	1
2021-02-01	healthvana	True	United States	1
2021-02-01	healthone covid vaccinations	False	United States	1
2021-02-01	healthfirst covid vacinations	False	United States	1
2021-02-01	health partners vaccine	True	United States	1
2021-02-01	health partners covid vaccinations	False	United States	1
2021-02-01	health pa gov covid vaccine	False	United States	1
2021-02-01	corona virus news	False	United States	1
2021-02-01	health pa gov covid	False	United States	1
2021-02-01	pcr testy	True	Czech Republic	5
2021-02-01	health pa gov coronavirus	False	United States	1
2021-02-01	rapid covid testing	False	United Kingdom	1
2021-02-01	health one covid	False	United States	1
2021-02-01	health mesquitenv gov	True	United States	1
2021-02-01	health hamiltontn org	True	United States	1
2021-02-01	health co st clair il us	True	United States	1
2021-02-01	headaches after covid	False	United States	1
2021-02-01	hcmcovid19 org	False	United States	1
2021-02-01	hcflgov net vaccine	True	United States	1
2021-02-01	corona virus numbers	False	United States	1
2021-02-01	hazen high school	True	United States	1
2021-02-01	österreich einreise	True	Germany	1
2021-02-01	hazard pay for essential workers	True	United States	1
2021-02-01	coronavirus in bayern aktuell	False	Germany	1
2021-02-01	hazard pay	True	United States	1
2021-02-01	hays county vaccine	True	United States	1
2021-02-01	hays county texas	True	United States	1
2021-02-01	hays county health department	True	United States	1
2021-02-01	hays county covid vaccine locations	False	United States	1
2021-02-01	hays county covid	False	United States	1
2021-02-01	hays county	True	United States	1
2021-02-01	corona virus ohio	False	United States	1
2021-02-01	haydens pharmacy	True	United States	1
2021-02-01	covid angleterre	False	France	1
2021-02-01	hayden s pharmacy youngwood	True	United States	1
2021-02-01	uk variant canada	True	Canada	1
2021-02-01	hayden s pharmacy	True	United States	1
2021-02-01	hayden pharmacy youngwood pa	True	United States	1
2021-02-01	haworth apothecary	True	United States	1
2021-02-01	hawaiian airlines covid testing	False	United States	1
2021-02-01	hawaii trusted testing partners	True	United States	1
2021-02-01	hawaii travel restrictions updates	True	United States	1
2021-02-01	hawaii travel restrictions update today	True	United States	1
2021-02-01	corona virus statistics	False	United States	1
2021-02-01	hawaii travel restrictions	True	United States	2
2021-02-01	rdv vaccin covid doctolib	False	France	1
2021-02-01	hawaii tourism coronavirus	False	United States	1
2021-02-01	rangers news	True	United Kingdom	2
2021-02-01	hawaii safe travels website	True	United States	1
2021-02-01	hawaii quarantine	True	United States	1
2021-02-01	hawaii pacific health	True	United States	1
2021-02-01	hawaii news now covid	False	United States	1
2021-02-01	hawaii covid vaccine	False	United States	1
2021-02-01	hawaii covid travel requirments	False	United States	1
2021-02-01	hawaii covid travel	False	United States	1
2021-02-01	corona virus stats	False	United States	1
2021-02-01	hawaii covid testing	False	United States	1
2021-02-01	coronavirus impfverordnung	False	Germany	1
2021-02-01	hawaii covid test	False	United States	1
2021-02-01	covid alpes maritimes	False	France	1
2021-02-01	hawaii covid restrictions	False	United States	1
2021-02-01	hawaii covid cases	False	United States	1
2021-02-01	hawaii covid 19 vaccine registration	False	United States	1
2021-02-01	hawaii covid 19	False	United States	1
2021-02-01	hawaii covid	False	United States	1
2021-02-01	hawaii coronavirus update	False	United States	1
2021-02-01	hawaii coronavirus	False	United States	1
2021-02-01	corona virus symptoms	False	United States	1
2021-02-01	have people died from the covid19 vaccine	False	United States	1
2021-02-01	uk covid	False	Canada	1
2021-02-01	have people died from covid vacine	False	United States	1
2021-02-01	randox health	True	United Kingdom	1
2021-02-01	has anyone died from the vaccine for covid 19	False	United States	1
2021-02-01	has anyone died from the covid vacinne	False	United States	1
2021-02-01	has anyone died from the covid vaccine	False	United States	1
2021-02-01	has anyone died from covid 19 vacine	False	United States	1
2021-02-01	harvey weinstein	True	United States	1
2021-02-01	harvard professor arrested	True	United States	1
2021-02-01	harvard covid map	False	United States	1
2021-02-01	corona virus symptoms 2020	False	United States	1
2021-02-01	hartford healthcare	True	United States	1
2021-02-01	coronavirus impfung aktuell	False	Germany	1
2021-02-01	harris teeter pharmacy	True	United States	1
2021-02-01	coronavirus	False	China	8
2021-02-01	harris teeter covid vacine	False	United States	1
2021-02-01	harris teeter covid vaccines	False	United States	1
2021-02-01	harris teeter covid vaccine	False	United States	1
2021-02-01	harris teeter covid vaccination	False	United States	1
2021-02-01	harris county vaccine list	True	United States	1
2021-02-01	harris county vaccine covid	False	United States	1
2021-02-01	harris county vaccine	True	United States	1
2021-02-01	corona virus texas	False	United States	1
2021-02-01	harris county tx covid vaccine registration	False	United States	1
2021-02-01	covid allier	False	France	1
2021-02-01	harris county texas free covid testing sites	False	United States	1
2021-02-01	uk coronavirus	False	Canada	1
2021-02-01	harris county rental assistance programs	True	United States	1
2021-02-01	harris county public health	True	United States	1
2021-02-01	harris county health department	True	United States	1
2021-02-01	harris county covid vaccine website	False	United States	1
2021-02-01	harris county covid vaccine signup	False	United States	1
2021-02-01	harris county covid vaccine registration	False	United States	1
2021-02-01	harris county covid vaccine	False	United States	1
2021-02-01	corona virus tracker	False	United States	1
2021-02-01	harris county covid vaccination sign up	False	United States	1
2021-02-01	randox	True	United Kingdom	1
2021-02-01	harris county covid testing	False	United States	1
2021-02-01	aspirin and covid vaccination	False	United States	1
2021-02-01	harris county covid 19 vaccination sites	False	United States	1
2021-02-01	harris county covid	False	United States	1
2021-02-01	harps pharmacy	True	United States	1
2021-02-01	harford county health department	True	United States	1
2021-02-01	hardee county health department	True	United States	1
2021-02-01	hard rock stadium vaccines appointments	True	United States	1
2021-02-01	hard rock stadium miami	True	United States	1
2021-02-01	corona virus upadte bay area	False	United States	1
2021-02-01	hard rock stadium covid testing appts	False	United States	1
2021-02-01	coronavirus impfung	False	Germany	1
2021-02-01	hard rock stadium	True	United States	1
2021-02-01	coronavirus update	False	Ghana	19
2021-02-01	hanoi covid	False	United States	1
2021-02-01	hannibal regional hospital	True	United States	1
2021-02-01	hannaford pharmacy	True	United States	1
2021-02-01	hannaford covid vaccine	False	United States	1
2021-02-01	hannaford covid vaccination	False	United States	1
2021-02-01	hank aaron vaccine	True	United States	1
2021-02-01	hank aaron death	True	United States	1
2021-02-01	corona virus update	False	United States	1
2021-02-01	hank aaron covid vaccine	False	United States	1
2021-02-01	covid allemagne chiffre	False	France	1
2021-02-01	hank aaron covid	False	United States	1
2021-02-01	am i eligible for covid19 vacine	False	United States	1
2021-02-01	hank aaron cause of death	True	United States	1
2021-02-01	hand sanitizer recipe	True	United States	1
2021-02-01	hand sanitizer	True	United States	1
2021-02-01	hampton beach nh	True	United States	1
2021-02-01	hamiltoncountyhealth org covid19	False	United States	1
2021-02-01	hamilton county health department tn	True	United States	1
2021-02-01	hamilton county health department ohio	True	United States	1
2021-02-01	corona virus update virginia	False	United States	1
2021-02-01	hamilton county health department indiana	True	United States	1
2021-02-01	zypern coronavirus	False	Germany	1
2021-02-01	hamilton county health department chattanooga	True	United States	1
2021-02-01	trudeau announcement today	True	Canada	1
2021-02-01	hamilton county health department	True	United States	1
2021-02-01	hamilton county covid vaccine signup	False	United States	1
2021-02-01	hamilton county covid vaccine	False	United States	1
2021-02-01	hamilton county covid registry	False	United States	1
2021-02-01	hamilton county covid	False	United States	1
2021-02-01	hall county health department ga	True	United States	1
2021-02-01	hall county health department	True	United States	1
2021-02-01	corona virus updates	False	United States	1
2021-02-01	halifax county health department nc	True	United States	1
2021-02-01	コロナ データ	True	Japan	1
2021-02-01	hackensackmeridianhealth org covid19	False	United States	1
2021-02-01	rainbow pictures	True	United Kingdom	1
2021-02-01	hackensackmeridiancovid19vaccineschedule	False	United States	1
2021-02-01	hackensackmeridanhealth org covid19	False	United States	1
2021-02-01	hackensack meridian health org covid19	False	United States	1
2021-02-01	hackensack meridian health covid vaccine	False	United States	1
2021-02-01	hackensack meridian health	True	United States	2
2021-02-01	hackensack meridian covid vaccine appointment	False	United States	1
2021-02-01	hackensack meridian covid vaccine	False	United States	1
2021-02-01	corona virus us	False	United States	1
2021-02-01	h1n1 pandemic	True	United States	1
2021-02-01	coronavirus impfstoff	False	Germany	1
2021-02-01	h1n1 deaths	True	United States	1
2021-02-01	covid allemagne	False	France	1
2021-02-01	h1n1	True	United States	1
2021-02-01	gwinnett place mall	True	United States	1
2021-02-01	gwinnett county health department	True	United States	1
2021-02-01	gwinnett county covid vaccine scheduling	False	United States	1
2021-02-01	gwinnett county covid 19 vacines	False	United States	1
2021-02-01	guthrie clinic covid vaccines	False	United States	1
2021-02-01	gun sales	True	United States	1
2021-02-01	corona virus usa	False	United States	1
2021-02-01	guillain barre syndrome and covid vaccine cdc	False	United States	1
2021-02-01	rdv vaccin covid	False	France	1
2021-02-01	guillain barre	True	United States	1
2021-02-01	trudeau	True	Canada	7
2021-02-01	guilford county health department nc	True	United States	1
2021-02-01	guilford county health department	True	United States	1
2021-02-01	guilford county health covid vaccine	False	United States	1
2021-02-01	guadalupe county covid vaccines	False	United States	1
2021-02-01	guadalupe county	True	United States	1
2021-02-01	gs labs testing	True	United States	1
2021-02-01	grundy county health department morris il	True	United States	1
2021-02-01	corona virus vaccination places	False	United States	1
2021-02-01	grundy county health department	True	United States	1
2021-02-01	railcard	True	United Kingdom	1
2021-02-01	grocery delivery	True	United States	1
2021-02-01	coronavirus hessen	False	Germany	1
2021-02-01	griffin hospital derby ct	True	United States	1
2021-02-01	griffin hospital	True	United States	1
2021-02-01	gretchen whitmer	True	United States	1
2021-02-01	gregg county texas	True	United States	1
2021-02-01	gregg county	True	United States	1
2021-02-01	greene county public health	True	United States	1
2021-02-01	greene county ohio covid vaccine sign up	False	United States	1
2021-02-01	corona virus vaccine	False	United States	1
2021-02-01	grayson county health department	True	United States	1
2021-02-01	covid actualité	False	France	1
2021-02-01	grays harbor public health	True	United States	1
2021-02-01	travel restrictions	True	Canada	4
2021-02-01	grays harbor health department	True	United States	1
2021-02-01	grassy sprain pharmacy	True	United States	1
2021-02-01	grant county health department	True	United States	1
2021-02-01	grandview hospital pa	True	United States	1
2021-02-01	grandview hospital covid vaccine	False	United States	1
2021-02-01	grand view hospital	True	United States	1
2021-02-01	grand traverse county health department	True	United States	1
2021-02-01	corona virus vaccine at cvs	False	United States	1
2021-02-01	grand strand medical center myrtle beach sc	True	United States	1
2021-02-01	rail discoveries	True	United Kingdom	1
2021-02-01	grand strand medical center	True	United States	1
2021-02-01	coronavirus statistics	False	China	2
2021-02-01	grand strand hospital	True	United States	1
2021-02-01	grand old opry nashville	True	United States	1
2021-02-01	governor wolf announcement today	True	United States	1
2021-02-01	governor wolf	True	United States	1
2021-02-01	governor whitmer update	True	United States	1
2021-02-01	governor whitmer	True	United States	1
2021-02-01	governor walz press conference today	True	United States	1
2021-02-01	corona virus vaccine registration indiana	False	United States	1
2021-02-01	governor walz	True	United States	1
2021-02-01	coronavirus hamburg	False	Germany	1
2021-02-01	governor ricketts	True	United States	1
2021-02-01	covid actu	False	France	1
2021-02-01	governor pritzker	True	United States	1
2021-02-01	governor polis	True	United States	1
2021-02-01	governor of virginia	True	United States	1
2021-02-01	governor of new mexico	True	United States	1
2021-02-01	governor northam	True	United States	1
2021-02-01	governor newsom announcement today	True	United States	1
2021-02-01	governor newsom	True	United States	1
2021-02-01	corona virus vaccine reserve	False	United States	1
2021-02-01	governor murphy live today	True	United States	1
2021-02-01	toronto public health	True	Canada	5
2021-02-01	governor murphy	True	United States	1
2021-02-01	aspirus	True	United States	1
2021-02-01	governor lamont	True	United States	1
2021-02-01	governor kemp executive order	True	United States	1
2021-02-01	governor kemp	True	United States	1
2021-02-01	governor kate brown	True	United States	1
2021-02-01	governor inslee announcement	True	United States	1
2021-02-01	governor inslee	True	United States	1
2021-02-01	governor holcomb	True	United States	1
2021-02-01	corona virus vaccine trials	False	United States	1
2021-02-01	governor hogan	True	United States	1
2021-02-01	r rate uk	True	United Kingdom	1
2021-02-01	governor evers	True	United States	1
2021-02-01	alberta covid	False	United States	1
2021-02-01	governor ducey	True	United States	1
2021-02-01	governor dewine	True	United States	1
2021-02-01	governor desantis announcement today	True	United States	1
2021-02-01	governor desantis	True	United States	1
2021-02-01	governor cuomo twitter	True	United States	1
2021-02-01	governor cuomo announcement today	True	United States	1
2021-02-01	governor cuomo	True	United States	1
2021-02-01	corona virus vaccine walgreens	False	United States	1
2021-02-01	governor beshear update today	True	United States	1
2021-02-01	coronavirus germany	False	Germany	1
2021-02-01	governor beshear kentucky	True	United States	1
2021-02-01	adhs data dashboard	True	United States	1
2021-02-01	governor beshear coronavirus update today	False	United States	1
2021-02-01	governor baker	True	United States	1
2021-02-01	governor abbott press conference today	True	United States	1
2021-02-01	governor abbott	True	United States	1
2021-02-01	government stimulus	True	United States	1
2021-02-01	gov wolf	True	United States	1
2021-02-01	gov cuomo twitter	True	United States	1
2021-02-01	coronav	False	United States	1
2021-02-01	gov cuomo press conference today	True	United States	1
2021-02-01	coronavirus	False	Ghana	15
2021-02-01	gov abbott	True	United States	1
2021-02-01	covid 23	False	France	1
2021-02-01	goodwill locations	True	United States	1
2021-02-01	good samaritan hospital west islip	True	United States	1
2021-02-01	gnrhealth com	True	United States	1
2021-02-01	gnb coronavirus guidelines	False	United States	1
2021-02-01	glynn county health department brunswick ga	True	United States	1
2021-02-01	gloucester county mega site	True	United States	1
2021-02-01	gloucester county health mega site	True	United States	1
2021-02-01	coronaviris iowa gov	False	United States	1
2021-02-01	gloucester county	True	United States	1
2021-02-01	coronavirus worldometers	False	Isle Of Man	1
2021-02-01	global covid 19 update	False	United States	1
2021-02-01	toronto news	True	Canada	9
2021-02-01	global coronavirus cases	False	United States	1
2021-02-01	global coronavirus	False	United States	1
2021-02-01	giuseppe conte	True	United States	1
2021-02-01	giuliani	True	United States	1
2021-02-01	gisaid	True	United States	1
2021-02-01	gina raimondo	True	United States	1
2021-02-01	gillette stadium vaccine	True	United States	1
2021-02-01	coronavirius iowa gov	False	United States	1
2021-02-01	gillette stadium covid vaccine	False	United States	1
2021-02-01	r rate	True	United Kingdom	1
2021-02-01	gillette stadium covid vaccinations	False	United States	1
2021-02-01	coronavirus frankreich aktuell	False	Germany	1
2021-02-01	gillette stadium covid 19	False	United States	1
2021-02-01	gila county health department	True	United States	1
2021-02-01	gibraltar covid vaccine	False	United States	1
2021-02-01	giantfood covid vaccine	False	United States	1
2021-02-01	giantfood com covid info	False	United States	1
2021-02-01	gianteaglecovidvaccines	False	United States	1
2021-02-01	gianteaglecovidvaccine	False	United States	1
2021-02-01	coronavirius ohio gov	False	United States	1
2021-02-01	gianteagle covidvaccine	False	United States	1
2021-02-01	zoo duisburg	True	Germany	1
2021-02-01	gianteagle covid19	False	United States	1
2021-02-01	covid 19 wikipedia france	False	France	1
2021-02-01	gianteagle covid vaccine	False	United States	1
2021-02-01	gianteagle covid	False	United States	1
2021-02-01	gianteagle comcovidvaccine	False	United States	1
2021-02-01	gianteagle com covidvaccine	False	United States	1
2021-02-01	gianteagle com covid19	False	United States	1
2021-02-01	gianteagle com covid vaccine	False	United States	1
2021-02-01	gianteagle com covid 19 vaccine	False	United States	1
2021-02-01	coronavirus	False	United States	6
2021-02-01	gianteagle com covid	False	United States	1
2021-02-01	toronto lockdown update	True	Canada	1
2021-02-01	giante eagle covid vaccine	False	United States	1
2021-02-01	quarantine rules uk	True	United Kingdom	1
2021-02-01	giant pharmacy covid vaccine delaware	False	United States	1
2021-02-01	giant pharmacy covid vaccine baltimore	False	United States	1
2021-02-01	giant pharmacy covid vaccine	False	United States	1
2021-02-01	giant pharmacy covid vaccination md	False	United States	1
2021-02-01	giant pharmacy covid vaccination	False	United States	1
2021-02-01	giant pharmacy covid shots	False	United States	1
2021-02-01	giant pharmacy covid	False	United States	1
2021-02-01	coronavirus 19	False	United States	1
2021-02-01	giant pharmacy	True	United States	1
2021-02-01	coronavirus frankreich	False	Germany	1
2021-02-01	giant maryland covid vaccine	False	United States	1
2021-02-01	covid 19 vaccination doctolib	False	France	1
2021-02-01	giant food vaccine signup	True	United States	1
2021-02-01	giant food pharmacy covid vaccination	False	United States	1
2021-02-01	giant food covid vaccine sign up	False	United States	1
2021-02-01	giant food covid vaccine schedule	False	United States	1
2021-02-01	giant food covid vaccine in maryland	False	United States	1
2021-02-01	giant food covid vaccine appointment	False	United States	1
2021-02-01	giant food covid vaccine	False	United States	1
2021-02-01	coronavirus 2020 updates vaccine	False	United States	1
2021-02-01	giant food covid vaccination	False	United States	1
2021-02-01	toronto lockdown	True	Canada	2
2021-02-01	giant food covid shots	False	United States	1
2021-02-01	coronavirus statistics in japan	False	China	1
2021-02-01	giant food covid info	False	United States	1
2021-02-01	giant food covid 19 vaccine	False	United States	1
2021-02-01	giant food covid	False	United States	1
2021-02-01	giant food coronavirus information	False	United States	1
2021-02-01	giant food com covid info	False	United States	1
2021-02-01	giant eagle vaccine covid	False	United States	1
2021-02-01	giant eagle pharmacy covid vaccines	False	United States	1
2021-02-01	coronavirus alabama	False	United States	1
2021-02-01	giant eagle pharmacy covid vaccine ohio	False	United States	1
2021-02-01	quarantine list	True	United Kingdom	1
2021-02-01	giant eagle pharmacy covid vaccine	False	United States	1
2021-02-01	coronavirus fallzahlen rki	False	Germany	1
2021-02-01	giant eagle pharmacy covid vaccinations	False	United States	1
2021-02-01	giant eagle pharmacy covid 19	False	United States	1
2021-02-01	giant eagle pharmacy covid	False	United States	1
2021-02-01	giant eagle ohio covid vaccine	False	United States	1
2021-02-01	giant eagle covid19 vaccine	False	United States	1
2021-02-01	giant eagle covid19	False	United States	1
2021-02-01	giant eagle covid vacine	False	United States	1
2021-02-01	coronavirus and blood type	False	United States	1
2021-02-01	giant eagle covid vaccines	False	United States	1
2021-02-01	covid 19 vaccin	False	France	1
2021-02-01	giant eagle covid vaccine signup	False	United States	1
2021-02-01	astra zeneca covid vaccine	False	United States	1
2021-02-01	giant eagle covid vaccine sign up	False	United States	1
2021-02-01	giant eagle covid vaccine shots	False	United States	1
2021-02-01	giant eagle covid vaccine schedule	False	United States	1
2021-02-01	giant eagle covid vaccine registration	False	United States	1
2021-02-01	giant eagle covid vaccine pennsylvania	False	United States	1
2021-02-01	giant eagle covid vaccine pa	False	United States	1
2021-02-01	giant eagle covid vaccine ohio	False	United States	1
2021-02-01	coronavirus and kids	False	United States	1
2021-02-01	giant eagle covid vaccine appointments	False	United States	1
2021-02-01	toronto hydro rates	True	Canada	1
2021-02-01	giant eagle covid vaccine appointment	False	United States	1
2021-02-01	ravintsara	True	France	1
2021-02-01	giant eagle covid vaccine	False	United States	1
2021-02-01	giant eagle covid vaccination	False	United States	1
2021-02-01	giant eagle covid testing sites	False	United States	1
2021-02-01	giant eagle covid sign up	False	United States	1
2021-02-01	giant eagle covid shots	False	United States	1
2021-02-01	giant eagle covid shot	False	United States	1
2021-02-01	giant eagle covid registration	False	United States	1
2021-02-01	coronavirus appointments for vaccine	False	United States	1
2021-02-01	giant eagle covid 19 vaccine registration	False	United States	1
2021-02-01	qmc nottingham	True	United Kingdom	1
2021-02-01	giant eagle covid 19 vaccine	False	United States	1
2021-02-01	zero covid strategie	False	Germany	1
2021-02-01	giant eagle covid 19 shots	False	United States	1
2021-02-01	giant eagle covid 19 registration	False	United States	1
2021-02-01	giant eagle covid 19	False	United States	1
2021-02-01	giant eagle covid	False	United States	1
2021-02-01	giant eagle coronavirus vaccine	False	United States	1
2021-02-01	giant eagle corona virus vaccine	False	United States	1
2021-02-01	giant eagle com covid vaccine	False	United States	1
2021-02-01	coronavirus argentina	False	United States	1
2021-02-01	giant eagle com covid 19	False	United States	1
2021-02-01	albemarle regional health services	True	United States	1
2021-02-01	giant eagle com covid	False	United States	1
2021-02-01	coronavirus fallzahlen deutschland	False	Germany	1
2021-02-01	giant covid vaccines	False	United States	1
2021-02-01	giant covid vaccine sign up	False	United States	1
2021-02-01	giant covid vaccine registration	False	United States	1
2021-02-01	giant covid vaccine maryland	False	United States	1
2021-02-01	giant covid vaccine appointment	False	United States	1
2021-02-01	giant covid vaccine	False	United States	1
2021-02-01	giant covid vaccination	False	United States	1
2021-02-01	coronavirus arizona	False	United States	1
2021-02-01	giant covid shot	False	United States	1
2021-02-01	ratp	True	France	5
2021-02-01	giant covid	False	United States	1
2021-02-01	covid 19 usa	False	France	1
2021-02-01	ghislaine maxwell covid 19	False	United States	1
2021-02-01	getting the covid vaccine pa gov	False	United States	1
2021-02-01	getting a covid vaccine in massachusetts	False	United States	1
2021-02-01	gettested ruhealth org	True	United States	1
2021-02-01	get vaccine covid	False	United States	1
2021-02-01	get tested for coronavirus near me	False	United States	1
2021-02-01	get my stimulus check	True	United States	1
2021-02-01	coronavirus arizona update	False	United States	1
2021-02-01	get my payment	True	United States	10
2021-02-01	toronto hydro	True	Canada	10
2021-02-01	get my covid vaccine shot	False	United States	1
2021-02-01	public health wales dashboard	True	United Kingdom	1
2021-02-01	get my covid results ga	False	United States	1
2021-02-01	get covid vaccine ohio	False	United States	1
2021-02-01	get covid vaccine	False	United States	1
2021-02-01	get covid 19 vaccine near me	False	United States	1
2021-02-01	get appointment for covid 19 vaccine	False	United States	1
2021-02-01	get a covid test	False	United States	1
2021-02-01	germany lockdown	True	United States	1
2021-02-01	coronavirus arkansas	False	United States	1
2021-02-01	germany covid restrictions	False	United States	1
2021-02-01	zero covid	False	Germany	1
2021-02-01	germany covid	False	United States	1
2021-02-01	coronavirus fallzahlen	False	Germany	1
2021-02-01	germany coronavirus update	False	United States	1
2021-02-01	germany coronavirus	False	United States	1
2021-02-01	germany beer sales coronavirus	False	United States	1
2021-02-01	germany beer sales coronaviru	False	United States	1
2021-02-01	germany beer sales coronavir	False	United States	1
2021-02-01	germany beer sales coronavi	False	United States	1
2021-02-01	germany beer sales coronav	False	United States	1
2021-02-01	coronavirus az	False	United States	1
2021-02-01	georgia travel restrictions	True	United States	1
2021-02-01	covid 19 uk	False	France	1
2021-02-01	georgia news	True	United States	1
2021-02-01	toronto covid cases	False	Canada	2
2021-02-01	georgia department of public health	True	United States	1
2021-02-01	georgia department of health	True	United States	1
2021-02-01	georgia covid vaccine orders	False	United States	1
2021-02-01	georgia covid vaccine	False	United States	1
2021-02-01	georgia covid vacccine	False	United States	1
2021-02-01	georgia covid cases	False	United States	1
2021-02-01	georgia covid 19	False	United States	1
2021-02-01	coronavirus blood clots	False	United States	1
2021-02-01	georgia covid	False	United States	1
2021-02-01	public health wales	True	United Kingdom	2
2021-02-01	georgia coronavirus update	False	United States	1
2021-02-01	coronavirus england	False	Germany	1
2021-02-01	georgia coronavirus cases	False	United States	1
2021-02-01	georgia coronavirus	False	United States	1
2021-02-01	george floyd autopsy results	True	United States	1
2021-02-01	george floyd autopsy	True	United States	1
2021-02-01	george floyd	True	United States	2
2021-02-01	genesee county ny health department	True	United States	1
2021-02-01	genesee county health department ny	True	United States	1
2021-02-01	coronavirus brazil	False	United States	1
2021-02-01	genesee county health department mi	True	United States	1
2021-02-01	covid 19 tracker	False	France	1
2021-02-01	genesee county health department	True	United States	1
2021-02-01	coronavirus statistics in united states	False	China	1
2021-02-01	geisinger covid vacine	False	United States	1
2021-02-01	geisinger covid vaccine registration	False	United States	1
2021-02-01	geisinger covid vaccine locations	False	United States	1
2021-02-01	geisinger covid vaccine	False	United States	1
2021-02-01	geisinger covid vaccination	False	United States	1
2021-02-01	geauga health department	True	United States	1
2021-02-01	geauga county health department	True	United States	1
2021-02-01	coronavirus brevard	False	United States	1
2021-02-01	gcu vaccine	True	United States	1
2021-02-01	toronto covid 19 update	False	Canada	2
2021-02-01	gbmc covid vaccine	False	United States	1
2021-02-01	public health scotland dashboard	True	United Kingdom	1
2021-02-01	gavin newsom	True	United States	1
2021-02-01	gator mask	True	United States	1
2021-02-01	gaston saves	True	United States	1
2021-02-01	gaston county	True	United States	1
2021-02-01	garrett county health department	True	United States	1
2021-02-01	garland health department	True	United States	1
2021-02-01	gardner ma gov	True	United States	1
2021-02-01	coronavirus by country	False	United States	1
2021-02-01	garden city hospital michigan	True	United States	1
2021-02-01	coronavirus einreiseverordnung	False	Germany	1
2021-02-01	garden city hospital covid vaccine	False	United States	1
2021-02-01	astra zeneca vaccine	True	United States	1
2021-02-01	garden city hospital	True	United States	1
2021-02-01	galveston county health district	True	United States	1
2021-02-01	galveston county covid vaccine sign up	False	United States	1
2021-02-01	galveston county covid vaccine	False	United States	1
2021-02-01	gallup poll	True	United States	1
2021-02-01	gaiter face mask	True	United States	1
2021-02-01	ga dept of health	True	United States	1
2021-02-01	coronavirus by state	False	United States	1
2021-02-01	ga covid vaccine	False	United States	1
2021-02-01	covid 19 symptoms	False	France	1
2021-02-01	ga covid registration	False	United States	1
2021-02-01	raoult didier	True	France	1
2021-02-01	ga covid cases	False	United States	1
2021-02-01	ga covid	False	United States	1
2021-02-01	ga coronavirus update	False	United States	1
2021-02-01	ga coronavirus	False	United States	1
2021-02-01	funny face masks	True	United States	1
2021-02-01	funny face mask	True	United States	1
2021-02-01	fulton county health department georgia	True	United States	1
2021-02-01	coronavirus by states	False	United States	1
2021-02-01	fulton county health department	True	United States	1
2021-02-01	toronto covid	False	Canada	1
2021-02-01	fulton county covid vaccine appt	False	United States	1
2021-02-01	zdf heute	True	Germany	5
2021-02-01	fulton county board of health	True	United States	1
2021-02-01	fulton county	True	United States	1
2021-02-01	fulgent genetics	True	United States	1
2021-02-01	fulgent	True	United States	1
2021-02-01	fsa usda	True	United States	1
2021-02-01	frys vaccine	True	United States	1
2021-02-01	frys pharmacy covid vaccine	False	United States	1
2021-02-01	coronavirus by stste	False	United States	1
2021-02-01	frys pharmacy covid vaccinations	False	United States	1
2021-02-01	raoult	True	France	1
2021-02-01	frys food store	True	United States	1
2021-02-01	public health scotland	True	United Kingdom	1
2021-02-01	frys covid vaccine	False	United States	1
2021-02-01	frys covid shots	False	United States	1
2021-02-01	frys covid	False	United States	1
2021-02-01	fry s covid vaccine	False	United States	1
2021-02-01	frontline doctors	True	United States	1
2021-02-01	frontier airlines covid travel	False	United States	1
2021-02-01	froedtert covid19 vaccination sign up	False	United States	1
2021-02-01	coronavirus california	False	United States	1
2021-02-01	frisco covid vaccine	False	United States	1
2021-02-01	registrace covid	False	Czech Republic	5
2021-02-01	fresno county public health covid vaccine	False	United States	1
2021-02-01	coronavirus echtzeitkarte morgenpost	False	Germany	1
