Date	Query	IsImplicitIntent	Country	PopularityScore
2021-01-01	covid relief bill	False	United States	1
2021-01-01	express care	True	United States	1
2021-01-01	semáforo covid por estado	False	Mexico	3
2021-01-01	incubation period for coronavirus	False	United States	1
2021-01-01	california covid cases	False	United States	1
2021-01-01	fgtb	True	Belgium	3
2021-01-01	coronavirus update	False	Sri Lanka	100
2021-01-01	spain coronavirus update	False	United Kingdom	1
2021-01-01	manatee county vaccine	True	United States	1
2021-01-01	dvla licence renewal	True	United Kingdom	1
2021-01-01	ksa aarau	True	Switzerland	1
2021-01-01	charlotte county covid vaccine	False	United States	1
2021-01-01	voeux 2021 covid	False	France	4
2021-01-01	lidl reisen	True	Germany	3
2021-01-01	attingham park national trust	True	United Kingdom	1
2021-01-01	qld health coronavirus	False	Australia	1
2021-01-01	albertsons hours	True	United States	1
2021-01-01	covid 19 tracker	False	Germany	1
2021-01-01	covid relief 2nd checks	False	United States	1
2021-01-01	conselleria de sanitat	True	Spain	1
2021-01-01	cas de coronavirus en france	False	France	1
2021-01-01	us map of coronavirus cases	False	United States	1
2021-01-01	map coronavirus	False	United States	1
2021-01-01	coronavirus trends mich	False	United States	1
2021-01-01	rensselaer county	True	United States	1
2021-01-01	spain coronavirus	False	United Kingdom	1
2021-01-01	explained coronavirus	False	United States	1
2021-01-01	dvla mot check	True	United Kingdom	3
2021-01-01	hcflgov net vaccine	True	United States	1
2021-01-01	salvoconducto covid	False	Spain	1
2021-01-01	sykes holiday cottages	True	United Kingdom	1
2021-01-01	mascherine ffp3	True	Italy	1
2021-01-01	fond de solidarite	True	France	1
2021-01-01	covid	False	Philippines	22
2021-01-01	coronavirus statistics in illinois	False	United States	1
2021-01-01	ns coronavirus	False	Canada	1
2021-01-01	covid relief	False	United States	1
2021-01-01	alberta travel restrictions covid 19	False	United States	1
2021-01-01	ivermectin and covid 19	False	United States	1
2021-01-01	cares act 2020	True	United States	1
2021-01-01	cas covid france aujourd hui	False	France	1
2021-01-01	us deaths from coronavirus	False	United States	1
2021-01-01	renters relief coronavirus	False	United States	1
2021-01-01	coronavirus india	False	United States	1
2021-01-01	covid suisse	False	France	1
2021-01-01	dvsa	True	United Kingdom	1
2021-01-01	hln nieuws	True	Belgium	100
2021-01-01	semaforo covid por estado	False	Mexico	2
2021-01-01	coronavirus tiers	False	United Kingdom	1
2021-01-01	south africa coronavirus	False	United Kingdom	1
2021-01-01	covid ottawa	False	Canada	3
2021-01-01	queensland border pass	True	Australia	22
2021-01-01	travelodge uk	True	United Kingdom	1
2021-01-01	covid reinfection	False	United States	1
2021-01-01	coronavirus trends nc counties	False	United States	1
2021-01-01	ivermectin coronavirus	False	United States	1
2021-01-01	la covid ou le covid	False	France	1
2021-01-01	wisconsin covid vacine	False	United States	1
2021-01-01	are masks effective for coronavirus	False	United States	1
2021-01-01	alaska travel restrictions	True	United States	1
2021-01-01	coronavirus response and relief supplemental appropriations act of 2021	False	United States	1
2021-01-01	us death toll coronavirus	False	United States	1
2021-01-01	coronavirus statistics in florida	False	United States	1
2021-01-01	east anglian daily times	True	United Kingdom	2
2021-01-01	cas covid france	False	France	2
2021-01-01	maseczki	True	Poland	2
2021-01-01	corona virus update	False	United Kingdom	1
2021-01-01	covid stats	False	Australia	2
2021-01-01	research on masks for coronavirus	False	United States	1
2021-01-01	sore throat coronavirus	False	United Kingdom	1
2021-01-01	covid recovery	False	United States	1
2021-01-01	queensland border restrictions	True	Australia	17
2021-01-01	aantal besmettingen coronavirus	False	Netherlands	1
2021-01-01	mascherine	True	Italy	1
2021-01-01	coronavirus trends philadelphia county pa	False	United States	1
2021-01-01	exer urgent care	True	United States	1
2021-01-01	ns covid 19 update	False	Canada	3
2021-01-01	coronavirus stats	False	United States	1
2021-01-01	us covid stats update	False	United States	1
2021-01-01	covid rashes	False	United States	1
2021-01-01	sylt	True	Germany	2
2021-01-01	east midlands airport	True	United Kingdom	1
2021-01-01	map of coronavirus cases	False	United States	1
2021-01-01	bamlanivimab	True	United States	1
2021-01-01	map of ohio coronavirus cases	False	United States	1
2021-01-01	hoeveel besmettingen in uw gemeente	True	Belgium	1
2021-01-01	covid	False	China	14
2021-01-01	niedersachsen	True	Germany	2
2021-01-01	alaska travel portal	True	United States	1
2021-01-01	hccovid19shot as me	False	United States	1
2021-01-01	cas covid 19 france	False	France	1
2021-01-01	secretaría de salud	True	Mexico	3
2021-01-01	datos coronavirus sergas	False	Spain	1
2021-01-01	somerset live	True	United Kingdom	2
2021-01-01	rhode island coronavirus	False	United States	1
2021-01-01	excela health	True	United States	1
2021-01-01	covid rash	False	United States	1
2021-01-01	queensland coronavirus update	False	Australia	1
2021-01-01	marc s	True	United States	1
2021-01-01	easyjet holidays	True	United Kingdom	4
2021-01-01	coronavirus uk	False	United States	1
2021-01-01	nsw government covid restrictions changes	False	Australia	1
2021-01-01	コロナ 潜伏 期間	True	Japan	2
2021-01-01	charnwood borough council	True	United Kingdom	1
2021-01-01	coronavirus tracker	False	United Kingdom	1
2021-01-01	alaska covid vaccination plan	False	United States	1
2021-01-01	booking a covid test	False	United Kingdom	1
2021-01-01	cas covid	False	France	1
2021-01-01	kekule	True	Germany	1
2021-01-01	us covid numbers	False	United States	1
2021-01-01	vaccine coronavirus oxford	False	United Kingdom	1
2021-01-01	coronavirus cases worldwide	False	United States	1
2021-01-01	covid rapid walgreens	False	United States	1
2021-01-01	social distancing	True	United Kingdom	1
2021-01-01	ri covid	False	United States	1
2021-01-01	what tier is dorset	True	United Kingdom	1
2021-01-01	ivermectin covid	False	United States	1
2021-01-01	easyjet uk	True	United Kingdom	2
2021-01-01	mappa covid piemonte	False	Italy	1
2021-01-01	coronavirus stats	False	Canada	2
2021-01-01	chiffres covid du jour	False	France	1
2021-01-01	number of covid cases in ontario today	False	Canada	1
2021-01-01	wisconsin covid vaccine	False	United States	1
2021-01-01	alaska covid 19	False	United States	1
2021-01-01	cas coronavirus france	False	France	1
2021-01-01	queensland covid 19 update	False	Australia	3
2021-01-01	transavia	True	France	11
2021-01-01	us covid deaths	False	United States	1
2021-01-01	covid rapid testing near me	False	United States	1
2021-01-01	besmettingen vandaag	True	Netherlands	8
2021-01-01	smyths toys uk	True	United Kingdom	3
2021-01-01	info coronavirus	False	Belgium	2
2021-01-01	march madness 2020	True	United States	1
2021-01-01	coronavirus united states	False	United States	1
2021-01-01	didier raoult	True	France	4
2021-01-01	ecb cricket	True	United Kingdom	1
2021-01-01	eviction moratorium	True	United States	1
2021-01-01	salud digna resultados	True	Mexico	5
2021-01-01	marcs com	True	United States	1
2021-01-01	attingham park	True	United Kingdom	1
2021-01-01	gesundheitsamt biberach	True	Germany	1
2021-01-01	alaska covid	False	United States	1
2021-01-01	cas coronavirus	False	France	1
2021-01-01	ri department of health	True	United States	1
2021-01-01	smyths	True	United Kingdom	10
2021-01-01	covid rapid testing	False	United States	1
2021-01-01	queensland covid restrictions	False	Australia	1
2021-01-01	us covid death toll	False	United States	1
2021-01-01	covid california	False	Canada	1
2021-01-01	coronavirus united states update	False	United States	1
2021-01-01	ri dept of health	True	United States	1
2021-01-01	mappa coronavirus	False	Italy	1
2021-01-01	salzlandkreis	True	Germany	1
2021-01-01	edf energy	True	United Kingdom	3
2021-01-01	everlywell	True	United States	1
2021-01-01	hazard pay for essential workers	True	United States	1
2021-01-01	maria elvira salazar covid	False	United States	1
2021-01-01	can dogs get convid19	True	United States	1
2021-01-01	alaska coronavirus	False	United States	1
2021-01-01	cas contact que faire	True	France	1
2021-01-01	coronavirus treatment	False	United Kingdom	1
2021-01-01	odsp	True	Canada	1
2021-01-01	covid rapid test price	False	United States	1
2021-01-01	salud digna covid	False	Mexico	13
2021-01-01	covid outaouais	False	Canada	1
2021-01-01	how soon after exposure do symptoms appear	True	United States	1
2021-01-01	smiths toy super stores	True	United Kingdom	2
2021-01-01	us covid cases	False	United States	1
2021-01-01	scei	True	France	6
2021-01-01	ivermectin dosage for coronavirus	False	United States	1
2021-01-01	covid updates	False	Australia	1
2021-01-01	edinburgh airport	True	United Kingdom	1
2021-01-01	info coronavirus be	False	Belgium	1
2021-01-01	calderdale council	True	United Kingdom	1
2021-01-01	how long does unemployment last	True	United States	1
2021-01-01	queensland government coronavirus	False	Australia	1
2021-01-01	coronavirus update	False	United States	12
2021-01-01	bing covid	False	Brazil	7
2021-01-01	corona virus	False	Netherlands	2
2021-01-01	covid rapid test near me	False	United States	1
2021-01-01	corona virus deaths	False	United States	1
2021-01-01	maricopa county covid vaccine	False	United States	1
2021-01-01	alameda county coronavirus update	False	United States	1
2021-01-01	cas contact covid 19	False	France	1
2021-01-01	slough borough council	True	United Kingdom	1
2021-01-01	ri unemployment	True	United States	1
2021-01-01	us covid 19 update	False	United States	1
2021-01-01	coronavirus algérie	False	France	1
2021-01-01	hazard pay	True	United States	1
2021-01-01	emergency dentist	True	United Kingdom	1
2021-01-01	wisconsin covid cases	False	United States	1
2021-01-01	eventbrite events	True	United States	1
2021-01-01	gesundheitsministerium österreich	True	Austria	8
2021-01-01	queensland health	True	Australia	5
2021-01-01	alameda county	True	United States	1
2021-01-01	carte département covid	False	France	1
2021-01-01	covid rapid test 75075	False	United States	1
2021-01-01	mappa contagi piemonte	True	Italy	1
2021-01-01	corona virus vaccine roll out	False	United Kingdom	1
2021-01-01	coronavirus update arizona	False	United States	1
2021-01-01	slimming world	True	United Kingdom	7
2021-01-01	maricopa county covid vaccine plan	False	United States	1
2021-01-01	ont covid 19 update	False	Canada	1
2021-01-01	salud digna citas	True	Mexico	5
2021-01-01	us covid 19 deaths	False	United States	1
2021-01-01	covid rapid test	False	United States	1
2021-01-01	uk coronavirus data	False	United Kingdom	1
2021-01-01	emirates flights	True	United Kingdom	2
2021-01-01	event 201	True	United States	1
2021-01-01	info coronavirus belgique	False	Belgium	1
2021-01-01	landkreis osnabrück	True	Germany	1
2021-01-01	marion county covid 19	False	United States	1
2021-01-01	fond de solidarité décembre 2020	True	France	2
2021-01-01	wordometers coronavirus	False	Poland	1
2021-01-01	alachua county health department	True	United States	1
2021-01-01	carte du covid en france aujourd hui	False	France	1
2021-01-01	coronavirus trend in united kingdom	False	United Kingdom	1
2021-01-01	richard quest	True	United States	1
2021-01-01	sky news uk	True	United Kingdom	5
2021-01-01	sa border pass	True	Australia	1
2021-01-01	butte county	True	United States	1
2021-01-01	covid 19 symptoms	False	Canada	15
2021-01-01	coronavirus update by state	False	United States	1
2021-01-01	covid questions	False	United States	1
2021-01-01	richard schiff	True	United States	1
2021-01-01	indeed job search	True	United States	2
2021-01-01	england athletics	True	United Kingdom	1
2021-01-01	cares act 401k withdrawals	True	United States	1
2021-01-01	us covid	False	United States	1
2021-01-01	covid vic	False	Australia	4
2021-01-01	コロナ 症状	True	Japan	13
2021-01-01	charlie baker	True	United States	1
2021-01-01	maldive	True	Italy	2
2021-01-01	alachua county	True	United States	1
2021-01-01	idaho unemployment claimant portal	True	United States	1
2021-01-01	carte du coronavirus france	False	France	1
2021-01-01	simpsons predictions	True	United Kingdom	1
2021-01-01	uk deaths from coronavirus	False	United Kingdom	1
2021-01-01	coronavirus	False	Netherlands	5
2021-01-01	marion county florida	True	United States	1
2021-01-01	covid quarantine schedule	False	United States	1
2021-01-01	ontario coronavirus	False	Canada	2
2021-01-01	salud digna	True	Mexico	100
2021-01-01	coronavirus statistics in united states	False	Canada	1
2021-01-01	the range	True	United Kingdom	24
2021-01-01	england coronavirus	False	United Kingdom	1
2021-01-01	sa covid	False	Australia	1
2021-01-01	evangelicals coronavirus	False	United States	1
2021-01-01	covid haut rhin	False	France	1
2021-01-01	corona virus	False	China	2
2021-01-01	us coronavirus update	False	United States	1
2021-01-01	marion county health department fl	True	United States	1
2021-01-01	coronavirus fribourg	False	Switzerland	1
2021-01-01	coronavirus update california	False	United States	1
2021-01-01	alabama department of public health	True	United States	1
2021-01-01	wisconsin covid 19 update	False	United States	1
2021-01-01	john hopkins coronavirus	False	Belgium	1
2021-01-01	covid quarantine scenarios	False	United States	1
2021-01-01	evangelical community hospital	True	United States	1
2021-01-01	carte des départements covid 19	False	France	1
2021-01-01	l internaute covid 19	False	France	1
2021-01-01	dhhs coronavirus	False	Australia	2
2021-01-01	rick scott	True	United States	1
2021-01-01	mark blum	True	United States	1
2021-01-01	england golf	True	United Kingdom	1
2021-01-01	covid deaths usa	False	Australia	2
2021-01-01	coronavirus statistics in minnesota	False	United States	1
2021-01-01	coronavirus trend in united states	False	United Kingdom	1
2021-01-01	what tier is cornwall in	True	United Kingdom	1
2021-01-01	www 116117 de	True	Germany	3
2021-01-01	ivermectin dosage for covid	False	United States	1
2021-01-01	signs of covid	False	United Kingdom	1
2021-01-01	sa covid 19 update	False	Australia	1
2021-01-01	riots	True	United States	1
2021-01-01	coronavirus update colorado	False	United States	1
2021-01-01	covid quarantine	False	United States	1
2021-01-01	alabama covid cases	False	United States	1
2021-01-01	us coronavirus statistics	False	United States	1
2021-01-01	hays county	True	United States	1
2021-01-01	carte de france covid 19	False	France	1
2021-01-01	lucca in diretta	True	Italy	2
2021-01-01	coronavirus nj	False	United States	1
2021-01-01	india coronavirus	False	United States	1
2021-01-01	england hockey	True	United Kingdom	1
2021-01-01	lockdown bayern aktuell	True	Germany	1
2021-01-01	covid 19 nova scotia	False	Canada	10
2021-01-01	coronavirus nederland	False	Netherlands	4
2021-01-01	trump news	True	China	4
2021-01-01	mark meadows	True	United States	1
2021-01-01	tag24 chemnitz	True	Germany	2
2021-01-01	signs of coronavirus	False	United Kingdom	1
2021-01-01	europe coronavirus	False	United States	1
2021-01-01	ontario coronavirus update	False	Canada	1
2021-01-01	covid psychosis	False	United States	1
2021-01-01	que es el covid 19	False	Mexico	3
2021-01-01	mark of the beast	True	United States	1
2021-01-01	coronavirus en direct	False	France	1
2021-01-01	alabama covid	False	United States	1
2021-01-01	us coronavirus map	False	United States	1
2021-01-01	carte covid france	False	France	1
2021-01-01	impfstoff moderna	True	Germany	1
2021-01-01	coronavirus update	False	Australia	13
2021-01-01	essex county council	True	United Kingdom	1
2021-01-01	ministère des affaires étrangères belgique	True	Belgium	1
2021-01-01	coronavirus fallzahlen	False	Germany	1
2021-01-01	covid quebec	False	Canada	8
2021-01-01	etsy face mask	True	United States	1
2021-01-01	sa health	True	Australia	8
2021-01-01	shift partner login	True	United Kingdom	1
2021-01-01	coronavirus update florida	False	United States	1
2021-01-01	coronavirus indiana	False	United States	1
2021-01-01	covid protocols if exposed	False	United States	1
2021-01-01	rite aid covi testing	True	United States	1
2021-01-01	mark of the beast scripture	True	United States	1
2021-01-01	tier system	True	United Kingdom	1
2021-01-01	alabama coronavirus update	False	United States	1
2021-01-01	carte covid 19 par département	False	France	1
2021-01-01	lockdown italia	True	Italy	1
2021-01-01	us coronavirus deaths worldometer	False	United States	1
2021-01-01	biontech impfstoff	True	Germany	1
2021-01-01	wisconsin covid	False	United States	1
2021-01-01	essex live	True	United Kingdom	2
2021-01-01	coronavirus cases usa	False	United States	1
2021-01-01	shift partner	True	United Kingdom	1
2021-01-01	coronavirus trends	False	United Kingdom	2
2021-01-01	hawaiicovid19 com vaccine	False	United States	1
2021-01-01	tibo inshape	True	France	3
2021-01-01	sa health covid 19	False	Australia	6
2021-01-01	coronavirus update illinois	False	United States	1
2021-01-01	covid projections	False	United States	1
2021-01-01	nueva cepa de coronavirus	False	Mexico	1
2021-01-01	astrazeneca vaccine	True	United Kingdom	1
2021-01-01	bing coronavirus tracker	False	United States	1
2021-01-01	rite aid covid test	False	United States	1
2021-01-01	how long does the covid vaccine last	False	United States	1
2021-01-01	coronavirus	False	United Kingdom	6
2021-01-01	ontario covid	False	Canada	12
2021-01-01	aruba travel restrictions	True	United States	1
2021-01-01	covid positivity rates across the us	False	United States	1
2021-01-01	ivermectin for covid	False	United States	1
2021-01-01	euro 2020	True	United Kingdom	1
2021-01-01	us coronavirus deaths	False	United States	1
2021-01-01	covid19	False	France	2
2021-01-01	coronavirus nl	False	Netherlands	1
2021-01-01	coronavirus statistics in canada	False	Canada	2
2021-01-01	moniteur belge	True	Belgium	4
2021-01-01	kanton schwyz	True	Switzerland	1
2021-01-01	alabama coronavirus	False	United States	1
2021-01-01	carte covid 19 par departement	False	France	1
2021-01-01	market basket hours	True	United States	1
2021-01-01	shielding coronavirus update	False	United Kingdom	1
2021-01-01	rite aid covid testing	False	United States	1
2021-01-01	síntomas del covid 19	False	Spain	1
2021-01-01	indian river county	True	United States	1
2021-01-01	essential workers	True	United States	1
2021-01-01	safe work australia	True	Australia	1
2021-01-01	covid pneumonia timeline	False	United States	1
2021-01-01	coronavirus update in shelby county	False	United States	1
2021-01-01	marriott vacation club login	True	United States	1
2021-01-01	eurotunnel	True	United Kingdom	2
2021-01-01	melbourne coronavirus update	False	Australia	3
2021-01-01	jenaer nachrichten	True	Germany	1
2021-01-01	ivermectin for covid prophylaxis	False	United States	1
2021-01-01	sachsen	True	Germany	2
2021-01-01	us coronavirus cases	False	United States	1
2021-01-01	legge 104	True	Italy	1
2021-01-01	airborne precautions	True	United States	1
2021-01-01	スウェーデン コロナ	True	Japan	1
2021-01-01	carte covid 19 france	False	France	1
2021-01-01	shielding	True	United Kingdom	1
2021-01-01	mi cuenta infonavit	True	Mexico	32
2021-01-01	erie county health department	True	United States	1
2021-01-01	covid 19 bresil	False	France	1
2021-01-01	covid pneumonia	False	United States	1
2021-01-01	costa kreuzfahrten	True	Germany	1
2021-01-01	sapol	True	Australia	6
2021-01-01	az covid 19 update	False	United States	1
2021-01-01	martin county health department	True	United States	1
2021-01-01	face masks	True	United Kingdom	1
2021-01-01	ontario covid 19	False	Canada	3
2021-01-01	coronavirus trends england	False	United Kingdom	1
2021-01-01	wisconsin coronavirus update	False	United States	1
2021-01-01	gov gr	True	Greece	100
2021-01-01	us coronavirus	False	United States	1
2021-01-01	coronavirus in arkansas confirmed	False	United States	1
2021-01-01	air purifiers for home	True	United States	1
2021-01-01	carte covid	False	France	2
2021-01-01	service civique	True	France	2
2021-01-01	türkei news	True	Germany	1
2021-01-01	onem	True	Belgium	2
2021-01-01	covid pneumoia symptoms	False	United States	1
2021-01-01	worldometer coronavirus	False	Ireland	57
2021-01-01	coronavirus update india	False	United States	1
2021-01-01	covid 19	False	Philippines	100
2021-01-01	coronavirus luxembourg	False	France	1
2021-01-01	sheffield tier	True	United Kingdom	1
2021-01-01	coronavirus statistieken	False	Netherlands	1
2021-01-01	face masks for sale	True	United Kingdom	1
2021-01-01	martin county health department stuart fl	True	United States	1
2021-01-01	hawaii travel restrictions updates	True	United States	1
2021-01-01	nsw government coronavirus	False	Australia	1
2021-01-01	eric garcetti	True	United States	1
2021-01-01	rite aid rapid covid test	False	United States	1
2021-01-01	corsica ferries	True	France	5
2021-01-01	azitromicina	True	Brazil	23
2021-01-01	rivcoph org	True	United States	1
2021-01-01	us chamber of commerce	True	United States	1
2021-01-01	lattoferrina	True	Italy	1
2021-01-01	covid pcr testing reliability	False	United States	1
2021-01-01	air purifier covid	False	United States	1
2021-01-01	kvwl	True	Germany	1
2021-01-01	nsw border pass	True	Australia	2
2021-01-01	best covid 19 mask protection	False	United States	1
2021-01-01	carte couvre feu covid	False	France	2
2021-01-01	nicko cruises	True	Germany	1
2021-01-01	mary washington healthcare	True	United States	1
2021-01-01	face masks uk	True	United Kingdom	1
2021-01-01	fonds de solidarité	True	France	2
2021-01-01	butler health system	True	United States	1
2021-01-01	epstrong org	True	United States	1
2021-01-01	covid quebec aujourd hui	False	Canada	2
2021-01-01	symptoms of covid 19	False	Ireland	12
2021-01-01	sweden coronavirus	False	United Kingdom	1
2021-01-01	corona virus florida	False	United States	1
2021-01-01	ontario covid 19 cases	False	Canada	1
2021-01-01	cares act unemployment	True	United States	1
2021-01-01	covid pcr test	False	United States	1
2021-01-01	shearings holidays	True	United Kingdom	1
2021-01-01	coronavirus turkey	False	United Kingdom	1
2021-01-01	us canada border reopening	True	United States	1
2021-01-01	scott morrison	True	Australia	4
2021-01-01	wisconsin coronavirus	False	United States	1
2021-01-01	coronavirus update live	False	United States	1
2021-01-01	partena	True	Belgium	1
2021-01-01	corona virus nsw	False	Australia	2
2021-01-01	face masks washable uk	True	United Kingdom	1
2021-01-01	coronavirus hilton head south carolina	False	United States	1
2021-01-01	johns hopkins coronavirus	False	Mexico	2
2021-01-01	hawaii travel restrictions	True	United States	1
2021-01-01	coronavirus statistics in arizona	False	United States	1
2021-01-01	agenda 21 death camps	True	United States	1
2021-01-01	astrazeneca covid vaccine	False	United Kingdom	1
2021-01-01	carte couvre feu	True	France	2
2021-01-01	coronavirus trend in nederland	False	Netherlands	2
2021-01-01	covid pcr	False	United States	1
2021-01-01	stimulus update today	True	Puerto Rico	100
2021-01-01	covid gouvernement	False	France	1
2021-01-01	riverside county coronavirus	False	United States	1
2021-01-01	maryland coronavirus	False	United States	1
2021-01-01	self isolation rules	True	United Kingdom	1
2021-01-01	aggiornamento coronavirus	False	Italy	1
2021-01-01	service nsw	True	Australia	85
2021-01-01	coronavirus update map	False	United States	1
2021-01-01	book covid test	False	United Kingdom	1
2021-01-01	face shields	True	United Kingdom	1
2021-01-01	us canada border	True	United States	1
2021-01-01	riverside county covid	False	United States	1
2021-01-01	enhanced unemployment	True	United States	1
2021-01-01	coronavirus statistics in alberta	False	Canada	1
2021-01-01	gov gg	True	Guernsey	1
2021-01-01	wilko	True	United Kingdom	19
2021-01-01	after testing positive with covid	False	United States	1
2021-01-01	covid payment	False	United States	1
2021-01-01	carte coronavirus temps réel	False	France	1
2021-01-01	maryland coronavirus update	False	United States	1
2021-01-01	last update coronavirus	False	Italy	1
2021-01-01	self isolation payment	True	United Kingdom	1
2021-01-01	service nsw app	True	Australia	2
2021-01-01	ivermectina	True	Mexico	8
2021-01-01	ivermectin for humans	True	United States	1
2021-01-01	ontario covid 19 tests results	False	Canada	1
2021-01-01	covid pay	False	United States	1
2021-01-01	employee retention credit 2020	True	United States	1
2021-01-01	face shields uk	True	United Kingdom	1
2021-01-01	fallzahlen emsland	True	Germany	1
2021-01-01	urgent care covid testing	False	United States	1
2021-01-01	coronavirus trend in colorado	False	United States	1
2021-01-01	randox	True	Ireland	10
2021-01-01	worldometer coronavirus update	False	United Kingdom	1
2021-01-01	partena professional	True	Belgium	1
2021-01-01	coronavirus update massachusetts	False	United States	1
2021-01-01	after effects of corvid 19	True	United States	1
2021-01-01	coronavirus uk	False	United Kingdom	18
2021-01-01	carte coronavirus france	False	France	1
2021-01-01	charleston covid cases	False	United States	1
2021-01-01	winco hours	True	United States	1
2021-01-01	self isolation guidance	True	United Kingdom	1
2021-01-01	riverside medical group	True	United States	1
2021-01-01	coronavirus america	False	United Kingdom	1
2021-01-01	covid passport	False	United States	1
2021-01-01	kylian mbappé	True	France	1
2021-01-01	covid canada	False	Canada	6
2021-01-01	fco	True	United Kingdom	1
2021-01-01	aggiornamento coronavirus italia	False	Italy	1
2021-01-01	afc urgent care	True	United States	1
2021-01-01	chelmsford news	True	United Kingdom	1
2021-01-01	indiana cases of coronavirus	False	United States	1
2021-01-01	carte coronavirus	False	France	1
2021-01-01	rmd 2020	True	United States	1
2021-01-01	lab24 coronavirus	False	Italy	2
2021-01-01	uk coronavirus stats	False	United Kingdom	1
2021-01-01	service nsw app download	True	Australia	2
2021-01-01	self isolation	True	United Kingdom	1
2021-01-01	coronavirus response and relief supplemental appropriations act	False	United States	1
2021-01-01	updates on pa coronavirus	False	United States	1
2021-01-01	coronavirus update michigan	False	United States	1
2021-01-01	covid pandemic	False	United States	1
2021-01-01	krajowe rejestry medyczne	True	Poland	3
2021-01-01	infonavit mi cuenta	True	Mexico	64
2021-01-01	coronavirus update	False	Netherlands	2
2021-01-01	maryland covid	False	United States	1
2021-01-01	fco travel advice	True	United Kingdom	1
2021-01-01	covid south australia	False	Australia	1
2021-01-01	aew	True	United States	1
2021-01-01	ivermectin tablets	True	United States	1
2021-01-01	maryland covid 19 vaccination plan	False	United States	1
2021-01-01	employee retention credit	True	United States	1
2021-01-01	ontario covid 19 update	False	Canada	51
2021-01-01	carpimko	True	France	2
2021-01-01	nsw health covid 19	False	Australia	1
2021-01-01	self employment income support scheme	True	United Kingdom	1
2021-01-01	test and trace	True	United Kingdom	1
2021-01-01	update on coronavirus	False	United States	1
2021-01-01	covid pa	False	United States	1
2021-01-01	ファイザー ワクチン	True	Japan	1
2021-01-01	service nsw qr code	True	Australia	2
2021-01-01	reseau sante wallon	True	Belgium	3
2021-01-01	what tier is bristol in	True	United Kingdom	1
2021-01-01	coronavirus update nc	False	United States	1
2021-01-01	when will i get my covid vaccination	False	United Kingdom	1
2021-01-01	fife news	True	United Kingdom	1
2021-01-01	coronavirus cases in vt	False	United States	1
2021-01-01	deutschland coronavirus	False	Germany	1
2021-01-01	embry women s health testing	True	United States	1
2021-01-01	hawaii tourism coronavirus	False	United States	1
2021-01-01	roanoke va coronavirus	False	United States	1
2021-01-01	impfung coronavirus	False	Austria	2
2021-01-01	lab 24 coronavirus	False	Italy	1
2021-01-01	aegis patient portal	True	United States	1
2021-01-01	covid rash	False	Canada	1
2021-01-01	aifa	True	Italy	6
2021-01-01	covid oregon	False	United States	1
2021-01-01	carla bruni	True	France	3
2021-01-01	self employment grant	True	United Kingdom	1
2021-01-01	coronavirus uk cases	False	United Kingdom	1
2021-01-01	thomas pesquet	True	France	4
2021-01-01	dioxido de cloro	True	Mexico	6
2021-01-01	services victoria border permit	True	Australia	3
2021-01-01	coronavirus disease 2019 prevention	False	United States	1
2021-01-01	first symptoms of coronavirus	False	United Kingdom	1
2021-01-01	update coronavirus	False	United States	1
2021-01-01	coronavirus update new york	False	United States	1
2021-01-01	wilton ct	True	United States	1
2021-01-01	jack ma	True	United States	1
2021-01-01	aegis labs results portal	True	United States	1
2021-01-01	can you get coronavirus twice	False	United Kingdom	1
2021-01-01	btp	True	France	1
2021-01-01	covid 19 niagara region	False	Canada	1
2021-01-01	covid 19 update ontario today	False	Canada	1
2021-01-01	covid orange county	False	United States	1
2021-01-01	coronavirus españa	False	Spain	5
2021-01-01	covid	False	Netherlands	2
2021-01-01	maryland covid cases	False	United States	1
2021-01-01	rochester regional health	True	United States	1
2021-01-01	ontario covid 19 update today	False	Canada	15
2021-01-01	johns hopkins coronavirus map	False	Australia	2
2021-01-01	private covid testing	False	Ireland	4
2021-01-01	hawaii safe travels website	True	United States	1
2021-01-01	foreign office travel advice	True	United Kingdom	1
2021-01-01	university of pittsburgh covid 19 vaccine	False	United States	1
2021-01-01	embry women s health	True	United States	1
2021-01-01	maryland department of health	True	United States	1
2021-01-01	www diagnosticum eu fuer patienten covid	False	Germany	1
2021-01-01	rtbf info	True	Belgium	29
2021-01-01	aston villa news	True	United Kingdom	2
2021-01-01	self employed income support scheme	True	United Kingdom	1
2021-01-01	coronavirus statistics in tn	False	United States	1
2021-01-01	covid ontario	False	United States	1
2021-01-01	south australia coronavirus update	False	Australia	1
2021-01-01	coronavirus statistics	False	Canada	7
2021-01-01	advocate aurora health	True	United States	1
2021-01-01	brigitte macron	True	France	5
2021-01-01	ron desantis	True	United States	1
2021-01-01	maryland distribution of covid vaccine	False	United States	1
2021-01-01	aifa vaccino covid	False	Italy	1
2021-01-01	coronavirus update nj	False	United States	1
2021-01-01	ellume covid test	False	United States	1
2021-01-01	france coronavirus	False	United Kingdom	1
2021-01-01	la voce di mantova	True	Italy	1
2021-01-01	how long does loss of taste and smell last	True	United States	1
2021-01-01	coronavirus update australia	False	Australia	2
2021-01-01	australia covid	False	Australia	2
2021-01-01	coronavirus uk deaths	False	United Kingdom	1
2021-01-01	pandemic unemployment	True	Ireland	10
2021-01-01	self employed grant scheme	True	United Kingdom	1
2021-01-01	covid ohio	False	United States	1
2021-01-01	diario oficial de la federación	True	Mexico	11
2021-01-01	coronavirus iowa	False	United States	1
2021-01-01	advocate aurora	True	United States	1
2021-01-01	brexit	True	France	9
2021-01-01	university health system san antonio covid	False	United States	1
2021-01-01	self employed grant	True	United Kingdom	1
2021-01-01	lockdown deutschland	True	Germany	4
2021-01-01	south australia covid	False	Australia	1
2021-01-01	covid nyc	False	United States	1
2021-01-01	jackson health system	True	United States	1
2021-01-01	france coronavirus update	False	United Kingdom	1
2021-01-01	fonds de solidarité décembre 2020	True	France	1
2021-01-01	jacksonville covid 19 cases	False	United States	1
2021-01-01	coronavirus argentina	False	Argentina	100
2021-01-01	maryland governor	True	United States	1
2021-01-01	ontario covid 19 vaccine schedule	False	Canada	1
2021-01-01	covid 19	False	Netherlands	5
2021-01-01	coronavirus update ny	False	United States	1
2021-01-01	vaccine calculator	True	United Kingdom	1
2021-01-01	uk coronavirus	False	China	1
2021-01-01	ron johnson	True	United States	1
2021-01-01	adverse reactions to covid vaccine	False	United States	1
2021-01-01	carewell urgent care	True	United States	1
2021-01-01	university health system san antonio	True	United States	1
2021-01-01	wilson county health department lebanon tn	True	United States	1
2021-01-01	rtl info	True	Belgium	68
2021-01-01	covid ny	False	United States	1
2021-01-01	boris johnson	True	France	4
2021-01-01	ammo shortage	True	United States	1
2021-01-01	france covid	False	United Kingdom	1
2021-01-01	ellen degeneres covid	False	United States	1
2021-01-01	roper st francis	True	United States	1
2021-01-01	nsw coronavirus	False	Australia	2
2021-01-01	coronavirus australia	False	United Kingdom	1
2021-01-01	la provincia pavese	True	Italy	5
2021-01-01	which man city players have covid	False	United Kingdom	1
2021-01-01	seiss	True	United Kingdom	1
2021-01-01	robert koch institut fallzahlen	True	Germany	1
2021-01-01	spirit of tasmania	True	Australia	9
2021-01-01	coronavirus update ohio	False	United States	1
2021-01-01	conjonctivite	True	France	1
2021-01-01	alessandria news	True	Italy	1
2021-01-01	deudoscovid	False	Mexico	4
2021-01-01	covid numbers today	False	United States	1
2021-01-01	sfr mon compte	True	France	33
2021-01-01	advent health centra care	True	United States	1
2021-01-01	eli lilly coronavirus drug	False	United States	1
2021-01-01	maryland news	True	United States	1
2021-01-01	fred olsen cruises	True	United Kingdom	1
2021-01-01	bonne année 2021 humour covid	False	France	1
2021-01-01	university health system	True	United States	1
2021-01-01	level 5 restrictions	True	Ireland	2
2021-01-01	coronavirus melbourne	False	Australia	1
2021-01-01	corona virus in florida	False	United States	1
2021-01-01	coronavirus uk deaths today	False	United Kingdom	1
2021-01-01	screwfix	True	United Kingdom	51
2021-01-01	sweden coronavirus	False	Australia	1
2021-01-01	coronavirus update oregon	False	United States	1
2021-01-01	roy cooper	True	United States	1
2021-01-01	covid uk	False	Australia	4
2021-01-01	covid numbers by state	False	United States	1
2021-01-01	covid relief canada	False	Canada	1
2021-01-01	covid slovensko	False	Slovak Republic	5
2021-01-01	ontario covid cases	False	Canada	10
2021-01-01	where is the oxford vaccine made	True	United Kingdom	1
2021-01-01	worldometer coronavirus	False	Puerto Rico	1
2021-01-01	hawaii news now covid	False	United States	1
2021-01-01	free school meals	True	United Kingdom	1
2021-01-01	taffix nasal spray boots	True	United Kingdom	1
2021-01-01	dieppe	True	France	1
2021-01-01	wilson county health department	True	United States	1
2021-01-01	covid 19 update	False	Netherlands	2
2021-01-01	united states covid deaths	False	United States	1
2021-01-01	adph dashboard	True	United States	1
2021-01-01	bonne année 2021 covid	False	France	1
2021-01-01	la martesana	True	Italy	1
2021-01-01	maryland pua	True	United States	1
2021-01-01	sciensano	True	Belgium	18
2021-01-01	covid numbers	False	United States	1
2021-01-01	coronavirus jura	False	Switzerland	1
2021-01-01	scottish news	True	United Kingdom	3
2021-01-01	マスク	True	Japan	4
2021-01-01	worldometer coronavirus	False	Hungary	25
2021-01-01	sydney covid	False	Australia	2
2021-01-01	coronavirus update pa	False	United States	1
2021-01-01	can dogs get coronavirus	False	United States	1
2021-01-01	ftse 100	True	United Kingdom	3
2021-01-01	elf on the shelf ideas	True	United States	1
2021-01-01	travelling tabby scotland	True	United Kingdom	1
2021-01-01	how to register for covid vaccine	False	United States	1
2021-01-01	indiana coronavirus	False	United States	1
2021-01-01	alto adige	True	Italy	3
2021-01-01	deudos covid	False	Mexico	3
2021-01-01	adph	True	United States	1
2021-01-01	biopath	True	France	1
2021-01-01	united states covid	False	United States	1
2021-01-01	covid north dakota	False	United States	1
2021-01-01	rsv virus	True	United States	1
2021-01-01	butler county coronavirus	False	United States	1
2021-01-01	scottish government coronavirus update today	False	United Kingdom	1
2021-01-01	chappaqua coronavirus outbreak	False	United States	1
2021-01-01	uk deaths from coronavirus today	False	United Kingdom	1
2021-01-01	sydney covid case today	False	Australia	1
2021-01-01	coronavirus update texas	False	United States	1
2021-01-01	book coronavirus test	False	United Kingdom	1
2021-01-01	furlough	True	United Kingdom	1
2021-01-01	adhs data dashboard	True	United States	1
2021-01-01	elective surgery	True	United States	1
2021-01-01	maryland unemployment official site	True	United States	1
2021-01-01	covid gouv	False	France	1
2021-01-01	maryland vaccine	True	United States	1
2021-01-01	ontario covid cases today	False	Canada	6
2021-01-01	biogroup	True	France	1
2021-01-01	rt pcr test	True	United States	1
2021-01-01	covid nj	False	United States	1
2021-01-01	keldoc	True	France	1
2021-01-01	coronavirus uk latest	False	United Kingdom	1
2021-01-01	johns hopkins coronavirus map	False	Italy	1
2021-01-01	united kingdom covid	False	United States	1
2021-01-01	scottish government coronavirus update	False	United Kingdom	2
2021-01-01	cuidar permiso	True	Argentina	56
2021-01-01	sciensano coronavirus	False	Belgium	2
2021-01-01	coronavirus echtzeitkarte	False	Germany	1
2021-01-01	ireland coronavirus	False	Ireland	22
2021-01-01	furlough calculator	True	United Kingdom	1
2021-01-01	vakcinainfo gov hu	True	Hungary	100
2021-01-01	coronavirus cases in usa	False	United States	1
2021-01-01	how long does fatigue last after coronavirus	False	United States	1
2021-01-01	hawaii covid vaccination plan	False	United States	1
2021-01-01	abc coronavirus update	False	Australia	1
2021-01-01	wilmington health	True	United States	1
2021-01-01	symptoms of covid 19	False	Australia	1
2021-01-01	covid news today	False	United States	1
2021-01-01	covid19	False	Mexico	2
2021-01-01	covid test	False	Netherlands	2
2021-01-01	coronavirus update today	False	United States	1
2021-01-01	adams county health department quincy il	True	United States	1
2021-01-01	andamento coronavirus	False	Italy	1
2021-01-01	bing covid tracker	False	France	1
2021-01-01	arc mon dossier	True	Canada	13
2021-01-01	union county oiho coronavirus	False	United States	1
2021-01-01	covid news	False	United States	1
2021-01-01	brazil coronavirus update	False	United Kingdom	1
2021-01-01	furlough scheme	True	United Kingdom	1
2021-01-01	scottish government coronavirus	False	United Kingdom	1
2021-01-01	asthma uk	True	United Kingdom	1
2021-01-01	elderberry syrup	True	United States	1
2021-01-01	mask effective against coronavirus	False	United States	1
2021-01-01	bc covid update	False	Canada	3
2021-01-01	texte voeux 2021 covid	False	France	1
2021-01-01	rudy giuliani	True	United States	1
2021-01-01	rudy giuliani covid	False	United States	1
2021-01-01	air canada covid report	False	Canada	1
2021-01-01	tafe qld	True	Australia	3
2021-01-01	acip	True	United States	1
2021-01-01	coronavirus oberösterreich aktuell	False	Austria	1
2021-01-01	ontario covid news	False	Canada	1
2021-01-01	coronavirus québec	False	Canada	6
2021-01-01	union county nc coronavirus	False	United States	1
2021-01-01	covid new zealand	False	United States	1
2021-01-01	bilan covid monde	False	France	1
2021-01-01	mask patterns	True	United States	1
2021-01-01	gatwick airport	True	United Kingdom	1
2021-01-01	el paso strong	True	United States	1
2021-01-01	deces covid 19 monde	False	France	1
2021-01-01	hse	True	Ireland	40
2021-01-01	voeux 2021	True	France	85
2021-01-01	sciensano covid 19	False	Belgium	4
2021-01-01	coronavirus uk latest news	False	United Kingdom	1
2021-01-01	john hopkins coronavirus	False	Italy	1
2021-01-01	covid results	False	Canada	3
2021-01-01	coronavirus update today map	False	United States	1
2021-01-01	covid karte	False	Germany	1
2021-01-01	biontech pfizer	True	Germany	1
2021-01-01	scottish government	True	United Kingdom	1
2021-01-01	procicat	True	Spain	1
2021-01-01	covid new york	False	United States	1
2021-01-01	jacksonville fl covid 19 cases	False	United States	1
2021-01-01	oltás regisztráció	True	Hungary	11
2021-01-01	covid canada update	False	Canada	2
2021-01-01	hawaii covid cases	False	United States	1
2021-01-01	gcse	True	United Kingdom	1
2021-01-01	ansa campania	True	Italy	1
2021-01-01	coronavirus hoy	False	Spain	1
2021-01-01	coronavirus bbc	False	United Kingdom	1
2021-01-01	dashboard coronavirus	False	Netherlands	3
2021-01-01	covid méxico	False	Mexico	6
2021-01-01	masked singer season 4	True	United States	1
2021-01-01	abt stock	True	United States	1
2021-01-01	bilan covid france	False	France	1
2021-01-01	tas e travel	True	Australia	2
2021-01-01	superdrug	True	United Kingdom	17
2021-01-01	unemployment washington state	True	United States	2
2021-01-01	covid new year	False	United States	1
2021-01-01	bccdc	True	Canada	5
2021-01-01	scottish football	True	United Kingdom	1
2021-01-01	coronavirus update uk	False	United States	1
2021-01-01	williamson county	True	United States	1
2021-01-01	rudy gobert	True	United States	1
2021-01-01	california small business relief grant	True	United States	1
2021-01-01	germany coronavirus	False	United Kingdom	1
2021-01-01	abcmouse free	True	United States	1
2021-01-01	formulaire covid	False	France	1
2021-01-01	el paso news	True	United States	1
2021-01-01	what tier is bristol	True	United Kingdom	1
2021-01-01	indiana coronavirus cases	False	United States	1
2021-01-01	when will i get the vaccine for covid	False	United Kingdom	1
2021-01-01	bilan covid 19	False	France	1
2021-01-01	jhu covid	False	Italy	1
2021-01-01	ontario covid numbers	False	Canada	2
2021-01-01	caronavirus update	False	United States	1
2021-01-01	unemployment stimulus package	True	United States	1
2021-01-01	covid new variant	False	United States	1
2021-01-01	masks	True	United States	1
2021-01-01	scottish coronavirus update	False	United Kingdom	1
2021-01-01	sciensano per gemeente	True	Belgium	1
2021-01-01	coronavirus nrw	False	Germany	1
2021-01-01	tasmania border restrictions	True	Australia	3
2021-01-01	el paso county health department	True	United States	1
2021-01-01	germany coronavirus news	False	United Kingdom	1
2021-01-01	hpsc	True	Ireland	12
2021-01-01	coronavirus update usa	False	United States	1
2021-01-01	masks for coronavirus	False	United States	1
2021-01-01	masks made in usa	True	United States	1
2021-01-01	coronavirus uk map	False	United Kingdom	1
2021-01-01	coronavirus quiz	False	Canada	1
2021-01-01	koronavírus	False	Hungary	4
2021-01-01	rush limbaugh coronavirus statistics	False	United States	1
2021-01-01	ansa notizie	True	Italy	2
2021-01-01	abc13 houston	True	United States	1
2021-01-01	why is it called covid 19	False	United Kingdom	1
2021-01-01	covid new strain	False	United States	1
2021-01-01	unemployment oregon	True	United States	1
2021-01-01	bilan covid	False	France	1
2021-01-01	covid mexico	False	Mexico	8
2021-01-01	三重 県 コロナ ウイルス	False	Japan	1
2021-01-01	scotrail timetable	True	United Kingdom	1
2021-01-01	covid 19 usa cases	False	Canada	1
2021-01-01	germany coronavirus update	False	United Kingdom	1
2021-01-01	kanton luzern	True	Switzerland	1
2021-01-01	kurier	True	Austria	94
2021-01-01	www diagnosticum eu für patienten covid	False	Germany	1
2021-01-01	ggd	True	Netherlands	12
2021-01-01	tasmania border restrictions update	True	Australia	1
2021-01-01	coronavirus update vanderburgh	False	United States	1
2021-01-01	neuinfektionen in deutschland	True	Germany	2
2021-01-01	russia coronavirus	False	United States	1
2021-01-01	abc mouse free subscription	True	United States	1
2021-01-01	coronavirus update nsw	False	Australia	1
2021-01-01	ontario covid numbers today	False	Canada	2
2021-01-01	covid new jersey	False	United States	1
2021-01-01	jair bolsonaro coronavirus	False	United States	1
2021-01-01	bilan coronavirus monde	False	France	1
2021-01-01	unemployment ohio	True	United States	1
2021-01-01	coronavirus charente maritime	False	France	1
2021-01-01	covid hotline	False	Australia	3
2021-01-01	el paso county colorado	True	United States	1
2021-01-01	germany covid deaths	False	United Kingdom	1
2021-01-01	mass covid	False	United States	1
2021-01-01	spf finances	True	Belgium	5
2021-01-01	gov ie	True	Ireland	100
2021-01-01	sunexpress	True	Germany	1
2021-01-01	italo treno	True	Italy	3
2021-01-01	coronavirus iowa gov	False	United States	1
2021-01-01	covid 19 symptoms	False	Philippines	48
2021-01-01	scotrail	True	United Kingdom	1
2021-01-01	will walgreens have the covid vaccine	False	United States	1
2021-01-01	ansa sicilia	True	Italy	1
2021-01-01	covid 19	False	Hungary	45
2021-01-01	covid neurological	False	United States	1
2021-01-01	tasmania covid	False	Australia	2
2021-01-01	coronavirus update worldometer	False	United States	1
2021-01-01	unemployment nevada	True	United States	1
2021-01-01	el dorado county covid cases	False	United States	1
2021-01-01	rutherford county health department	True	United States	1
2021-01-01	bc covid 19 dashboard	False	Canada	1
2021-01-01	get a covid test	False	United Kingdom	1
2021-01-01	covid 19 que es	False	Mexico	2
2021-01-01	mass covid dashboard	False	United States	1
2021-01-01	hawaii covid	False	United States	1
2021-01-01	coronavirus uk numbers	False	United Kingdom	1
2021-01-01	robert koch institut dashboard	True	Germany	1
2021-01-01	corsica linea	True	France	3
2021-01-01	abby huntsman	True	United States	1
2021-01-01	bilan coronavirus france	False	France	3
2021-01-01	cheshire west and chester	True	United Kingdom	1
2021-01-01	ontario covid restrictions	False	Canada	1
2021-01-01	scotland lockdown	True	United Kingdom	1
2021-01-01	covid near me	False	United States	1
2021-01-01	unemployment nc	True	United States	1
2021-01-01	top news local	True	Australia	1
2021-01-01	coronavirus in nc	False	United States	1
2021-01-01	tier 2 rules	True	United Kingdom	1
2021-01-01	coronavirus updates	False	United States	3
2021-01-01	dhhs coronavirus update	False	Australia	62
2021-01-01	glandular fever	True	United Kingdom	1
2021-01-01	sudinfo	True	Belgium	49
2021-01-01	dortmund coronavirus	False	Germany	1
2021-01-01	rwcf covid 19 emergency relief fund	False	United States	1
2021-01-01	ggd drenthe	True	Netherlands	1
2021-01-01	budesonide nebulizer covid	False	United States	1
2021-01-01	covid results online	False	Canada	2
2021-01-01	91 divoc	True	United States	1
2021-01-01	bilan coronavirus en france	False	France	1
2021-01-01	arkansas covid	False	United States	1
2021-01-01	ansa ultima ora	True	Italy	5
2021-01-01	sfr tv	True	France	20
2021-01-01	covid nc	False	United States	1
2021-01-01	kassel coronavirus	False	Germany	1
2021-01-01	italia coronavirus	False	Italy	1
2021-01-01	unemployment mn	True	United States	1
2021-01-01	el dorado county coronavirus	False	United States	1
2021-01-01	scotland covid update	False	United Kingdom	1
2021-01-01	covid france bilan	False	France	1
2021-01-01	glasgow airport	True	United Kingdom	1
2021-01-01	covid	False	Hungary	7
2021-01-01	lockdown nrw	True	Germany	2
2021-01-01	best face masks	True	United States	1
2021-01-01	will walgreens have covid vaccine	False	United States	1
2021-01-01	indiana coronavirus map	False	United States	1
2021-01-01	mass gov covid	False	United States	1
2021-01-01	uk coronavirus	False	Australia	1
2021-01-01	coronavirus updates bay area	False	United States	1
2021-01-01	ontario covid results	False	Canada	3
2021-01-01	tier 4 restrictions scotland	True	United Kingdom	1
2021-01-01	unemployment maryland	True	United States	1
2021-01-01	covid mutation	False	United States	1
2021-01-01	hawaii coronavirus update	False	United States	1
2021-01-01	ryan fitzpatrick coronav	False	United States	1
2021-01-01	sudpresse	True	Belgium	23
2021-01-01	el dorado county	True	United States	1
2021-01-01	600 unemployment extension	True	United States	1
2021-01-01	coronavirus statistics in mississippi	False	United States	1
2021-01-01	glasgow university	True	United Kingdom	1
2021-01-01	koronawirus w polsce	True	Poland	86
2021-01-01	coronavirus tennessee update	False	United States	1
2021-01-01	bilan coronavirus	False	France	2
2021-01-01	asda opening times today	True	United Kingdom	6
2021-01-01	covid 19 mexico	False	Mexico	1
2021-01-01	coronavirus uk schools	False	United Kingdom	1
2021-01-01	corona virus map	False	United States	1
2021-01-01	scotland covid	False	United Kingdom	1
2021-01-01	covid testing near me	False	Ireland	7
2021-01-01	ansa veneto	True	Italy	1
2021-01-01	coronavirus numbers	False	United States	1
2021-01-01	covid mortality rate	False	United States	1
2021-01-01	coronavirus relief check	False	United States	1
2021-01-01	uk coronavirus update	False	Australia	4
2021-01-01	unemployment ma	True	United States	1
2021-01-01	mass gov covid 19	False	United States	1
2021-01-01	coronavirus updates california	False	United States	1
2021-01-01	how much zinc to take daily	True	United States	1
2021-01-01	global coronavirus cases	False	United Kingdom	1
2021-01-01	3m n95 mask	True	United States	1
2021-01-01	coronavirus cases in us	False	United States	1
2021-01-01	covid19 en direct	False	France	1
2021-01-01	covid 19 newfoundland	False	Canada	1
2021-01-01	bachelot roselyne	True	France	1
2021-01-01	coronavirus brazil	False	United Kingdom	1
2021-01-01	ryan fitzpatrick coronavi	False	United States	1
2021-01-01	cgtn	True	United States	1
2021-01-01	incubatietijd coronavirus	False	Netherlands	2
2021-01-01	ontario covid test results	False	Canada	3
2021-01-01	covid safety plan	False	Australia	1
2021-01-01	covid montgomery county md	False	United States	1
2021-01-01	unemployment login	True	United States	3
2021-01-01	scotland coronavirus update	False	United Kingdom	2
2021-01-01	massachusetts coronavirus	False	United States	1
2021-01-01	covid symptoms	False	Ireland	12
2021-01-01	istituto superiore di sanità	True	Italy	1
2021-01-01	massachusetts coronavirus update	False	United States	1
2021-01-01	gloucestershire live	True	United Kingdom	3
2021-01-01	swde be espace client	True	Belgium	3
2021-01-01	urad verejneho zdravotnictva	True	Slovak Republic	42
2021-01-01	el camino hospital	True	United States	1
2021-01-01	coronavirus quebec	False	Canada	5
2021-01-01	coronavirus	False	Hungary	1
2021-01-01	will va get covid vaccine	False	United States	1
2021-01-01	uk covid	False	Australia	1
2021-01-01	2nd stimulus package 2020	True	United States	1
2021-01-01	jamaica travel restrictions	True	United States	1
2021-01-01	anticorpi monoclonali	True	Italy	1
2021-01-01	bac 2021 covid 19	False	France	1
2021-01-01	covid monoclonal antibody drug	False	United States	1
2021-01-01	ryan fitzpatrick coronavir	False	United States	1
2021-01-01	coronavirus updates map	False	United States	1
2021-01-01	unemployment indiana	True	United States	1
2021-01-01	massachusetts covid dashboard	False	United States	1
2021-01-01	scotland coronavirus	False	United Kingdom	1
2021-01-01	jamcovd19	True	United States	1
2021-01-01	godiva mortgages	True	United Kingdom	1
2021-01-01	covid 19	False	Mexico	11
2021-01-01	france coronavirus	False	France	1
2021-01-01	cases of coronavirus by state	False	United States	1
2021-01-01	eidl loan	True	United States	1
2021-01-01	test salivaire covid 19	False	France	1
2021-01-01	justificatif de déplacement professionnel	True	France	2
2021-01-01	coronavirus texas	False	United States	1
2021-01-01	2nd stimulus check update	True	United States	2
2021-01-01	worldometer covid	False	United Kingdom	1
2021-01-01	ontario covid today	False	Canada	1
2021-01-01	qld border pass	True	Australia	39
2021-01-01	covid mn	False	United States	1
2021-01-01	unemployment illinois	True	United States	1
